--------------------------------------------------------------------------------
Release 14.7 Trace  (lin64)
Copyright (c) 1995-2013 Xilinx, Inc.  All rights reserved.

/nfs/sw_cmc/x86_64.EL7/tools/xilinx_14.7/14.7/ISE_DS/ISE/bin/lin64/unwrapped/trce
-intstyle ise -o system_stub.twr -v 30 -l 30 system_stub_routed.ncd
system_stub.pcf

Design file:              system_stub_routed.ncd
Physical constraint file: system_stub.pcf
Device,package,speed:     xc7z020,clg484,C,-1 (PRODUCTION 1.08 2013-10-13)
Report level:             verbose report, limited to 30 items per constraint

Environment Variable      Effect 
--------------------      ------ 
NONE                      No environment variables were set
--------------------------------------------------------------------------------

INFO:Timing:3386 - Intersecting Constraints found and resolved.  For more 
   information, see the TSI report.  Please consult the Xilinx Command Line 
   Tools User Guide for information on generating a TSI report.
INFO:Timing:3412 - To improve timing, see the Timing Closure User Guide (UG612).
INFO:Timing:2752 - To get complete path coverage, use the unconstrained paths 
   option. All paths that are not constrained will be reported in the 
   unconstrained paths section(s) of the report.
INFO:Timing:3339 - The clock-to-out numbers in this timing report are based on 
   a 50 Ohm transmission line loading model.  For the details of this model, 
   and for more information on accounting for different loading conditions, 
   please see the device datasheet.

================================================================================
Timing constraint: TS_clk_fpga_0 = PERIOD TIMEGRP "clk_fpga_0" 50 MHz HIGH 50%;
For more information, see Period Analysis in the Timing Closure User Guide (UG612).

 2081 paths analyzed, 637 endpoints analyzed, 0 failing endpoints
 0 timing errors detected. (0 setup errors, 0 hold errors, 0 component switching limit errors)
 Minimum period is  10.742ns.
--------------------------------------------------------------------------------
Slack:                  9.258ns (requirement - (data path - clock path skew + uncertainty))
  Source:               system_i/axi_interconnect_1/axi_interconnect_1/crossbar_samd/gen_sasd.crossbar_sasd_0/gen_crossbar.addr_arbiter_inst/grant_rnw (FF)
  Destination:          system_i/axi_interconnect_1/axi_interconnect_1/crossbar_samd/gen_sasd.crossbar_sasd_0/gen_crossbar.addr_arbiter_inst/m_valid_i_1 (FF)
  Requirement:          20.000ns
  Data Path Delay:      10.336ns (Levels of Logic = 4)
  Clock Path Skew:      -0.371ns (1.322 - 1.693)
  Source Clock:         system_i/processing_system7_0_FCLK_CLK0 rising at 0.000ns
  Destination Clock:    system_i/processing_system7_0_FCLK_CLK0 rising at 20.000ns
  Clock Uncertainty:    0.035ns

  Clock Uncertainty:          0.035ns  ((TSJ^2 + TIJ^2)^1/2 + DJ) / 2 + PE
    Total System Jitter (TSJ):  0.070ns
    Total Input Jitter (TIJ):   0.000ns
    Discrete Jitter (DJ):       0.000ns
    Phase Error (PE):           0.000ns

  Maximum Data Path at Slow Process Corner: system_i/axi_interconnect_1/axi_interconnect_1/crossbar_samd/gen_sasd.crossbar_sasd_0/gen_crossbar.addr_arbiter_inst/grant_rnw to system_i/axi_interconnect_1/axi_interconnect_1/crossbar_samd/gen_sasd.crossbar_sasd_0/gen_crossbar.addr_arbiter_inst/m_valid_i_1
    Location             Delay type         Delay(ns)  Physical Resource
                                                       Logical Resource(s)
    -------------------------------------------------  -------------------
    SLICE_X36Y100.AQ     Tcko                  0.518   system_i/axi_interconnect_1/axi_interconnect_1/crossbar_samd/gen_sasd.crossbar_sasd_0/gen_crossbar.addr_arbiter_inst/grant_rnw
                                                       system_i/axi_interconnect_1/axi_interconnect_1/crossbar_samd/gen_sasd.crossbar_sasd_0/gen_crossbar.addr_arbiter_inst/grant_rnw
    SLICE_X17Y43.A5      net (fanout=36)       3.749   system_i/axi_interconnect_1/axi_interconnect_1/crossbar_samd/gen_sasd.crossbar_sasd_0/gen_crossbar.addr_arbiter_inst/grant_rnw
    SLICE_X17Y43.A       Tilo                  0.124   system_i/axi_interconnect_1/axi_interconnect_1/cb_mf_bready[1]
                                                       system_i/axi_interconnect_1/axi_interconnect_1/crossbar_samd/gen_sasd.crossbar_sasd_0/gen_crossbar.mi_arready_mux_inst/O_SW0
    SLICE_X56Y82.B4      net (fanout=2)        2.783   system_i/axi_interconnect_1/N18
    SLICE_X56Y82.B       Tilo                  0.124   system_i/axi_interconnect_1/N39
                                                       system_i/axi_interconnect_1/axi_interconnect_1/crossbar_samd/gen_sasd.crossbar_sasd_0/gen_crossbar.splitter_ar/out1_SW0
    SLICE_X57Y82.D3      net (fanout=2)        0.723   system_i/axi_interconnect_1/N39
    SLICE_X57Y82.D       Tilo                  0.124   system_i/axi_interconnect_1/N58
                                                       system_i/axi_interconnect_1/axi_interconnect_1/crossbar_samd/gen_sasd.crossbar_sasd_0/gen_crossbar.addr_arbiter_inst/m_valid_i_glue_set_SW1
    SLICE_X39Y81.D4      net (fanout=1)        1.190   system_i/axi_interconnect_1/N58
    SLICE_X39Y81.D       Tilo                  0.124   system_i/axi_interconnect_1/axi_interconnect_1/crossbar_samd/gen_sasd.crossbar_sasd_0/gen_crossbar.addr_arbiter_inst/m_valid_i
                                                       system_i/axi_interconnect_1/axi_interconnect_1/crossbar_samd/gen_sasd.crossbar_sasd_0/gen_crossbar.addr_arbiter_inst/m_valid_i_glue_set
    SLICE_X48Y75.DX      net (fanout=1)        0.837   system_i/axi_interconnect_1/axi_interconnect_1/crossbar_samd/gen_sasd.crossbar_sasd_0/gen_crossbar.addr_arbiter_inst/m_valid_i_glue_set
    SLICE_X48Y75.CLK     Tdick                 0.040   system_i/axi_interconnect_1/axi_interconnect_1/crossbar_samd/gen_sasd.crossbar_sasd_0/gen_crossbar.addr_arbiter_inst/m_valid_i_1
                                                       system_i/axi_interconnect_1/axi_interconnect_1/crossbar_samd/gen_sasd.crossbar_sasd_0/gen_crossbar.addr_arbiter_inst/m_valid_i_1
    -------------------------------------------------  ---------------------------
    Total                                     10.336ns (1.054ns logic, 9.282ns route)
                                                       (10.2% logic, 89.8% route)

--------------------------------------------------------------------------------
Slack:                  9.647ns (requirement - (data path - clock path skew + uncertainty))
  Source:               system_i/axi_gpio_for_input/axi_gpio_for_input/AXI_LITE_IPIF_I/I_SLAVE_ATTACHMENT/INCLUDE_DPHASE_TIMER.dpto_cnt_3 (FF)
  Destination:          system_i/axi_interconnect_1/axi_interconnect_1/crossbar_samd/gen_sasd.crossbar_sasd_0/gen_crossbar.addr_arbiter_inst/m_valid_i_1 (FF)
  Requirement:          20.000ns
  Data Path Delay:      10.039ns (Levels of Logic = 6)
  Clock Path Skew:      -0.279ns (1.459 - 1.738)
  Source Clock:         system_i/processing_system7_0_FCLK_CLK0 rising at 0.000ns
  Destination Clock:    system_i/processing_system7_0_FCLK_CLK0 rising at 20.000ns
  Clock Uncertainty:    0.035ns

  Clock Uncertainty:          0.035ns  ((TSJ^2 + TIJ^2)^1/2 + DJ) / 2 + PE
    Total System Jitter (TSJ):  0.070ns
    Total Input Jitter (TIJ):   0.000ns
    Discrete Jitter (DJ):       0.000ns
    Phase Error (PE):           0.000ns

  Maximum Data Path at Slow Process Corner: system_i/axi_gpio_for_input/axi_gpio_for_input/AXI_LITE_IPIF_I/I_SLAVE_ATTACHMENT/INCLUDE_DPHASE_TIMER.dpto_cnt_3 to system_i/axi_interconnect_1/axi_interconnect_1/crossbar_samd/gen_sasd.crossbar_sasd_0/gen_crossbar.addr_arbiter_inst/m_valid_i_1
    Location             Delay type         Delay(ns)  Physical Resource
                                                       Logical Resource(s)
    -------------------------------------------------  -------------------
    SLICE_X15Y26.CQ      Tcko                  0.456   system_i/axi_gpio_for_input/axi_gpio_for_input/AXI_LITE_IPIF_I/I_SLAVE_ATTACHMENT/INCLUDE_DPHASE_TIMER.dpto_cnt[3]
                                                       system_i/axi_gpio_for_input/axi_gpio_for_input/AXI_LITE_IPIF_I/I_SLAVE_ATTACHMENT/INCLUDE_DPHASE_TIMER.dpto_cnt_3
    SLICE_X14Y39.D2      net (fanout=7)        1.235   system_i/axi_gpio_for_input/axi_gpio_for_input/AXI_LITE_IPIF_I/I_SLAVE_ATTACHMENT/INCLUDE_DPHASE_TIMER.dpto_cnt[3]
    SLICE_X14Y39.D       Tilo                  0.124   system_i/axi_gpio_for_input/axi_gpio_for_input/ip2bus_wrack_i_D1
                                                       system_i/axi_gpio_for_input/axi_gpio_for_input/AXI_LITE_IPIF_I/I_SLAVE_ATTACHMENT/rd_done1
    SLICE_X17Y43.B1      net (fanout=2)        1.126   system_i/axi_interconnect_1_M_ARREADY[1]
    SLICE_X17Y43.BMUX    Tilo                  0.360   system_i/axi_interconnect_1/axi_interconnect_1/cb_mf_bready[1]
                                                       system_i/axi_interconnect_1/axi_interconnect_1/crossbar_samd/gen_sasd.crossbar_sasd_0/mi_arvalid<1>1_SW0
    SLICE_X17Y43.A1      net (fanout=1)        0.669   system_i/axi_interconnect_1/N43
    SLICE_X17Y43.A       Tilo                  0.124   system_i/axi_interconnect_1/axi_interconnect_1/cb_mf_bready[1]
                                                       system_i/axi_interconnect_1/axi_interconnect_1/crossbar_samd/gen_sasd.crossbar_sasd_0/gen_crossbar.mi_arready_mux_inst/O_SW0
    SLICE_X56Y82.B4      net (fanout=2)        2.783   system_i/axi_interconnect_1/N18
    SLICE_X56Y82.B       Tilo                  0.124   system_i/axi_interconnect_1/N39
                                                       system_i/axi_interconnect_1/axi_interconnect_1/crossbar_samd/gen_sasd.crossbar_sasd_0/gen_crossbar.splitter_ar/out1_SW0
    SLICE_X57Y82.D3      net (fanout=2)        0.723   system_i/axi_interconnect_1/N39
    SLICE_X57Y82.D       Tilo                  0.124   system_i/axi_interconnect_1/N58
                                                       system_i/axi_interconnect_1/axi_interconnect_1/crossbar_samd/gen_sasd.crossbar_sasd_0/gen_crossbar.addr_arbiter_inst/m_valid_i_glue_set_SW1
    SLICE_X39Y81.D4      net (fanout=1)        1.190   system_i/axi_interconnect_1/N58
    SLICE_X39Y81.D       Tilo                  0.124   system_i/axi_interconnect_1/axi_interconnect_1/crossbar_samd/gen_sasd.crossbar_sasd_0/gen_crossbar.addr_arbiter_inst/m_valid_i
                                                       system_i/axi_interconnect_1/axi_interconnect_1/crossbar_samd/gen_sasd.crossbar_sasd_0/gen_crossbar.addr_arbiter_inst/m_valid_i_glue_set
    SLICE_X48Y75.DX      net (fanout=1)        0.837   system_i/axi_interconnect_1/axi_interconnect_1/crossbar_samd/gen_sasd.crossbar_sasd_0/gen_crossbar.addr_arbiter_inst/m_valid_i_glue_set
    SLICE_X48Y75.CLK     Tdick                 0.040   system_i/axi_interconnect_1/axi_interconnect_1/crossbar_samd/gen_sasd.crossbar_sasd_0/gen_crossbar.addr_arbiter_inst/m_valid_i_1
                                                       system_i/axi_interconnect_1/axi_interconnect_1/crossbar_samd/gen_sasd.crossbar_sasd_0/gen_crossbar.addr_arbiter_inst/m_valid_i_1
    -------------------------------------------------  ---------------------------
    Total                                     10.039ns (1.476ns logic, 8.563ns route)
                                                       (14.7% logic, 85.3% route)

--------------------------------------------------------------------------------
Slack:                  9.741ns (requirement - (data path - clock path skew + uncertainty))
  Source:               system_i/axi_interconnect_1/axi_interconnect_1/crossbar_samd/gen_sasd.crossbar_sasd_0/m_atarget_hot_1 (FF)
  Destination:          system_i/axi_interconnect_1/axi_interconnect_1/crossbar_samd/gen_sasd.crossbar_sasd_0/gen_crossbar.addr_arbiter_inst/m_valid_i_1 (FF)
  Requirement:          20.000ns
  Data Path Delay:      9.809ns (Levels of Logic = 4)
  Clock Path Skew:      -0.415ns (1.322 - 1.737)
  Source Clock:         system_i/processing_system7_0_FCLK_CLK0 rising at 0.000ns
  Destination Clock:    system_i/processing_system7_0_FCLK_CLK0 rising at 20.000ns
  Clock Uncertainty:    0.035ns

  Clock Uncertainty:          0.035ns  ((TSJ^2 + TIJ^2)^1/2 + DJ) / 2 + PE
    Total System Jitter (TSJ):  0.070ns
    Total Input Jitter (TIJ):   0.000ns
    Discrete Jitter (DJ):       0.000ns
    Phase Error (PE):           0.000ns

  Maximum Data Path at Slow Process Corner: system_i/axi_interconnect_1/axi_interconnect_1/crossbar_samd/gen_sasd.crossbar_sasd_0/m_atarget_hot_1 to system_i/axi_interconnect_1/axi_interconnect_1/crossbar_samd/gen_sasd.crossbar_sasd_0/gen_crossbar.addr_arbiter_inst/m_valid_i_1
    Location             Delay type         Delay(ns)  Physical Resource
                                                       Logical Resource(s)
    -------------------------------------------------  -------------------
    SLICE_X29Y110.BQ     Tcko                  0.456   system_i/axi_interconnect_1/axi_interconnect_1/crossbar_samd/gen_sasd.crossbar_sasd_0/m_atarget_hot[2]
                                                       system_i/axi_interconnect_1/axi_interconnect_1/crossbar_samd/gen_sasd.crossbar_sasd_0/m_atarget_hot_1
    SLICE_X17Y43.A2      net (fanout=11)       3.284   system_i/axi_interconnect_1/axi_interconnect_1/crossbar_samd/gen_sasd.crossbar_sasd_0/m_atarget_hot[1]
    SLICE_X17Y43.A       Tilo                  0.124   system_i/axi_interconnect_1/axi_interconnect_1/cb_mf_bready[1]
                                                       system_i/axi_interconnect_1/axi_interconnect_1/crossbar_samd/gen_sasd.crossbar_sasd_0/gen_crossbar.mi_arready_mux_inst/O_SW0
    SLICE_X56Y82.B4      net (fanout=2)        2.783   system_i/axi_interconnect_1/N18
    SLICE_X56Y82.B       Tilo                  0.124   system_i/axi_interconnect_1/N39
                                                       system_i/axi_interconnect_1/axi_interconnect_1/crossbar_samd/gen_sasd.crossbar_sasd_0/gen_crossbar.splitter_ar/out1_SW0
    SLICE_X57Y82.D3      net (fanout=2)        0.723   system_i/axi_interconnect_1/N39
    SLICE_X57Y82.D       Tilo                  0.124   system_i/axi_interconnect_1/N58
                                                       system_i/axi_interconnect_1/axi_interconnect_1/crossbar_samd/gen_sasd.crossbar_sasd_0/gen_crossbar.addr_arbiter_inst/m_valid_i_glue_set_SW1
    SLICE_X39Y81.D4      net (fanout=1)        1.190   system_i/axi_interconnect_1/N58
    SLICE_X39Y81.D       Tilo                  0.124   system_i/axi_interconnect_1/axi_interconnect_1/crossbar_samd/gen_sasd.crossbar_sasd_0/gen_crossbar.addr_arbiter_inst/m_valid_i
                                                       system_i/axi_interconnect_1/axi_interconnect_1/crossbar_samd/gen_sasd.crossbar_sasd_0/gen_crossbar.addr_arbiter_inst/m_valid_i_glue_set
    SLICE_X48Y75.DX      net (fanout=1)        0.837   system_i/axi_interconnect_1/axi_interconnect_1/crossbar_samd/gen_sasd.crossbar_sasd_0/gen_crossbar.addr_arbiter_inst/m_valid_i_glue_set
    SLICE_X48Y75.CLK     Tdick                 0.040   system_i/axi_interconnect_1/axi_interconnect_1/crossbar_samd/gen_sasd.crossbar_sasd_0/gen_crossbar.addr_arbiter_inst/m_valid_i_1
                                                       system_i/axi_interconnect_1/axi_interconnect_1/crossbar_samd/gen_sasd.crossbar_sasd_0/gen_crossbar.addr_arbiter_inst/m_valid_i_1
    -------------------------------------------------  ---------------------------
    Total                                      9.809ns (0.992ns logic, 8.817ns route)
                                                       (10.1% logic, 89.9% route)

--------------------------------------------------------------------------------
Slack:                  9.918ns (requirement - (data path - clock path skew + uncertainty))
  Source:               system_i/axi_interconnect_1/axi_interconnect_1/crossbar_samd/gen_sasd.crossbar_sasd_0/m_atarget_hot_1 (FF)
  Destination:          system_i/axi_interconnect_1/axi_interconnect_1/crossbar_samd/gen_sasd.crossbar_sasd_0/gen_crossbar.addr_arbiter_inst/m_valid_i_1 (FF)
  Requirement:          20.000ns
  Data Path Delay:      9.632ns (Levels of Logic = 4)
  Clock Path Skew:      -0.415ns (1.322 - 1.737)
  Source Clock:         system_i/processing_system7_0_FCLK_CLK0 rising at 0.000ns
  Destination Clock:    system_i/processing_system7_0_FCLK_CLK0 rising at 20.000ns
  Clock Uncertainty:    0.035ns

  Clock Uncertainty:          0.035ns  ((TSJ^2 + TIJ^2)^1/2 + DJ) / 2 + PE
    Total System Jitter (TSJ):  0.070ns
    Total Input Jitter (TIJ):   0.000ns
    Discrete Jitter (DJ):       0.000ns
    Phase Error (PE):           0.000ns

  Maximum Data Path at Slow Process Corner: system_i/axi_interconnect_1/axi_interconnect_1/crossbar_samd/gen_sasd.crossbar_sasd_0/m_atarget_hot_1 to system_i/axi_interconnect_1/axi_interconnect_1/crossbar_samd/gen_sasd.crossbar_sasd_0/gen_crossbar.addr_arbiter_inst/m_valid_i_1
    Location             Delay type         Delay(ns)  Physical Resource
                                                       Logical Resource(s)
    -------------------------------------------------  -------------------
    SLICE_X29Y110.BQ     Tcko                  0.456   system_i/axi_interconnect_1/axi_interconnect_1/crossbar_samd/gen_sasd.crossbar_sasd_0/m_atarget_hot[2]
                                                       system_i/axi_interconnect_1/axi_interconnect_1/crossbar_samd/gen_sasd.crossbar_sasd_0/m_atarget_hot_1
    SLICE_X48Y67.A5      net (fanout=11)       2.663   system_i/axi_interconnect_1/axi_interconnect_1/crossbar_samd/gen_sasd.crossbar_sasd_0/m_atarget_hot[1]
    SLICE_X48Y67.A       Tilo                  0.124   system_i/axi_interconnect_1/axi_interconnect_1/cb_mf_awvalid[1]
                                                       system_i/axi_interconnect_1/axi_interconnect_1/crossbar_samd/gen_sasd.crossbar_sasd_0/mi_awvalid<1>1
    SLICE_X16Y43.B2      net (fanout=2)        2.141   system_i/axi_interconnect_1/axi_interconnect_1/cb_mf_awvalid[1]
    SLICE_X16Y43.B       Tilo                  0.124   system_i/axi_interconnect_1/N24
                                                       system_i/axi_interconnect_1/axi_interconnect_1/crossbar_samd/gen_sasd.crossbar_sasd_0/gen_crossbar.mi_awready_mux_inst/O_SW0
    SLICE_X39Y81.C6      net (fanout=1)        2.093   system_i/axi_interconnect_1/N16
    SLICE_X39Y81.C       Tilo                  0.124   system_i/axi_interconnect_1/axi_interconnect_1/crossbar_samd/gen_sasd.crossbar_sasd_0/gen_crossbar.addr_arbiter_inst/m_valid_i
                                                       system_i/axi_interconnect_1/axi_interconnect_1/crossbar_samd/gen_sasd.crossbar_sasd_0/gen_crossbar.mi_awready_mux_inst/O
    SLICE_X39Y81.D1      net (fanout=5)        0.906   system_i/axi_interconnect_1/axi_interconnect_1/crossbar_samd/gen_sasd.crossbar_sasd_0/mi_awready_mux
    SLICE_X39Y81.D       Tilo                  0.124   system_i/axi_interconnect_1/axi_interconnect_1/crossbar_samd/gen_sasd.crossbar_sasd_0/gen_crossbar.addr_arbiter_inst/m_valid_i
                                                       system_i/axi_interconnect_1/axi_interconnect_1/crossbar_samd/gen_sasd.crossbar_sasd_0/gen_crossbar.addr_arbiter_inst/m_valid_i_glue_set
    SLICE_X48Y75.DX      net (fanout=1)        0.837   system_i/axi_interconnect_1/axi_interconnect_1/crossbar_samd/gen_sasd.crossbar_sasd_0/gen_crossbar.addr_arbiter_inst/m_valid_i_glue_set
    SLICE_X48Y75.CLK     Tdick                 0.040   system_i/axi_interconnect_1/axi_interconnect_1/crossbar_samd/gen_sasd.crossbar_sasd_0/gen_crossbar.addr_arbiter_inst/m_valid_i_1
                                                       system_i/axi_interconnect_1/axi_interconnect_1/crossbar_samd/gen_sasd.crossbar_sasd_0/gen_crossbar.addr_arbiter_inst/m_valid_i_1
    -------------------------------------------------  ---------------------------
    Total                                      9.632ns (0.992ns logic, 8.640ns route)
                                                       (10.3% logic, 89.7% route)

--------------------------------------------------------------------------------
Slack:                  10.097ns (requirement - (data path - clock path skew + uncertainty))
  Source:               system_i/axi_interconnect_1/axi_interconnect_1/crossbar_samd/gen_sasd.crossbar_sasd_0/gen_crossbar.addr_arbiter_inst/grant_rnw (FF)
  Destination:          system_i/axi_interconnect_1/axi_interconnect_1/crossbar_samd/gen_sasd.crossbar_sasd_0/gen_crossbar.addr_arbiter_inst/m_grant_hot_i_0 (FF)
  Requirement:          20.000ns
  Data Path Delay:      9.508ns (Levels of Logic = 4)
  Clock Path Skew:      -0.360ns (1.333 - 1.693)
  Source Clock:         system_i/processing_system7_0_FCLK_CLK0 rising at 0.000ns
  Destination Clock:    system_i/processing_system7_0_FCLK_CLK0 rising at 20.000ns
  Clock Uncertainty:    0.035ns

  Clock Uncertainty:          0.035ns  ((TSJ^2 + TIJ^2)^1/2 + DJ) / 2 + PE
    Total System Jitter (TSJ):  0.070ns
    Total Input Jitter (TIJ):   0.000ns
    Discrete Jitter (DJ):       0.000ns
    Phase Error (PE):           0.000ns

  Maximum Data Path at Slow Process Corner: system_i/axi_interconnect_1/axi_interconnect_1/crossbar_samd/gen_sasd.crossbar_sasd_0/gen_crossbar.addr_arbiter_inst/grant_rnw to system_i/axi_interconnect_1/axi_interconnect_1/crossbar_samd/gen_sasd.crossbar_sasd_0/gen_crossbar.addr_arbiter_inst/m_grant_hot_i_0
    Location             Delay type         Delay(ns)  Physical Resource
                                                       Logical Resource(s)
    -------------------------------------------------  -------------------
    SLICE_X36Y100.AQ     Tcko                  0.518   system_i/axi_interconnect_1/axi_interconnect_1/crossbar_samd/gen_sasd.crossbar_sasd_0/gen_crossbar.addr_arbiter_inst/grant_rnw
                                                       system_i/axi_interconnect_1/axi_interconnect_1/crossbar_samd/gen_sasd.crossbar_sasd_0/gen_crossbar.addr_arbiter_inst/grant_rnw
    SLICE_X17Y43.A5      net (fanout=36)       3.749   system_i/axi_interconnect_1/axi_interconnect_1/crossbar_samd/gen_sasd.crossbar_sasd_0/gen_crossbar.addr_arbiter_inst/grant_rnw
    SLICE_X17Y43.A       Tilo                  0.124   system_i/axi_interconnect_1/axi_interconnect_1/cb_mf_bready[1]
                                                       system_i/axi_interconnect_1/axi_interconnect_1/crossbar_samd/gen_sasd.crossbar_sasd_0/gen_crossbar.mi_arready_mux_inst/O_SW0
    SLICE_X56Y82.B4      net (fanout=2)        2.783   system_i/axi_interconnect_1/N18
    SLICE_X56Y82.B       Tilo                  0.124   system_i/axi_interconnect_1/N39
                                                       system_i/axi_interconnect_1/axi_interconnect_1/crossbar_samd/gen_sasd.crossbar_sasd_0/gen_crossbar.splitter_ar/out1_SW0
    SLICE_X56Y83.A2      net (fanout=2)        0.798   system_i/axi_interconnect_1/N39
    SLICE_X56Y83.A       Tilo                  0.124   system_i/axi_interconnect_1/axi_interconnect_1/crossbar_samd/gen_sasd.crossbar_sasd_0/gen_crossbar.splitter_ar/m_ready_d[1]
                                                       system_i/axi_interconnect_1/axi_interconnect_1/crossbar_samd/gen_sasd.crossbar_sasd_0/gen_crossbar.splitter_ar/out1
    SLICE_X39Y82.C4      net (fanout=3)        1.195   system_i/axi_interconnect_1/axi_interconnect_1/crossbar_samd/gen_sasd.crossbar_sasd_0/aa_arready
    SLICE_X39Y82.CLK     Tas                   0.093   system_i/axi_interconnect_1/axi_interconnect_1/crossbar_samd/gen_sasd.crossbar_sasd_0/gen_crossbar.addr_arbiter_inst/m_grant_hot_i_0
                                                       system_i/axi_interconnect_1/axi_interconnect_1/crossbar_samd/gen_sasd.crossbar_sasd_0/gen_crossbar.addr_arbiter_inst/m_grant_hot_i_0_glue_set
                                                       system_i/axi_interconnect_1/axi_interconnect_1/crossbar_samd/gen_sasd.crossbar_sasd_0/gen_crossbar.addr_arbiter_inst/m_grant_hot_i_0
    -------------------------------------------------  ---------------------------
    Total                                      9.508ns (0.983ns logic, 8.525ns route)
                                                       (10.3% logic, 89.7% route)

--------------------------------------------------------------------------------
Slack:                  10.176ns (requirement - (data path - clock path skew + uncertainty))
  Source:               system_i/axi_interconnect_1/axi_interconnect_1/crossbar_samd/gen_sasd.crossbar_sasd_0/gen_crossbar.addr_arbiter_inst/grant_rnw (FF)
  Destination:          system_i/axi_interconnect_1/axi_interconnect_1/crossbar_samd/gen_sasd.crossbar_sasd_0/gen_crossbar.addr_arbiter_inst/m_valid_i (FF)
  Requirement:          20.000ns
  Data Path Delay:      9.427ns (Levels of Logic = 4)
  Clock Path Skew:      -0.362ns (1.331 - 1.693)
  Source Clock:         system_i/processing_system7_0_FCLK_CLK0 rising at 0.000ns
  Destination Clock:    system_i/processing_system7_0_FCLK_CLK0 rising at 20.000ns
  Clock Uncertainty:    0.035ns

  Clock Uncertainty:          0.035ns  ((TSJ^2 + TIJ^2)^1/2 + DJ) / 2 + PE
    Total System Jitter (TSJ):  0.070ns
    Total Input Jitter (TIJ):   0.000ns
    Discrete Jitter (DJ):       0.000ns
    Phase Error (PE):           0.000ns

  Maximum Data Path at Slow Process Corner: system_i/axi_interconnect_1/axi_interconnect_1/crossbar_samd/gen_sasd.crossbar_sasd_0/gen_crossbar.addr_arbiter_inst/grant_rnw to system_i/axi_interconnect_1/axi_interconnect_1/crossbar_samd/gen_sasd.crossbar_sasd_0/gen_crossbar.addr_arbiter_inst/m_valid_i
    Location             Delay type         Delay(ns)  Physical Resource
                                                       Logical Resource(s)
    -------------------------------------------------  -------------------
    SLICE_X36Y100.AQ     Tcko                  0.518   system_i/axi_interconnect_1/axi_interconnect_1/crossbar_samd/gen_sasd.crossbar_sasd_0/gen_crossbar.addr_arbiter_inst/grant_rnw
                                                       system_i/axi_interconnect_1/axi_interconnect_1/crossbar_samd/gen_sasd.crossbar_sasd_0/gen_crossbar.addr_arbiter_inst/grant_rnw
    SLICE_X17Y43.A5      net (fanout=36)       3.749   system_i/axi_interconnect_1/axi_interconnect_1/crossbar_samd/gen_sasd.crossbar_sasd_0/gen_crossbar.addr_arbiter_inst/grant_rnw
    SLICE_X17Y43.A       Tilo                  0.124   system_i/axi_interconnect_1/axi_interconnect_1/cb_mf_bready[1]
                                                       system_i/axi_interconnect_1/axi_interconnect_1/crossbar_samd/gen_sasd.crossbar_sasd_0/gen_crossbar.mi_arready_mux_inst/O_SW0
    SLICE_X56Y82.B4      net (fanout=2)        2.783   system_i/axi_interconnect_1/N18
    SLICE_X56Y82.B       Tilo                  0.124   system_i/axi_interconnect_1/N39
                                                       system_i/axi_interconnect_1/axi_interconnect_1/crossbar_samd/gen_sasd.crossbar_sasd_0/gen_crossbar.splitter_ar/out1_SW0
    SLICE_X57Y82.D3      net (fanout=2)        0.723   system_i/axi_interconnect_1/N39
    SLICE_X57Y82.D       Tilo                  0.124   system_i/axi_interconnect_1/N58
                                                       system_i/axi_interconnect_1/axi_interconnect_1/crossbar_samd/gen_sasd.crossbar_sasd_0/gen_crossbar.addr_arbiter_inst/m_valid_i_glue_set_SW1
    SLICE_X39Y81.D4      net (fanout=1)        1.190   system_i/axi_interconnect_1/N58
    SLICE_X39Y81.CLK     Tas                   0.092   system_i/axi_interconnect_1/axi_interconnect_1/crossbar_samd/gen_sasd.crossbar_sasd_0/gen_crossbar.addr_arbiter_inst/m_valid_i
                                                       system_i/axi_interconnect_1/axi_interconnect_1/crossbar_samd/gen_sasd.crossbar_sasd_0/gen_crossbar.addr_arbiter_inst/m_valid_i_glue_set
                                                       system_i/axi_interconnect_1/axi_interconnect_1/crossbar_samd/gen_sasd.crossbar_sasd_0/gen_crossbar.addr_arbiter_inst/m_valid_i
    -------------------------------------------------  ---------------------------
    Total                                      9.427ns (0.982ns logic, 8.445ns route)
                                                       (10.4% logic, 89.6% route)

--------------------------------------------------------------------------------
Slack:                  10.246ns (requirement - (data path - clock path skew + uncertainty))
  Source:               system_i/axi_interconnect_1/axi_interconnect_1/crossbar_samd/gen_sasd.crossbar_sasd_0/m_atarget_hot_1 (FF)
  Destination:          system_i/axi_interconnect_1/axi_interconnect_1/crossbar_samd/gen_sasd.crossbar_sasd_0/gen_crossbar.splitter_aw/m_ready_d_0 (FF)
  Requirement:          20.000ns
  Data Path Delay:      9.348ns (Levels of Logic = 4)
  Clock Path Skew:      -0.371ns (1.366 - 1.737)
  Source Clock:         system_i/processing_system7_0_FCLK_CLK0 rising at 0.000ns
  Destination Clock:    system_i/processing_system7_0_FCLK_CLK0 rising at 20.000ns
  Clock Uncertainty:    0.035ns

  Clock Uncertainty:          0.035ns  ((TSJ^2 + TIJ^2)^1/2 + DJ) / 2 + PE
    Total System Jitter (TSJ):  0.070ns
    Total Input Jitter (TIJ):   0.000ns
    Discrete Jitter (DJ):       0.000ns
    Phase Error (PE):           0.000ns

  Maximum Data Path at Slow Process Corner: system_i/axi_interconnect_1/axi_interconnect_1/crossbar_samd/gen_sasd.crossbar_sasd_0/m_atarget_hot_1 to system_i/axi_interconnect_1/axi_interconnect_1/crossbar_samd/gen_sasd.crossbar_sasd_0/gen_crossbar.splitter_aw/m_ready_d_0
    Location             Delay type         Delay(ns)  Physical Resource
                                                       Logical Resource(s)
    -------------------------------------------------  -------------------
    SLICE_X29Y110.BQ     Tcko                  0.456   system_i/axi_interconnect_1/axi_interconnect_1/crossbar_samd/gen_sasd.crossbar_sasd_0/m_atarget_hot[2]
                                                       system_i/axi_interconnect_1/axi_interconnect_1/crossbar_samd/gen_sasd.crossbar_sasd_0/m_atarget_hot_1
    SLICE_X48Y67.A5      net (fanout=11)       2.663   system_i/axi_interconnect_1/axi_interconnect_1/crossbar_samd/gen_sasd.crossbar_sasd_0/m_atarget_hot[1]
    SLICE_X48Y67.A       Tilo                  0.124   system_i/axi_interconnect_1/axi_interconnect_1/cb_mf_awvalid[1]
                                                       system_i/axi_interconnect_1/axi_interconnect_1/crossbar_samd/gen_sasd.crossbar_sasd_0/mi_awvalid<1>1
    SLICE_X16Y43.B2      net (fanout=2)        2.141   system_i/axi_interconnect_1/axi_interconnect_1/cb_mf_awvalid[1]
    SLICE_X16Y43.B       Tilo                  0.124   system_i/axi_interconnect_1/N24
                                                       system_i/axi_interconnect_1/axi_interconnect_1/crossbar_samd/gen_sasd.crossbar_sasd_0/gen_crossbar.mi_awready_mux_inst/O_SW0
    SLICE_X39Y81.C6      net (fanout=1)        2.093   system_i/axi_interconnect_1/N16
    SLICE_X39Y81.C       Tilo                  0.124   system_i/axi_interconnect_1/axi_interconnect_1/crossbar_samd/gen_sasd.crossbar_sasd_0/gen_crossbar.addr_arbiter_inst/m_valid_i
                                                       system_i/axi_interconnect_1/axi_interconnect_1/crossbar_samd/gen_sasd.crossbar_sasd_0/gen_crossbar.mi_awready_mux_inst/O
    SLICE_X26Y74.A1      net (fanout=5)        1.576   system_i/axi_interconnect_1/axi_interconnect_1/crossbar_samd/gen_sasd.crossbar_sasd_0/mi_awready_mux
    SLICE_X26Y74.CLK     Tas                   0.047   system_i/axi_interconnect_1/axi_interconnect_1/crossbar_samd/gen_sasd.crossbar_sasd_0/gen_crossbar.splitter_aw/m_ready_d[2]
                                                       system_i/axi_interconnect_1/axi_interconnect_1/crossbar_samd/gen_sasd.crossbar_sasd_0/gen_crossbar.splitter_aw/m_ready_d_0_rstpot
                                                       system_i/axi_interconnect_1/axi_interconnect_1/crossbar_samd/gen_sasd.crossbar_sasd_0/gen_crossbar.splitter_aw/m_ready_d_0
    -------------------------------------------------  ---------------------------
    Total                                      9.348ns (0.875ns logic, 8.473ns route)
                                                       (9.4% logic, 90.6% route)

--------------------------------------------------------------------------------
Slack:                  10.260ns (requirement - (data path - clock path skew + uncertainty))
  Source:               system_i/axi_interconnect_1/axi_interconnect_1/crossbar_samd/gen_sasd.crossbar_sasd_0/m_atarget_hot_1 (FF)
  Destination:          system_i/axi_interconnect_1/axi_interconnect_1/crossbar_samd/gen_sasd.crossbar_sasd_0/gen_crossbar.splitter_aw/m_ready_d_1 (FF)
  Requirement:          20.000ns
  Data Path Delay:      9.334ns (Levels of Logic = 4)
  Clock Path Skew:      -0.371ns (1.366 - 1.737)
  Source Clock:         system_i/processing_system7_0_FCLK_CLK0 rising at 0.000ns
  Destination Clock:    system_i/processing_system7_0_FCLK_CLK0 rising at 20.000ns
  Clock Uncertainty:    0.035ns

  Clock Uncertainty:          0.035ns  ((TSJ^2 + TIJ^2)^1/2 + DJ) / 2 + PE
    Total System Jitter (TSJ):  0.070ns
    Total Input Jitter (TIJ):   0.000ns
    Discrete Jitter (DJ):       0.000ns
    Phase Error (PE):           0.000ns

  Maximum Data Path at Slow Process Corner: system_i/axi_interconnect_1/axi_interconnect_1/crossbar_samd/gen_sasd.crossbar_sasd_0/m_atarget_hot_1 to system_i/axi_interconnect_1/axi_interconnect_1/crossbar_samd/gen_sasd.crossbar_sasd_0/gen_crossbar.splitter_aw/m_ready_d_1
    Location             Delay type         Delay(ns)  Physical Resource
                                                       Logical Resource(s)
    -------------------------------------------------  -------------------
    SLICE_X29Y110.BQ     Tcko                  0.456   system_i/axi_interconnect_1/axi_interconnect_1/crossbar_samd/gen_sasd.crossbar_sasd_0/m_atarget_hot[2]
                                                       system_i/axi_interconnect_1/axi_interconnect_1/crossbar_samd/gen_sasd.crossbar_sasd_0/m_atarget_hot_1
    SLICE_X48Y67.A5      net (fanout=11)       2.663   system_i/axi_interconnect_1/axi_interconnect_1/crossbar_samd/gen_sasd.crossbar_sasd_0/m_atarget_hot[1]
    SLICE_X48Y67.A       Tilo                  0.124   system_i/axi_interconnect_1/axi_interconnect_1/cb_mf_awvalid[1]
                                                       system_i/axi_interconnect_1/axi_interconnect_1/crossbar_samd/gen_sasd.crossbar_sasd_0/mi_awvalid<1>1
    SLICE_X16Y43.B2      net (fanout=2)        2.141   system_i/axi_interconnect_1/axi_interconnect_1/cb_mf_awvalid[1]
    SLICE_X16Y43.B       Tilo                  0.124   system_i/axi_interconnect_1/N24
                                                       system_i/axi_interconnect_1/axi_interconnect_1/crossbar_samd/gen_sasd.crossbar_sasd_0/gen_crossbar.mi_awready_mux_inst/O_SW0
    SLICE_X39Y81.C6      net (fanout=1)        2.093   system_i/axi_interconnect_1/N16
    SLICE_X39Y81.C       Tilo                  0.124   system_i/axi_interconnect_1/axi_interconnect_1/crossbar_samd/gen_sasd.crossbar_sasd_0/gen_crossbar.addr_arbiter_inst/m_valid_i
                                                       system_i/axi_interconnect_1/axi_interconnect_1/crossbar_samd/gen_sasd.crossbar_sasd_0/gen_crossbar.mi_awready_mux_inst/O
    SLICE_X26Y74.B1      net (fanout=5)        1.566   system_i/axi_interconnect_1/axi_interconnect_1/crossbar_samd/gen_sasd.crossbar_sasd_0/mi_awready_mux
    SLICE_X26Y74.CLK     Tas                   0.043   system_i/axi_interconnect_1/axi_interconnect_1/crossbar_samd/gen_sasd.crossbar_sasd_0/gen_crossbar.splitter_aw/m_ready_d[2]
                                                       system_i/axi_interconnect_1/axi_interconnect_1/crossbar_samd/gen_sasd.crossbar_sasd_0/gen_crossbar.splitter_aw/m_ready_d_1_rstpot
                                                       system_i/axi_interconnect_1/axi_interconnect_1/crossbar_samd/gen_sasd.crossbar_sasd_0/gen_crossbar.splitter_aw/m_ready_d_1
    -------------------------------------------------  ---------------------------
    Total                                      9.334ns (0.871ns logic, 8.463ns route)
                                                       (9.3% logic, 90.7% route)

--------------------------------------------------------------------------------
Slack:                  10.338ns (requirement - (data path - clock path skew + uncertainty))
  Source:               system_i/axi_interconnect_1/axi_interconnect_1/crossbar_samd/gen_sasd.crossbar_sasd_0/gen_crossbar.splitter_ar/m_ready_d_1 (FF)
  Destination:          system_i/axi_interconnect_1/axi_interconnect_1/crossbar_samd/gen_sasd.crossbar_sasd_0/gen_crossbar.addr_arbiter_inst/m_valid_i_1 (FF)
  Requirement:          20.000ns
  Data Path Delay:      9.397ns (Levels of Logic = 4)
  Clock Path Skew:      -0.230ns (1.322 - 1.552)
  Source Clock:         system_i/processing_system7_0_FCLK_CLK0 rising at 0.000ns
  Destination Clock:    system_i/processing_system7_0_FCLK_CLK0 rising at 20.000ns
  Clock Uncertainty:    0.035ns

  Clock Uncertainty:          0.035ns  ((TSJ^2 + TIJ^2)^1/2 + DJ) / 2 + PE
    Total System Jitter (TSJ):  0.070ns
    Total Input Jitter (TIJ):   0.000ns
    Discrete Jitter (DJ):       0.000ns
    Phase Error (PE):           0.000ns

  Maximum Data Path at Slow Process Corner: system_i/axi_interconnect_1/axi_interconnect_1/crossbar_samd/gen_sasd.crossbar_sasd_0/gen_crossbar.splitter_ar/m_ready_d_1 to system_i/axi_interconnect_1/axi_interconnect_1/crossbar_samd/gen_sasd.crossbar_sasd_0/gen_crossbar.addr_arbiter_inst/m_valid_i_1
    Location             Delay type         Delay(ns)  Physical Resource
                                                       Logical Resource(s)
    -------------------------------------------------  -------------------
    SLICE_X56Y83.CQ      Tcko                  0.456   system_i/axi_interconnect_1/axi_interconnect_1/crossbar_samd/gen_sasd.crossbar_sasd_0/gen_crossbar.splitter_ar/m_ready_d[1]
                                                       system_i/axi_interconnect_1/axi_interconnect_1/crossbar_samd/gen_sasd.crossbar_sasd_0/gen_crossbar.splitter_ar/m_ready_d_1
    SLICE_X17Y43.A6      net (fanout=8)        2.872   system_i/axi_interconnect_1/axi_interconnect_1/crossbar_samd/gen_sasd.crossbar_sasd_0/gen_crossbar.splitter_ar/m_ready_d[1]
    SLICE_X17Y43.A       Tilo                  0.124   system_i/axi_interconnect_1/axi_interconnect_1/cb_mf_bready[1]
                                                       system_i/axi_interconnect_1/axi_interconnect_1/crossbar_samd/gen_sasd.crossbar_sasd_0/gen_crossbar.mi_arready_mux_inst/O_SW0
    SLICE_X56Y82.B4      net (fanout=2)        2.783   system_i/axi_interconnect_1/N18
    SLICE_X56Y82.B       Tilo                  0.124   system_i/axi_interconnect_1/N39
                                                       system_i/axi_interconnect_1/axi_interconnect_1/crossbar_samd/gen_sasd.crossbar_sasd_0/gen_crossbar.splitter_ar/out1_SW0
    SLICE_X57Y82.D3      net (fanout=2)        0.723   system_i/axi_interconnect_1/N39
    SLICE_X57Y82.D       Tilo                  0.124   system_i/axi_interconnect_1/N58
                                                       system_i/axi_interconnect_1/axi_interconnect_1/crossbar_samd/gen_sasd.crossbar_sasd_0/gen_crossbar.addr_arbiter_inst/m_valid_i_glue_set_SW1
    SLICE_X39Y81.D4      net (fanout=1)        1.190   system_i/axi_interconnect_1/N58
    SLICE_X39Y81.D       Tilo                  0.124   system_i/axi_interconnect_1/axi_interconnect_1/crossbar_samd/gen_sasd.crossbar_sasd_0/gen_crossbar.addr_arbiter_inst/m_valid_i
                                                       system_i/axi_interconnect_1/axi_interconnect_1/crossbar_samd/gen_sasd.crossbar_sasd_0/gen_crossbar.addr_arbiter_inst/m_valid_i_glue_set
    SLICE_X48Y75.DX      net (fanout=1)        0.837   system_i/axi_interconnect_1/axi_interconnect_1/crossbar_samd/gen_sasd.crossbar_sasd_0/gen_crossbar.addr_arbiter_inst/m_valid_i_glue_set
    SLICE_X48Y75.CLK     Tdick                 0.040   system_i/axi_interconnect_1/axi_interconnect_1/crossbar_samd/gen_sasd.crossbar_sasd_0/gen_crossbar.addr_arbiter_inst/m_valid_i_1
                                                       system_i/axi_interconnect_1/axi_interconnect_1/crossbar_samd/gen_sasd.crossbar_sasd_0/gen_crossbar.addr_arbiter_inst/m_valid_i_1
    -------------------------------------------------  ---------------------------
    Total                                      9.397ns (0.992ns logic, 8.405ns route)
                                                       (10.6% logic, 89.4% route)

--------------------------------------------------------------------------------
Slack:                  10.348ns (requirement - (data path - clock path skew + uncertainty))
  Source:               system_i/axi_interconnect_1/axi_interconnect_1/crossbar_samd/gen_sasd.crossbar_sasd_0/gen_crossbar.addr_arbiter_inst/m_valid_i (FF)
  Destination:          system_i/axi_interconnect_1/axi_interconnect_1/crossbar_samd/gen_sasd.crossbar_sasd_0/gen_crossbar.addr_arbiter_inst/m_valid_i_1 (FF)
  Requirement:          20.000ns
  Data Path Delay:      9.550ns (Levels of Logic = 4)
  Clock Path Skew:      -0.067ns (0.752 - 0.819)
  Source Clock:         system_i/processing_system7_0_FCLK_CLK0 rising at 0.000ns
  Destination Clock:    system_i/processing_system7_0_FCLK_CLK0 rising at 20.000ns
  Clock Uncertainty:    0.035ns

  Clock Uncertainty:          0.035ns  ((TSJ^2 + TIJ^2)^1/2 + DJ) / 2 + PE
    Total System Jitter (TSJ):  0.070ns
    Total Input Jitter (TIJ):   0.000ns
    Discrete Jitter (DJ):       0.000ns
    Phase Error (PE):           0.000ns

  Maximum Data Path at Slow Process Corner: system_i/axi_interconnect_1/axi_interconnect_1/crossbar_samd/gen_sasd.crossbar_sasd_0/gen_crossbar.addr_arbiter_inst/m_valid_i to system_i/axi_interconnect_1/axi_interconnect_1/crossbar_samd/gen_sasd.crossbar_sasd_0/gen_crossbar.addr_arbiter_inst/m_valid_i_1
    Location             Delay type         Delay(ns)  Physical Resource
                                                       Logical Resource(s)
    -------------------------------------------------  -------------------
    SLICE_X39Y81.DQ      Tcko                  0.456   system_i/axi_interconnect_1/axi_interconnect_1/crossbar_samd/gen_sasd.crossbar_sasd_0/gen_crossbar.addr_arbiter_inst/m_valid_i
                                                       system_i/axi_interconnect_1/axi_interconnect_1/crossbar_samd/gen_sasd.crossbar_sasd_0/gen_crossbar.addr_arbiter_inst/m_valid_i
    SLICE_X17Y43.A4      net (fanout=38)       3.025   system_i/axi_interconnect_1/axi_interconnect_1/crossbar_samd/gen_sasd.crossbar_sasd_0/gen_crossbar.addr_arbiter_inst/m_valid_i
    SLICE_X17Y43.A       Tilo                  0.124   system_i/axi_interconnect_1/axi_interconnect_1/cb_mf_bready[1]
                                                       system_i/axi_interconnect_1/axi_interconnect_1/crossbar_samd/gen_sasd.crossbar_sasd_0/gen_crossbar.mi_arready_mux_inst/O_SW0
    SLICE_X56Y82.B4      net (fanout=2)        2.783   system_i/axi_interconnect_1/N18
    SLICE_X56Y82.B       Tilo                  0.124   system_i/axi_interconnect_1/N39
                                                       system_i/axi_interconnect_1/axi_interconnect_1/crossbar_samd/gen_sasd.crossbar_sasd_0/gen_crossbar.splitter_ar/out1_SW0
    SLICE_X57Y82.D3      net (fanout=2)        0.723   system_i/axi_interconnect_1/N39
    SLICE_X57Y82.D       Tilo                  0.124   system_i/axi_interconnect_1/N58
                                                       system_i/axi_interconnect_1/axi_interconnect_1/crossbar_samd/gen_sasd.crossbar_sasd_0/gen_crossbar.addr_arbiter_inst/m_valid_i_glue_set_SW1
    SLICE_X39Y81.D4      net (fanout=1)        1.190   system_i/axi_interconnect_1/N58
    SLICE_X39Y81.D       Tilo                  0.124   system_i/axi_interconnect_1/axi_interconnect_1/crossbar_samd/gen_sasd.crossbar_sasd_0/gen_crossbar.addr_arbiter_inst/m_valid_i
                                                       system_i/axi_interconnect_1/axi_interconnect_1/crossbar_samd/gen_sasd.crossbar_sasd_0/gen_crossbar.addr_arbiter_inst/m_valid_i_glue_set
    SLICE_X48Y75.DX      net (fanout=1)        0.837   system_i/axi_interconnect_1/axi_interconnect_1/crossbar_samd/gen_sasd.crossbar_sasd_0/gen_crossbar.addr_arbiter_inst/m_valid_i_glue_set
    SLICE_X48Y75.CLK     Tdick                 0.040   system_i/axi_interconnect_1/axi_interconnect_1/crossbar_samd/gen_sasd.crossbar_sasd_0/gen_crossbar.addr_arbiter_inst/m_valid_i_1
                                                       system_i/axi_interconnect_1/axi_interconnect_1/crossbar_samd/gen_sasd.crossbar_sasd_0/gen_crossbar.addr_arbiter_inst/m_valid_i_1
    -------------------------------------------------  ---------------------------
    Total                                      9.550ns (0.992ns logic, 8.558ns route)
                                                       (10.4% logic, 89.6% route)

--------------------------------------------------------------------------------
Slack:                  10.358ns (requirement - (data path - clock path skew + uncertainty))
  Source:               system_i/axi_gpio_for_input/axi_gpio_for_input/ip2bus_rdack_i_D1 (FF)
  Destination:          system_i/axi_interconnect_1/axi_interconnect_1/crossbar_samd/gen_sasd.crossbar_sasd_0/gen_crossbar.addr_arbiter_inst/m_valid_i_1 (FF)
  Requirement:          20.000ns
  Data Path Delay:      9.312ns (Levels of Logic = 6)
  Clock Path Skew:      -0.295ns (1.459 - 1.754)
  Source Clock:         system_i/processing_system7_0_FCLK_CLK0 rising at 0.000ns
  Destination Clock:    system_i/processing_system7_0_FCLK_CLK0 rising at 20.000ns
  Clock Uncertainty:    0.035ns

  Clock Uncertainty:          0.035ns  ((TSJ^2 + TIJ^2)^1/2 + DJ) / 2 + PE
    Total System Jitter (TSJ):  0.070ns
    Total Input Jitter (TIJ):   0.000ns
    Discrete Jitter (DJ):       0.000ns
    Phase Error (PE):           0.000ns

  Maximum Data Path at Slow Process Corner: system_i/axi_gpio_for_input/axi_gpio_for_input/ip2bus_rdack_i_D1 to system_i/axi_interconnect_1/axi_interconnect_1/crossbar_samd/gen_sasd.crossbar_sasd_0/gen_crossbar.addr_arbiter_inst/m_valid_i_1
    Location             Delay type         Delay(ns)  Physical Resource
                                                       Logical Resource(s)
    -------------------------------------------------  -------------------
    SLICE_X14Y39.BMUX    Tshcko                0.655   system_i/axi_gpio_for_input/axi_gpio_for_input/ip2bus_wrack_i_D1
                                                       system_i/axi_gpio_for_input/axi_gpio_for_input/ip2bus_rdack_i_D1
    SLICE_X14Y39.D5      net (fanout=4)        0.309   system_i/axi_gpio_for_input/axi_gpio_for_input/ip2bus_rdack_i_D1
    SLICE_X14Y39.D       Tilo                  0.124   system_i/axi_gpio_for_input/axi_gpio_for_input/ip2bus_wrack_i_D1
                                                       system_i/axi_gpio_for_input/axi_gpio_for_input/AXI_LITE_IPIF_I/I_SLAVE_ATTACHMENT/rd_done1
    SLICE_X17Y43.B1      net (fanout=2)        1.126   system_i/axi_interconnect_1_M_ARREADY[1]
    SLICE_X17Y43.BMUX    Tilo                  0.360   system_i/axi_interconnect_1/axi_interconnect_1/cb_mf_bready[1]
                                                       system_i/axi_interconnect_1/axi_interconnect_1/crossbar_samd/gen_sasd.crossbar_sasd_0/mi_arvalid<1>1_SW0
    SLICE_X17Y43.A1      net (fanout=1)        0.669   system_i/axi_interconnect_1/N43
    SLICE_X17Y43.A       Tilo                  0.124   system_i/axi_interconnect_1/axi_interconnect_1/cb_mf_bready[1]
                                                       system_i/axi_interconnect_1/axi_interconnect_1/crossbar_samd/gen_sasd.crossbar_sasd_0/gen_crossbar.mi_arready_mux_inst/O_SW0
    SLICE_X56Y82.B4      net (fanout=2)        2.783   system_i/axi_interconnect_1/N18
    SLICE_X56Y82.B       Tilo                  0.124   system_i/axi_interconnect_1/N39
                                                       system_i/axi_interconnect_1/axi_interconnect_1/crossbar_samd/gen_sasd.crossbar_sasd_0/gen_crossbar.splitter_ar/out1_SW0
    SLICE_X57Y82.D3      net (fanout=2)        0.723   system_i/axi_interconnect_1/N39
    SLICE_X57Y82.D       Tilo                  0.124   system_i/axi_interconnect_1/N58
                                                       system_i/axi_interconnect_1/axi_interconnect_1/crossbar_samd/gen_sasd.crossbar_sasd_0/gen_crossbar.addr_arbiter_inst/m_valid_i_glue_set_SW1
    SLICE_X39Y81.D4      net (fanout=1)        1.190   system_i/axi_interconnect_1/N58
    SLICE_X39Y81.D       Tilo                  0.124   system_i/axi_interconnect_1/axi_interconnect_1/crossbar_samd/gen_sasd.crossbar_sasd_0/gen_crossbar.addr_arbiter_inst/m_valid_i
                                                       system_i/axi_interconnect_1/axi_interconnect_1/crossbar_samd/gen_sasd.crossbar_sasd_0/gen_crossbar.addr_arbiter_inst/m_valid_i_glue_set
    SLICE_X48Y75.DX      net (fanout=1)        0.837   system_i/axi_interconnect_1/axi_interconnect_1/crossbar_samd/gen_sasd.crossbar_sasd_0/gen_crossbar.addr_arbiter_inst/m_valid_i_glue_set
    SLICE_X48Y75.CLK     Tdick                 0.040   system_i/axi_interconnect_1/axi_interconnect_1/crossbar_samd/gen_sasd.crossbar_sasd_0/gen_crossbar.addr_arbiter_inst/m_valid_i_1
                                                       system_i/axi_interconnect_1/axi_interconnect_1/crossbar_samd/gen_sasd.crossbar_sasd_0/gen_crossbar.addr_arbiter_inst/m_valid_i_1
    -------------------------------------------------  ---------------------------
    Total                                      9.312ns (1.675ns logic, 7.637ns route)
                                                       (18.0% logic, 82.0% route)

--------------------------------------------------------------------------------
Slack:                  10.486ns (requirement - (data path - clock path skew + uncertainty))
  Source:               system_i/axi_gpio_for_input/axi_gpio_for_input/AXI_LITE_IPIF_I/I_SLAVE_ATTACHMENT/INCLUDE_DPHASE_TIMER.dpto_cnt_3 (FF)
  Destination:          system_i/axi_interconnect_1/axi_interconnect_1/crossbar_samd/gen_sasd.crossbar_sasd_0/gen_crossbar.addr_arbiter_inst/m_grant_hot_i_0 (FF)
  Requirement:          20.000ns
  Data Path Delay:      9.211ns (Levels of Logic = 6)
  Clock Path Skew:      -0.268ns (1.470 - 1.738)
  Source Clock:         system_i/processing_system7_0_FCLK_CLK0 rising at 0.000ns
  Destination Clock:    system_i/processing_system7_0_FCLK_CLK0 rising at 20.000ns
  Clock Uncertainty:    0.035ns

  Clock Uncertainty:          0.035ns  ((TSJ^2 + TIJ^2)^1/2 + DJ) / 2 + PE
    Total System Jitter (TSJ):  0.070ns
    Total Input Jitter (TIJ):   0.000ns
    Discrete Jitter (DJ):       0.000ns
    Phase Error (PE):           0.000ns

  Maximum Data Path at Slow Process Corner: system_i/axi_gpio_for_input/axi_gpio_for_input/AXI_LITE_IPIF_I/I_SLAVE_ATTACHMENT/INCLUDE_DPHASE_TIMER.dpto_cnt_3 to system_i/axi_interconnect_1/axi_interconnect_1/crossbar_samd/gen_sasd.crossbar_sasd_0/gen_crossbar.addr_arbiter_inst/m_grant_hot_i_0
    Location             Delay type         Delay(ns)  Physical Resource
                                                       Logical Resource(s)
    -------------------------------------------------  -------------------
    SLICE_X15Y26.CQ      Tcko                  0.456   system_i/axi_gpio_for_input/axi_gpio_for_input/AXI_LITE_IPIF_I/I_SLAVE_ATTACHMENT/INCLUDE_DPHASE_TIMER.dpto_cnt[3]
                                                       system_i/axi_gpio_for_input/axi_gpio_for_input/AXI_LITE_IPIF_I/I_SLAVE_ATTACHMENT/INCLUDE_DPHASE_TIMER.dpto_cnt_3
    SLICE_X14Y39.D2      net (fanout=7)        1.235   system_i/axi_gpio_for_input/axi_gpio_for_input/AXI_LITE_IPIF_I/I_SLAVE_ATTACHMENT/INCLUDE_DPHASE_TIMER.dpto_cnt[3]
    SLICE_X14Y39.D       Tilo                  0.124   system_i/axi_gpio_for_input/axi_gpio_for_input/ip2bus_wrack_i_D1
                                                       system_i/axi_gpio_for_input/axi_gpio_for_input/AXI_LITE_IPIF_I/I_SLAVE_ATTACHMENT/rd_done1
    SLICE_X17Y43.B1      net (fanout=2)        1.126   system_i/axi_interconnect_1_M_ARREADY[1]
    SLICE_X17Y43.BMUX    Tilo                  0.360   system_i/axi_interconnect_1/axi_interconnect_1/cb_mf_bready[1]
                                                       system_i/axi_interconnect_1/axi_interconnect_1/crossbar_samd/gen_sasd.crossbar_sasd_0/mi_arvalid<1>1_SW0
    SLICE_X17Y43.A1      net (fanout=1)        0.669   system_i/axi_interconnect_1/N43
    SLICE_X17Y43.A       Tilo                  0.124   system_i/axi_interconnect_1/axi_interconnect_1/cb_mf_bready[1]
                                                       system_i/axi_interconnect_1/axi_interconnect_1/crossbar_samd/gen_sasd.crossbar_sasd_0/gen_crossbar.mi_arready_mux_inst/O_SW0
    SLICE_X56Y82.B4      net (fanout=2)        2.783   system_i/axi_interconnect_1/N18
    SLICE_X56Y82.B       Tilo                  0.124   system_i/axi_interconnect_1/N39
                                                       system_i/axi_interconnect_1/axi_interconnect_1/crossbar_samd/gen_sasd.crossbar_sasd_0/gen_crossbar.splitter_ar/out1_SW0
    SLICE_X56Y83.A2      net (fanout=2)        0.798   system_i/axi_interconnect_1/N39
    SLICE_X56Y83.A       Tilo                  0.124   system_i/axi_interconnect_1/axi_interconnect_1/crossbar_samd/gen_sasd.crossbar_sasd_0/gen_crossbar.splitter_ar/m_ready_d[1]
                                                       system_i/axi_interconnect_1/axi_interconnect_1/crossbar_samd/gen_sasd.crossbar_sasd_0/gen_crossbar.splitter_ar/out1
    SLICE_X39Y82.C4      net (fanout=3)        1.195   system_i/axi_interconnect_1/axi_interconnect_1/crossbar_samd/gen_sasd.crossbar_sasd_0/aa_arready
    SLICE_X39Y82.CLK     Tas                   0.093   system_i/axi_interconnect_1/axi_interconnect_1/crossbar_samd/gen_sasd.crossbar_sasd_0/gen_crossbar.addr_arbiter_inst/m_grant_hot_i_0
                                                       system_i/axi_interconnect_1/axi_interconnect_1/crossbar_samd/gen_sasd.crossbar_sasd_0/gen_crossbar.addr_arbiter_inst/m_grant_hot_i_0_glue_set
                                                       system_i/axi_interconnect_1/axi_interconnect_1/crossbar_samd/gen_sasd.crossbar_sasd_0/gen_crossbar.addr_arbiter_inst/m_grant_hot_i_0
    -------------------------------------------------  ---------------------------
    Total                                      9.211ns (1.405ns logic, 7.806ns route)
                                                       (15.3% logic, 84.7% route)

--------------------------------------------------------------------------------
Slack:                  10.544ns (requirement - (data path - clock path skew + uncertainty))
  Source:               system_i/axi_interconnect_1/axi_interconnect_1/crossbar_samd/gen_sasd.crossbar_sasd_0/gen_crossbar.addr_arbiter_inst/grant_rnw (FF)
  Destination:          system_i/axi_interconnect_1/axi_interconnect_1/crossbar_samd/gen_sasd.crossbar_sasd_0/gen_crossbar.addr_arbiter_inst/m_valid_i_1 (FF)
  Requirement:          20.000ns
  Data Path Delay:      9.050ns (Levels of Logic = 4)
  Clock Path Skew:      -0.371ns (1.322 - 1.693)
  Source Clock:         system_i/processing_system7_0_FCLK_CLK0 rising at 0.000ns
  Destination Clock:    system_i/processing_system7_0_FCLK_CLK0 rising at 20.000ns
  Clock Uncertainty:    0.035ns

  Clock Uncertainty:          0.035ns  ((TSJ^2 + TIJ^2)^1/2 + DJ) / 2 + PE
    Total System Jitter (TSJ):  0.070ns
    Total Input Jitter (TIJ):   0.000ns
    Discrete Jitter (DJ):       0.000ns
    Phase Error (PE):           0.000ns

  Maximum Data Path at Slow Process Corner: system_i/axi_interconnect_1/axi_interconnect_1/crossbar_samd/gen_sasd.crossbar_sasd_0/gen_crossbar.addr_arbiter_inst/grant_rnw to system_i/axi_interconnect_1/axi_interconnect_1/crossbar_samd/gen_sasd.crossbar_sasd_0/gen_crossbar.addr_arbiter_inst/m_valid_i_1
    Location             Delay type         Delay(ns)  Physical Resource
                                                       Logical Resource(s)
    -------------------------------------------------  -------------------
    SLICE_X36Y100.AQ     Tcko                  0.518   system_i/axi_interconnect_1/axi_interconnect_1/crossbar_samd/gen_sasd.crossbar_sasd_0/gen_crossbar.addr_arbiter_inst/grant_rnw
                                                       system_i/axi_interconnect_1/axi_interconnect_1/crossbar_samd/gen_sasd.crossbar_sasd_0/gen_crossbar.addr_arbiter_inst/grant_rnw
    SLICE_X16Y43.A5      net (fanout=36)       3.763   system_i/axi_interconnect_1/axi_interconnect_1/crossbar_samd/gen_sasd.crossbar_sasd_0/gen_crossbar.addr_arbiter_inst/grant_rnw
    SLICE_X16Y43.A       Tilo                  0.124   system_i/axi_interconnect_1/N24
                                                       system_i/axi_interconnect_1/axi_interconnect_1/crossbar_samd/gen_sasd.crossbar_sasd_0/mi_arvalid<1>1
    SLICE_X16Y43.B6      net (fanout=4)        0.397   system_i/axi_interconnect_1/axi_interconnect_1/cb_mf_arvalid[1]
    SLICE_X16Y43.B       Tilo                  0.124   system_i/axi_interconnect_1/N24
                                                       system_i/axi_interconnect_1/axi_interconnect_1/crossbar_samd/gen_sasd.crossbar_sasd_0/gen_crossbar.mi_awready_mux_inst/O_SW0
    SLICE_X39Y81.C6      net (fanout=1)        2.093   system_i/axi_interconnect_1/N16
    SLICE_X39Y81.C       Tilo                  0.124   system_i/axi_interconnect_1/axi_interconnect_1/crossbar_samd/gen_sasd.crossbar_sasd_0/gen_crossbar.addr_arbiter_inst/m_valid_i
                                                       system_i/axi_interconnect_1/axi_interconnect_1/crossbar_samd/gen_sasd.crossbar_sasd_0/gen_crossbar.mi_awready_mux_inst/O
    SLICE_X39Y81.D1      net (fanout=5)        0.906   system_i/axi_interconnect_1/axi_interconnect_1/crossbar_samd/gen_sasd.crossbar_sasd_0/mi_awready_mux
    SLICE_X39Y81.D       Tilo                  0.124   system_i/axi_interconnect_1/axi_interconnect_1/crossbar_samd/gen_sasd.crossbar_sasd_0/gen_crossbar.addr_arbiter_inst/m_valid_i
                                                       system_i/axi_interconnect_1/axi_interconnect_1/crossbar_samd/gen_sasd.crossbar_sasd_0/gen_crossbar.addr_arbiter_inst/m_valid_i_glue_set
    SLICE_X48Y75.DX      net (fanout=1)        0.837   system_i/axi_interconnect_1/axi_interconnect_1/crossbar_samd/gen_sasd.crossbar_sasd_0/gen_crossbar.addr_arbiter_inst/m_valid_i_glue_set
    SLICE_X48Y75.CLK     Tdick                 0.040   system_i/axi_interconnect_1/axi_interconnect_1/crossbar_samd/gen_sasd.crossbar_sasd_0/gen_crossbar.addr_arbiter_inst/m_valid_i_1
                                                       system_i/axi_interconnect_1/axi_interconnect_1/crossbar_samd/gen_sasd.crossbar_sasd_0/gen_crossbar.addr_arbiter_inst/m_valid_i_1
    -------------------------------------------------  ---------------------------
    Total                                      9.050ns (1.054ns logic, 7.996ns route)
                                                       (11.6% logic, 88.4% route)

--------------------------------------------------------------------------------
Slack:                  10.565ns (requirement - (data path - clock path skew + uncertainty))
  Source:               system_i/axi_gpio_for_input/axi_gpio_for_input/AXI_LITE_IPIF_I/I_SLAVE_ATTACHMENT/INCLUDE_DPHASE_TIMER.dpto_cnt_3 (FF)
  Destination:          system_i/axi_interconnect_1/axi_interconnect_1/crossbar_samd/gen_sasd.crossbar_sasd_0/gen_crossbar.addr_arbiter_inst/m_valid_i (FF)
  Requirement:          20.000ns
  Data Path Delay:      9.130ns (Levels of Logic = 6)
  Clock Path Skew:      -0.270ns (1.468 - 1.738)
  Source Clock:         system_i/processing_system7_0_FCLK_CLK0 rising at 0.000ns
  Destination Clock:    system_i/processing_system7_0_FCLK_CLK0 rising at 20.000ns
  Clock Uncertainty:    0.035ns

  Clock Uncertainty:          0.035ns  ((TSJ^2 + TIJ^2)^1/2 + DJ) / 2 + PE
    Total System Jitter (TSJ):  0.070ns
    Total Input Jitter (TIJ):   0.000ns
    Discrete Jitter (DJ):       0.000ns
    Phase Error (PE):           0.000ns

  Maximum Data Path at Slow Process Corner: system_i/axi_gpio_for_input/axi_gpio_for_input/AXI_LITE_IPIF_I/I_SLAVE_ATTACHMENT/INCLUDE_DPHASE_TIMER.dpto_cnt_3 to system_i/axi_interconnect_1/axi_interconnect_1/crossbar_samd/gen_sasd.crossbar_sasd_0/gen_crossbar.addr_arbiter_inst/m_valid_i
    Location             Delay type         Delay(ns)  Physical Resource
                                                       Logical Resource(s)
    -------------------------------------------------  -------------------
    SLICE_X15Y26.CQ      Tcko                  0.456   system_i/axi_gpio_for_input/axi_gpio_for_input/AXI_LITE_IPIF_I/I_SLAVE_ATTACHMENT/INCLUDE_DPHASE_TIMER.dpto_cnt[3]
                                                       system_i/axi_gpio_for_input/axi_gpio_for_input/AXI_LITE_IPIF_I/I_SLAVE_ATTACHMENT/INCLUDE_DPHASE_TIMER.dpto_cnt_3
    SLICE_X14Y39.D2      net (fanout=7)        1.235   system_i/axi_gpio_for_input/axi_gpio_for_input/AXI_LITE_IPIF_I/I_SLAVE_ATTACHMENT/INCLUDE_DPHASE_TIMER.dpto_cnt[3]
    SLICE_X14Y39.D       Tilo                  0.124   system_i/axi_gpio_for_input/axi_gpio_for_input/ip2bus_wrack_i_D1
                                                       system_i/axi_gpio_for_input/axi_gpio_for_input/AXI_LITE_IPIF_I/I_SLAVE_ATTACHMENT/rd_done1
    SLICE_X17Y43.B1      net (fanout=2)        1.126   system_i/axi_interconnect_1_M_ARREADY[1]
    SLICE_X17Y43.BMUX    Tilo                  0.360   system_i/axi_interconnect_1/axi_interconnect_1/cb_mf_bready[1]
                                                       system_i/axi_interconnect_1/axi_interconnect_1/crossbar_samd/gen_sasd.crossbar_sasd_0/mi_arvalid<1>1_SW0
    SLICE_X17Y43.A1      net (fanout=1)        0.669   system_i/axi_interconnect_1/N43
    SLICE_X17Y43.A       Tilo                  0.124   system_i/axi_interconnect_1/axi_interconnect_1/cb_mf_bready[1]
                                                       system_i/axi_interconnect_1/axi_interconnect_1/crossbar_samd/gen_sasd.crossbar_sasd_0/gen_crossbar.mi_arready_mux_inst/O_SW0
    SLICE_X56Y82.B4      net (fanout=2)        2.783   system_i/axi_interconnect_1/N18
    SLICE_X56Y82.B       Tilo                  0.124   system_i/axi_interconnect_1/N39
                                                       system_i/axi_interconnect_1/axi_interconnect_1/crossbar_samd/gen_sasd.crossbar_sasd_0/gen_crossbar.splitter_ar/out1_SW0
    SLICE_X57Y82.D3      net (fanout=2)        0.723   system_i/axi_interconnect_1/N39
    SLICE_X57Y82.D       Tilo                  0.124   system_i/axi_interconnect_1/N58
                                                       system_i/axi_interconnect_1/axi_interconnect_1/crossbar_samd/gen_sasd.crossbar_sasd_0/gen_crossbar.addr_arbiter_inst/m_valid_i_glue_set_SW1
    SLICE_X39Y81.D4      net (fanout=1)        1.190   system_i/axi_interconnect_1/N58
    SLICE_X39Y81.CLK     Tas                   0.092   system_i/axi_interconnect_1/axi_interconnect_1/crossbar_samd/gen_sasd.crossbar_sasd_0/gen_crossbar.addr_arbiter_inst/m_valid_i
                                                       system_i/axi_interconnect_1/axi_interconnect_1/crossbar_samd/gen_sasd.crossbar_sasd_0/gen_crossbar.addr_arbiter_inst/m_valid_i_glue_set
                                                       system_i/axi_interconnect_1/axi_interconnect_1/crossbar_samd/gen_sasd.crossbar_sasd_0/gen_crossbar.addr_arbiter_inst/m_valid_i
    -------------------------------------------------  ---------------------------
    Total                                      9.130ns (1.404ns logic, 7.726ns route)
                                                       (15.4% logic, 84.6% route)

--------------------------------------------------------------------------------
Slack:                  10.580ns (requirement - (data path - clock path skew + uncertainty))
  Source:               system_i/axi_interconnect_1/axi_interconnect_1/crossbar_samd/gen_sasd.crossbar_sasd_0/m_atarget_hot_1 (FF)
  Destination:          system_i/axi_interconnect_1/axi_interconnect_1/crossbar_samd/gen_sasd.crossbar_sasd_0/gen_crossbar.addr_arbiter_inst/m_grant_hot_i_0 (FF)
  Requirement:          20.000ns
  Data Path Delay:      8.981ns (Levels of Logic = 4)
  Clock Path Skew:      -0.404ns (1.333 - 1.737)
  Source Clock:         system_i/processing_system7_0_FCLK_CLK0 rising at 0.000ns
  Destination Clock:    system_i/processing_system7_0_FCLK_CLK0 rising at 20.000ns
  Clock Uncertainty:    0.035ns

  Clock Uncertainty:          0.035ns  ((TSJ^2 + TIJ^2)^1/2 + DJ) / 2 + PE
    Total System Jitter (TSJ):  0.070ns
    Total Input Jitter (TIJ):   0.000ns
    Discrete Jitter (DJ):       0.000ns
    Phase Error (PE):           0.000ns

  Maximum Data Path at Slow Process Corner: system_i/axi_interconnect_1/axi_interconnect_1/crossbar_samd/gen_sasd.crossbar_sasd_0/m_atarget_hot_1 to system_i/axi_interconnect_1/axi_interconnect_1/crossbar_samd/gen_sasd.crossbar_sasd_0/gen_crossbar.addr_arbiter_inst/m_grant_hot_i_0
    Location             Delay type         Delay(ns)  Physical Resource
                                                       Logical Resource(s)
    -------------------------------------------------  -------------------
    SLICE_X29Y110.BQ     Tcko                  0.456   system_i/axi_interconnect_1/axi_interconnect_1/crossbar_samd/gen_sasd.crossbar_sasd_0/m_atarget_hot[2]
                                                       system_i/axi_interconnect_1/axi_interconnect_1/crossbar_samd/gen_sasd.crossbar_sasd_0/m_atarget_hot_1
    SLICE_X17Y43.A2      net (fanout=11)       3.284   system_i/axi_interconnect_1/axi_interconnect_1/crossbar_samd/gen_sasd.crossbar_sasd_0/m_atarget_hot[1]
    SLICE_X17Y43.A       Tilo                  0.124   system_i/axi_interconnect_1/axi_interconnect_1/cb_mf_bready[1]
                                                       system_i/axi_interconnect_1/axi_interconnect_1/crossbar_samd/gen_sasd.crossbar_sasd_0/gen_crossbar.mi_arready_mux_inst/O_SW0
    SLICE_X56Y82.B4      net (fanout=2)        2.783   system_i/axi_interconnect_1/N18
    SLICE_X56Y82.B       Tilo                  0.124   system_i/axi_interconnect_1/N39
                                                       system_i/axi_interconnect_1/axi_interconnect_1/crossbar_samd/gen_sasd.crossbar_sasd_0/gen_crossbar.splitter_ar/out1_SW0
    SLICE_X56Y83.A2      net (fanout=2)        0.798   system_i/axi_interconnect_1/N39
    SLICE_X56Y83.A       Tilo                  0.124   system_i/axi_interconnect_1/axi_interconnect_1/crossbar_samd/gen_sasd.crossbar_sasd_0/gen_crossbar.splitter_ar/m_ready_d[1]
                                                       system_i/axi_interconnect_1/axi_interconnect_1/crossbar_samd/gen_sasd.crossbar_sasd_0/gen_crossbar.splitter_ar/out1
    SLICE_X39Y82.C4      net (fanout=3)        1.195   system_i/axi_interconnect_1/axi_interconnect_1/crossbar_samd/gen_sasd.crossbar_sasd_0/aa_arready
    SLICE_X39Y82.CLK     Tas                   0.093   system_i/axi_interconnect_1/axi_interconnect_1/crossbar_samd/gen_sasd.crossbar_sasd_0/gen_crossbar.addr_arbiter_inst/m_grant_hot_i_0
                                                       system_i/axi_interconnect_1/axi_interconnect_1/crossbar_samd/gen_sasd.crossbar_sasd_0/gen_crossbar.addr_arbiter_inst/m_grant_hot_i_0_glue_set
                                                       system_i/axi_interconnect_1/axi_interconnect_1/crossbar_samd/gen_sasd.crossbar_sasd_0/gen_crossbar.addr_arbiter_inst/m_grant_hot_i_0
    -------------------------------------------------  ---------------------------
    Total                                      8.981ns (0.921ns logic, 8.060ns route)
                                                       (10.3% logic, 89.7% route)

--------------------------------------------------------------------------------
Slack:                  10.642ns (requirement - (data path - clock path skew + uncertainty))
  Source:               system_i/axi_interconnect_1/axi_interconnect_1/crossbar_samd/gen_sasd.crossbar_sasd_0/m_atarget_hot_1 (FF)
  Destination:          system_i/axi_interconnect_1/axi_interconnect_1/crossbar_samd/gen_sasd.crossbar_sasd_0/gen_crossbar.splitter_aw/m_ready_d_2 (FF)
  Requirement:          20.000ns
  Data Path Delay:      8.952ns (Levels of Logic = 4)
  Clock Path Skew:      -0.371ns (1.366 - 1.737)
  Source Clock:         system_i/processing_system7_0_FCLK_CLK0 rising at 0.000ns
  Destination Clock:    system_i/processing_system7_0_FCLK_CLK0 rising at 20.000ns
  Clock Uncertainty:    0.035ns

  Clock Uncertainty:          0.035ns  ((TSJ^2 + TIJ^2)^1/2 + DJ) / 2 + PE
    Total System Jitter (TSJ):  0.070ns
    Total Input Jitter (TIJ):   0.000ns
    Discrete Jitter (DJ):       0.000ns
    Phase Error (PE):           0.000ns

  Maximum Data Path at Slow Process Corner: system_i/axi_interconnect_1/axi_interconnect_1/crossbar_samd/gen_sasd.crossbar_sasd_0/m_atarget_hot_1 to system_i/axi_interconnect_1/axi_interconnect_1/crossbar_samd/gen_sasd.crossbar_sasd_0/gen_crossbar.splitter_aw/m_ready_d_2
    Location             Delay type         Delay(ns)  Physical Resource
                                                       Logical Resource(s)
    -------------------------------------------------  -------------------
    SLICE_X29Y110.BQ     Tcko                  0.456   system_i/axi_interconnect_1/axi_interconnect_1/crossbar_samd/gen_sasd.crossbar_sasd_0/m_atarget_hot[2]
                                                       system_i/axi_interconnect_1/axi_interconnect_1/crossbar_samd/gen_sasd.crossbar_sasd_0/m_atarget_hot_1
    SLICE_X48Y67.A5      net (fanout=11)       2.663   system_i/axi_interconnect_1/axi_interconnect_1/crossbar_samd/gen_sasd.crossbar_sasd_0/m_atarget_hot[1]
    SLICE_X48Y67.A       Tilo                  0.124   system_i/axi_interconnect_1/axi_interconnect_1/cb_mf_awvalid[1]
                                                       system_i/axi_interconnect_1/axi_interconnect_1/crossbar_samd/gen_sasd.crossbar_sasd_0/mi_awvalid<1>1
    SLICE_X16Y43.B2      net (fanout=2)        2.141   system_i/axi_interconnect_1/axi_interconnect_1/cb_mf_awvalid[1]
    SLICE_X16Y43.B       Tilo                  0.124   system_i/axi_interconnect_1/N24
                                                       system_i/axi_interconnect_1/axi_interconnect_1/crossbar_samd/gen_sasd.crossbar_sasd_0/gen_crossbar.mi_awready_mux_inst/O_SW0
    SLICE_X39Y81.C6      net (fanout=1)        2.093   system_i/axi_interconnect_1/N16
    SLICE_X39Y81.C       Tilo                  0.124   system_i/axi_interconnect_1/axi_interconnect_1/crossbar_samd/gen_sasd.crossbar_sasd_0/gen_crossbar.addr_arbiter_inst/m_valid_i
                                                       system_i/axi_interconnect_1/axi_interconnect_1/crossbar_samd/gen_sasd.crossbar_sasd_0/gen_crossbar.mi_awready_mux_inst/O
    SLICE_X26Y74.D5      net (fanout=5)        1.182   system_i/axi_interconnect_1/axi_interconnect_1/crossbar_samd/gen_sasd.crossbar_sasd_0/mi_awready_mux
    SLICE_X26Y74.CLK     Tas                   0.045   system_i/axi_interconnect_1/axi_interconnect_1/crossbar_samd/gen_sasd.crossbar_sasd_0/gen_crossbar.splitter_aw/m_ready_d[2]
                                                       system_i/axi_interconnect_1/axi_interconnect_1/crossbar_samd/gen_sasd.crossbar_sasd_0/gen_crossbar.splitter_aw/m_ready_d_2_rstpot
                                                       system_i/axi_interconnect_1/axi_interconnect_1/crossbar_samd/gen_sasd.crossbar_sasd_0/gen_crossbar.splitter_aw/m_ready_d_2
    -------------------------------------------------  ---------------------------
    Total                                      8.952ns (0.873ns logic, 8.079ns route)
                                                       (9.8% logic, 90.2% route)

--------------------------------------------------------------------------------
Slack:                  10.659ns (requirement - (data path - clock path skew + uncertainty))
  Source:               system_i/axi_interconnect_1/axi_interconnect_1/crossbar_samd/gen_sasd.crossbar_sasd_0/m_atarget_hot_1 (FF)
  Destination:          system_i/axi_interconnect_1/axi_interconnect_1/crossbar_samd/gen_sasd.crossbar_sasd_0/gen_crossbar.addr_arbiter_inst/m_valid_i (FF)
  Requirement:          20.000ns
  Data Path Delay:      8.900ns (Levels of Logic = 4)
  Clock Path Skew:      -0.406ns (1.331 - 1.737)
  Source Clock:         system_i/processing_system7_0_FCLK_CLK0 rising at 0.000ns
  Destination Clock:    system_i/processing_system7_0_FCLK_CLK0 rising at 20.000ns
  Clock Uncertainty:    0.035ns

  Clock Uncertainty:          0.035ns  ((TSJ^2 + TIJ^2)^1/2 + DJ) / 2 + PE
    Total System Jitter (TSJ):  0.070ns
    Total Input Jitter (TIJ):   0.000ns
    Discrete Jitter (DJ):       0.000ns
    Phase Error (PE):           0.000ns

  Maximum Data Path at Slow Process Corner: system_i/axi_interconnect_1/axi_interconnect_1/crossbar_samd/gen_sasd.crossbar_sasd_0/m_atarget_hot_1 to system_i/axi_interconnect_1/axi_interconnect_1/crossbar_samd/gen_sasd.crossbar_sasd_0/gen_crossbar.addr_arbiter_inst/m_valid_i
    Location             Delay type         Delay(ns)  Physical Resource
                                                       Logical Resource(s)
    -------------------------------------------------  -------------------
    SLICE_X29Y110.BQ     Tcko                  0.456   system_i/axi_interconnect_1/axi_interconnect_1/crossbar_samd/gen_sasd.crossbar_sasd_0/m_atarget_hot[2]
                                                       system_i/axi_interconnect_1/axi_interconnect_1/crossbar_samd/gen_sasd.crossbar_sasd_0/m_atarget_hot_1
    SLICE_X17Y43.A2      net (fanout=11)       3.284   system_i/axi_interconnect_1/axi_interconnect_1/crossbar_samd/gen_sasd.crossbar_sasd_0/m_atarget_hot[1]
    SLICE_X17Y43.A       Tilo                  0.124   system_i/axi_interconnect_1/axi_interconnect_1/cb_mf_bready[1]
                                                       system_i/axi_interconnect_1/axi_interconnect_1/crossbar_samd/gen_sasd.crossbar_sasd_0/gen_crossbar.mi_arready_mux_inst/O_SW0
    SLICE_X56Y82.B4      net (fanout=2)        2.783   system_i/axi_interconnect_1/N18
    SLICE_X56Y82.B       Tilo                  0.124   system_i/axi_interconnect_1/N39
                                                       system_i/axi_interconnect_1/axi_interconnect_1/crossbar_samd/gen_sasd.crossbar_sasd_0/gen_crossbar.splitter_ar/out1_SW0
    SLICE_X57Y82.D3      net (fanout=2)        0.723   system_i/axi_interconnect_1/N39
    SLICE_X57Y82.D       Tilo                  0.124   system_i/axi_interconnect_1/N58
                                                       system_i/axi_interconnect_1/axi_interconnect_1/crossbar_samd/gen_sasd.crossbar_sasd_0/gen_crossbar.addr_arbiter_inst/m_valid_i_glue_set_SW1
    SLICE_X39Y81.D4      net (fanout=1)        1.190   system_i/axi_interconnect_1/N58
    SLICE_X39Y81.CLK     Tas                   0.092   system_i/axi_interconnect_1/axi_interconnect_1/crossbar_samd/gen_sasd.crossbar_sasd_0/gen_crossbar.addr_arbiter_inst/m_valid_i
                                                       system_i/axi_interconnect_1/axi_interconnect_1/crossbar_samd/gen_sasd.crossbar_sasd_0/gen_crossbar.addr_arbiter_inst/m_valid_i_glue_set
                                                       system_i/axi_interconnect_1/axi_interconnect_1/crossbar_samd/gen_sasd.crossbar_sasd_0/gen_crossbar.addr_arbiter_inst/m_valid_i
    -------------------------------------------------  ---------------------------
    Total                                      8.900ns (0.920ns logic, 7.980ns route)
                                                       (10.3% logic, 89.7% route)

--------------------------------------------------------------------------------
Slack:                  10.659ns (requirement - (data path - clock path skew + uncertainty))
  Source:               system_i/axi_interconnect_1/axi_interconnect_1/crossbar_samd/gen_sasd.crossbar_sasd_0/gen_crossbar.addr_arbiter_inst/grant_rnw (FF)
  Destination:          system_i/axi_interconnect_1/axi_interconnect_1/crossbar_samd/gen_sasd.crossbar_sasd_0/gen_crossbar.splitter_ar/m_ready_d_1 (FF)
  Requirement:          20.000ns
  Data Path Delay:      9.005ns (Levels of Logic = 4)
  Clock Path Skew:      -0.301ns (1.392 - 1.693)
  Source Clock:         system_i/processing_system7_0_FCLK_CLK0 rising at 0.000ns
  Destination Clock:    system_i/processing_system7_0_FCLK_CLK0 rising at 20.000ns
  Clock Uncertainty:    0.035ns

  Clock Uncertainty:          0.035ns  ((TSJ^2 + TIJ^2)^1/2 + DJ) / 2 + PE
    Total System Jitter (TSJ):  0.070ns
    Total Input Jitter (TIJ):   0.000ns
    Discrete Jitter (DJ):       0.000ns
    Phase Error (PE):           0.000ns

  Maximum Data Path at Slow Process Corner: system_i/axi_interconnect_1/axi_interconnect_1/crossbar_samd/gen_sasd.crossbar_sasd_0/gen_crossbar.addr_arbiter_inst/grant_rnw to system_i/axi_interconnect_1/axi_interconnect_1/crossbar_samd/gen_sasd.crossbar_sasd_0/gen_crossbar.splitter_ar/m_ready_d_1
    Location             Delay type         Delay(ns)  Physical Resource
                                                       Logical Resource(s)
    -------------------------------------------------  -------------------
    SLICE_X36Y100.AQ     Tcko                  0.518   system_i/axi_interconnect_1/axi_interconnect_1/crossbar_samd/gen_sasd.crossbar_sasd_0/gen_crossbar.addr_arbiter_inst/grant_rnw
                                                       system_i/axi_interconnect_1/axi_interconnect_1/crossbar_samd/gen_sasd.crossbar_sasd_0/gen_crossbar.addr_arbiter_inst/grant_rnw
    SLICE_X17Y43.A5      net (fanout=36)       3.749   system_i/axi_interconnect_1/axi_interconnect_1/crossbar_samd/gen_sasd.crossbar_sasd_0/gen_crossbar.addr_arbiter_inst/grant_rnw
    SLICE_X17Y43.A       Tilo                  0.124   system_i/axi_interconnect_1/axi_interconnect_1/cb_mf_bready[1]
                                                       system_i/axi_interconnect_1/axi_interconnect_1/crossbar_samd/gen_sasd.crossbar_sasd_0/gen_crossbar.mi_arready_mux_inst/O_SW0
    SLICE_X56Y82.B4      net (fanout=2)        2.783   system_i/axi_interconnect_1/N18
    SLICE_X56Y82.B       Tilo                  0.124   system_i/axi_interconnect_1/N39
                                                       system_i/axi_interconnect_1/axi_interconnect_1/crossbar_samd/gen_sasd.crossbar_sasd_0/gen_crossbar.splitter_ar/out1_SW0
    SLICE_X56Y83.A2      net (fanout=2)        0.798   system_i/axi_interconnect_1/N39
    SLICE_X56Y83.A       Tilo                  0.124   system_i/axi_interconnect_1/axi_interconnect_1/crossbar_samd/gen_sasd.crossbar_sasd_0/gen_crossbar.splitter_ar/m_ready_d[1]
                                                       system_i/axi_interconnect_1/axi_interconnect_1/crossbar_samd/gen_sasd.crossbar_sasd_0/gen_crossbar.splitter_ar/out1
    SLICE_X56Y83.C1      net (fanout=3)        0.692   system_i/axi_interconnect_1/axi_interconnect_1/crossbar_samd/gen_sasd.crossbar_sasd_0/aa_arready
    SLICE_X56Y83.CLK     Tas                   0.093   system_i/axi_interconnect_1/axi_interconnect_1/crossbar_samd/gen_sasd.crossbar_sasd_0/gen_crossbar.splitter_ar/m_ready_d[1]
                                                       system_i/axi_interconnect_1/axi_interconnect_1/crossbar_samd/gen_sasd.crossbar_sasd_0/gen_crossbar.splitter_ar/m_ready_d_1_rstpot
                                                       system_i/axi_interconnect_1/axi_interconnect_1/crossbar_samd/gen_sasd.crossbar_sasd_0/gen_crossbar.splitter_ar/m_ready_d_1
    -------------------------------------------------  ---------------------------
    Total                                      9.005ns (0.983ns logic, 8.022ns route)
                                                       (10.9% logic, 89.1% route)

--------------------------------------------------------------------------------
Slack:                  10.767ns (requirement - (data path - clock path skew + uncertainty))
  Source:               system_i/axi_interconnect_1/axi_interconnect_1/crossbar_samd/gen_sasd.crossbar_sasd_0/m_atarget_hot_1 (FF)
  Destination:          system_i/axi_interconnect_1/axi_interconnect_1/crossbar_samd/gen_sasd.crossbar_sasd_0/gen_crossbar.addr_arbiter_inst/m_grant_hot_i_0 (FF)
  Requirement:          20.000ns
  Data Path Delay:      8.794ns (Levels of Logic = 5)
  Clock Path Skew:      -0.404ns (1.333 - 1.737)
  Source Clock:         system_i/processing_system7_0_FCLK_CLK0 rising at 0.000ns
  Destination Clock:    system_i/processing_system7_0_FCLK_CLK0 rising at 20.000ns
  Clock Uncertainty:    0.035ns

  Clock Uncertainty:          0.035ns  ((TSJ^2 + TIJ^2)^1/2 + DJ) / 2 + PE
    Total System Jitter (TSJ):  0.070ns
    Total Input Jitter (TIJ):   0.000ns
    Discrete Jitter (DJ):       0.000ns
    Phase Error (PE):           0.000ns

  Maximum Data Path at Slow Process Corner: system_i/axi_interconnect_1/axi_interconnect_1/crossbar_samd/gen_sasd.crossbar_sasd_0/m_atarget_hot_1 to system_i/axi_interconnect_1/axi_interconnect_1/crossbar_samd/gen_sasd.crossbar_sasd_0/gen_crossbar.addr_arbiter_inst/m_grant_hot_i_0
    Location             Delay type         Delay(ns)  Physical Resource
                                                       Logical Resource(s)
    -------------------------------------------------  -------------------
    SLICE_X29Y110.BQ     Tcko                  0.456   system_i/axi_interconnect_1/axi_interconnect_1/crossbar_samd/gen_sasd.crossbar_sasd_0/m_atarget_hot[2]
                                                       system_i/axi_interconnect_1/axi_interconnect_1/crossbar_samd/gen_sasd.crossbar_sasd_0/m_atarget_hot_1
    SLICE_X48Y67.A5      net (fanout=11)       2.663   system_i/axi_interconnect_1/axi_interconnect_1/crossbar_samd/gen_sasd.crossbar_sasd_0/m_atarget_hot[1]
    SLICE_X48Y67.A       Tilo                  0.124   system_i/axi_interconnect_1/axi_interconnect_1/cb_mf_awvalid[1]
                                                       system_i/axi_interconnect_1/axi_interconnect_1/crossbar_samd/gen_sasd.crossbar_sasd_0/mi_awvalid<1>1
    SLICE_X16Y43.B2      net (fanout=2)        2.141   system_i/axi_interconnect_1/axi_interconnect_1/cb_mf_awvalid[1]
    SLICE_X16Y43.B       Tilo                  0.124   system_i/axi_interconnect_1/N24
                                                       system_i/axi_interconnect_1/axi_interconnect_1/crossbar_samd/gen_sasd.crossbar_sasd_0/gen_crossbar.mi_awready_mux_inst/O_SW0
    SLICE_X39Y81.C6      net (fanout=1)        2.093   system_i/axi_interconnect_1/N16
    SLICE_X39Y81.C       Tilo                  0.124   system_i/axi_interconnect_1/axi_interconnect_1/crossbar_samd/gen_sasd.crossbar_sasd_0/gen_crossbar.addr_arbiter_inst/m_valid_i
                                                       system_i/axi_interconnect_1/axi_interconnect_1/crossbar_samd/gen_sasd.crossbar_sasd_0/gen_crossbar.mi_awready_mux_inst/O
    SLICE_X39Y82.D4      net (fanout=5)        0.589   system_i/axi_interconnect_1/axi_interconnect_1/crossbar_samd/gen_sasd.crossbar_sasd_0/mi_awready_mux
    SLICE_X39Y82.D       Tilo                  0.124   system_i/axi_interconnect_1/axi_interconnect_1/crossbar_samd/gen_sasd.crossbar_sasd_0/gen_crossbar.addr_arbiter_inst/m_grant_hot_i_0
                                                       system_i/axi_interconnect_1/axi_interconnect_1/crossbar_samd/gen_sasd.crossbar_sasd_0/gen_crossbar.splitter_aw/out1
    SLICE_X39Y82.C5      net (fanout=1)        0.263   system_i/axi_interconnect_1/axi_interconnect_1/crossbar_samd/gen_sasd.crossbar_sasd_0/aa_awready
    SLICE_X39Y82.CLK     Tas                   0.093   system_i/axi_interconnect_1/axi_interconnect_1/crossbar_samd/gen_sasd.crossbar_sasd_0/gen_crossbar.addr_arbiter_inst/m_grant_hot_i_0
                                                       system_i/axi_interconnect_1/axi_interconnect_1/crossbar_samd/gen_sasd.crossbar_sasd_0/gen_crossbar.addr_arbiter_inst/m_grant_hot_i_0_glue_set
                                                       system_i/axi_interconnect_1/axi_interconnect_1/crossbar_samd/gen_sasd.crossbar_sasd_0/gen_crossbar.addr_arbiter_inst/m_grant_hot_i_0
    -------------------------------------------------  ---------------------------
    Total                                      8.794ns (1.045ns logic, 7.749ns route)
                                                       (11.9% logic, 88.1% route)

--------------------------------------------------------------------------------
Slack:                  10.822ns (requirement - (data path - clock path skew + uncertainty))
  Source:               system_i/axi_gpio_for_output/axi_gpio_for_output/AXI_LITE_IPIF_I/I_SLAVE_ATTACHMENT/INCLUDE_DPHASE_TIMER.dpto_cnt_3 (FF)
  Destination:          system_i/axi_interconnect_1/axi_interconnect_1/crossbar_samd/gen_sasd.crossbar_sasd_0/gen_crossbar.addr_arbiter_inst/m_valid_i_1 (FF)
  Requirement:          20.000ns
  Data Path Delay:      8.905ns (Levels of Logic = 6)
  Clock Path Skew:      -0.238ns (1.322 - 1.560)
  Source Clock:         system_i/processing_system7_0_FCLK_CLK0 rising at 0.000ns
  Destination Clock:    system_i/processing_system7_0_FCLK_CLK0 rising at 20.000ns
  Clock Uncertainty:    0.035ns

  Clock Uncertainty:          0.035ns  ((TSJ^2 + TIJ^2)^1/2 + DJ) / 2 + PE
    Total System Jitter (TSJ):  0.070ns
    Total Input Jitter (TIJ):   0.000ns
    Discrete Jitter (DJ):       0.000ns
    Phase Error (PE):           0.000ns

  Maximum Data Path at Slow Process Corner: system_i/axi_gpio_for_output/axi_gpio_for_output/AXI_LITE_IPIF_I/I_SLAVE_ATTACHMENT/INCLUDE_DPHASE_TIMER.dpto_cnt_3 to system_i/axi_interconnect_1/axi_interconnect_1/crossbar_samd/gen_sasd.crossbar_sasd_0/gen_crossbar.addr_arbiter_inst/m_valid_i_1
    Location             Delay type         Delay(ns)  Physical Resource
                                                       Logical Resource(s)
    -------------------------------------------------  -------------------
    SLICE_X55Y50.CQ      Tcko                  0.456   system_i/axi_gpio_for_output/axi_gpio_for_output/AXI_LITE_IPIF_I/I_SLAVE_ATTACHMENT/INCLUDE_DPHASE_TIMER.dpto_cnt[3]
                                                       system_i/axi_gpio_for_output/axi_gpio_for_output/AXI_LITE_IPIF_I/I_SLAVE_ATTACHMENT/INCLUDE_DPHASE_TIMER.dpto_cnt_3
    SLICE_X56Y60.A1      net (fanout=7)        1.253   system_i/axi_gpio_for_output/axi_gpio_for_output/AXI_LITE_IPIF_I/I_SLAVE_ATTACHMENT/INCLUDE_DPHASE_TIMER.dpto_cnt[3]
    SLICE_X56Y60.AMUX    Tilo                  0.354   system_i/axi_interconnect_1/DEBUG_MC_MP_BRESP[0]
                                                       system_i/axi_gpio_for_output/axi_gpio_for_output/AXI_LITE_IPIF_I/I_SLAVE_ATTACHMENT/wr_done1
    SLICE_X39Y67.D2      net (fanout=3)        1.926   system_i/axi_interconnect_1_M_AWREADY[0]
    SLICE_X39Y67.DMUX    Tilo                  0.358   system_i/axi_interconnect_1/DEBUG_MC_MP_RDATACONTROL[0]
                                                       system_i/axi_interconnect_1/axi_interconnect_1/mi_protocol_conv_bank/gen_protocol_slot[0].gen_prot_conv.conv_inst/gen_axilite.gen_axilite_conv.axilite_conv_inst/S_AXI_WREADY1
    SLICE_X26Y72.A6      net (fanout=1)        0.936   system_i/axi_interconnect_1/DEBUG_MC_MP_WDATACONTROL[1]
    SLICE_X26Y72.A       Tilo                  0.124   system_i/axi_interconnect_1/axi_interconnect_1/crossbar_samd/gen_sasd.crossbar_sasd_0/w_complete_mux
                                                       system_i/axi_interconnect_1/axi_interconnect_1/crossbar_samd/gen_sasd.crossbar_sasd_0/gen_crossbar.mi_wready_mux_inst/o_i
    SLICE_X26Y72.B5      net (fanout=4)        0.314   system_i/axi_interconnect_1/axi_interconnect_1/crossbar_samd/gen_sasd.crossbar_sasd_0/gen_crossbar.mi_wready_mux_inst/o_i
    SLICE_X26Y72.B       Tilo                  0.124   system_i/axi_interconnect_1/axi_interconnect_1/crossbar_samd/gen_sasd.crossbar_sasd_0/w_complete_mux
                                                       system_i/axi_interconnect_1/axi_interconnect_1/crossbar_samd/gen_sasd.crossbar_sasd_0/w_complete_mux1
    SLICE_X38Y81.A2      net (fanout=3)        1.532   system_i/axi_interconnect_1/axi_interconnect_1/crossbar_samd/gen_sasd.crossbar_sasd_0/w_complete_mux
    SLICE_X38Y81.A       Tilo                  0.124   system_i/axi_interconnect_1/axi_interconnect_1/crossbar_samd/gen_sasd.crossbar_sasd_0/n0392[2]
                                                       system_i/axi_interconnect_1/axi_interconnect_1/crossbar_samd/gen_sasd.crossbar_sasd_0/gen_crossbar.addr_arbiter_inst/m_valid_i_glue_set_SW2
    SLICE_X39Y81.D5      net (fanout=1)        0.403   system_i/axi_interconnect_1/N59
    SLICE_X39Y81.D       Tilo                  0.124   system_i/axi_interconnect_1/axi_interconnect_1/crossbar_samd/gen_sasd.crossbar_sasd_0/gen_crossbar.addr_arbiter_inst/m_valid_i
                                                       system_i/axi_interconnect_1/axi_interconnect_1/crossbar_samd/gen_sasd.crossbar_sasd_0/gen_crossbar.addr_arbiter_inst/m_valid_i_glue_set
    SLICE_X48Y75.DX      net (fanout=1)        0.837   system_i/axi_interconnect_1/axi_interconnect_1/crossbar_samd/gen_sasd.crossbar_sasd_0/gen_crossbar.addr_arbiter_inst/m_valid_i_glue_set
    SLICE_X48Y75.CLK     Tdick                 0.040   system_i/axi_interconnect_1/axi_interconnect_1/crossbar_samd/gen_sasd.crossbar_sasd_0/gen_crossbar.addr_arbiter_inst/m_valid_i_1
                                                       system_i/axi_interconnect_1/axi_interconnect_1/crossbar_samd/gen_sasd.crossbar_sasd_0/gen_crossbar.addr_arbiter_inst/m_valid_i_1
    -------------------------------------------------  ---------------------------
    Total                                      8.905ns (1.704ns logic, 7.201ns route)
                                                       (19.1% logic, 80.9% route)

--------------------------------------------------------------------------------
Slack:                  10.828ns (requirement - (data path - clock path skew + uncertainty))
  Source:               system_i/axi_gpio_for_input/axi_gpio_for_input/AXI_LITE_IPIF_I/I_SLAVE_ATTACHMENT/INCLUDE_DPHASE_TIMER.dpto_cnt_3 (FF)
  Destination:          system_i/axi_interconnect_1/axi_interconnect_1/crossbar_samd/gen_sasd.crossbar_sasd_0/gen_crossbar.addr_arbiter_inst/m_valid_i_1 (FF)
  Requirement:          20.000ns
  Data Path Delay:      8.858ns (Levels of Logic = 6)
  Clock Path Skew:      -0.279ns (1.459 - 1.738)
  Source Clock:         system_i/processing_system7_0_FCLK_CLK0 rising at 0.000ns
  Destination Clock:    system_i/processing_system7_0_FCLK_CLK0 rising at 20.000ns
  Clock Uncertainty:    0.035ns

  Clock Uncertainty:          0.035ns  ((TSJ^2 + TIJ^2)^1/2 + DJ) / 2 + PE
    Total System Jitter (TSJ):  0.070ns
    Total Input Jitter (TIJ):   0.000ns
    Discrete Jitter (DJ):       0.000ns
    Phase Error (PE):           0.000ns

  Maximum Data Path at Slow Process Corner: system_i/axi_gpio_for_input/axi_gpio_for_input/AXI_LITE_IPIF_I/I_SLAVE_ATTACHMENT/INCLUDE_DPHASE_TIMER.dpto_cnt_3 to system_i/axi_interconnect_1/axi_interconnect_1/crossbar_samd/gen_sasd.crossbar_sasd_0/gen_crossbar.addr_arbiter_inst/m_valid_i_1
    Location             Delay type         Delay(ns)  Physical Resource
                                                       Logical Resource(s)
    -------------------------------------------------  -------------------
    SLICE_X15Y26.CQ      Tcko                  0.456   system_i/axi_gpio_for_input/axi_gpio_for_input/AXI_LITE_IPIF_I/I_SLAVE_ATTACHMENT/INCLUDE_DPHASE_TIMER.dpto_cnt[3]
                                                       system_i/axi_gpio_for_input/axi_gpio_for_input/AXI_LITE_IPIF_I/I_SLAVE_ATTACHMENT/INCLUDE_DPHASE_TIMER.dpto_cnt_3
    SLICE_X14Y39.D2      net (fanout=7)        1.235   system_i/axi_gpio_for_input/axi_gpio_for_input/AXI_LITE_IPIF_I/I_SLAVE_ATTACHMENT/INCLUDE_DPHASE_TIMER.dpto_cnt[3]
    SLICE_X14Y39.DMUX    Tilo                  0.388   system_i/axi_gpio_for_input/axi_gpio_for_input/ip2bus_wrack_i_D1
                                                       system_i/axi_gpio_for_input/axi_gpio_for_input/AXI_LITE_IPIF_I/I_SLAVE_ATTACHMENT/wr_done1
    SLICE_X17Y43.B5      net (fanout=3)        0.779   system_i/axi_interconnect_1_M_AWREADY[1]
    SLICE_X17Y43.B       Tilo                  0.124   system_i/axi_interconnect_1/axi_interconnect_1/cb_mf_bready[1]
                                                       system_i/axi_interconnect_1/axi_interconnect_1/crossbar_samd/gen_sasd.crossbar_sasd_0/gen_crossbar.mi_wready_mux_inst/o_i_SW0
    SLICE_X26Y72.A2      net (fanout=1)        2.254   system_i/axi_interconnect_1/N14
    SLICE_X26Y72.A       Tilo                  0.124   system_i/axi_interconnect_1/axi_interconnect_1/crossbar_samd/gen_sasd.crossbar_sasd_0/w_complete_mux
                                                       system_i/axi_interconnect_1/axi_interconnect_1/crossbar_samd/gen_sasd.crossbar_sasd_0/gen_crossbar.mi_wready_mux_inst/o_i
    SLICE_X26Y72.B5      net (fanout=4)        0.314   system_i/axi_interconnect_1/axi_interconnect_1/crossbar_samd/gen_sasd.crossbar_sasd_0/gen_crossbar.mi_wready_mux_inst/o_i
    SLICE_X26Y72.B       Tilo                  0.124   system_i/axi_interconnect_1/axi_interconnect_1/crossbar_samd/gen_sasd.crossbar_sasd_0/w_complete_mux
                                                       system_i/axi_interconnect_1/axi_interconnect_1/crossbar_samd/gen_sasd.crossbar_sasd_0/w_complete_mux1
    SLICE_X38Y81.A2      net (fanout=3)        1.532   system_i/axi_interconnect_1/axi_interconnect_1/crossbar_samd/gen_sasd.crossbar_sasd_0/w_complete_mux
    SLICE_X38Y81.A       Tilo                  0.124   system_i/axi_interconnect_1/axi_interconnect_1/crossbar_samd/gen_sasd.crossbar_sasd_0/n0392[2]
                                                       system_i/axi_interconnect_1/axi_interconnect_1/crossbar_samd/gen_sasd.crossbar_sasd_0/gen_crossbar.addr_arbiter_inst/m_valid_i_glue_set_SW2
    SLICE_X39Y81.D5      net (fanout=1)        0.403   system_i/axi_interconnect_1/N59
    SLICE_X39Y81.D       Tilo                  0.124   system_i/axi_interconnect_1/axi_interconnect_1/crossbar_samd/gen_sasd.crossbar_sasd_0/gen_crossbar.addr_arbiter_inst/m_valid_i
                                                       system_i/axi_interconnect_1/axi_interconnect_1/crossbar_samd/gen_sasd.crossbar_sasd_0/gen_crossbar.addr_arbiter_inst/m_valid_i_glue_set
    SLICE_X48Y75.DX      net (fanout=1)        0.837   system_i/axi_interconnect_1/axi_interconnect_1/crossbar_samd/gen_sasd.crossbar_sasd_0/gen_crossbar.addr_arbiter_inst/m_valid_i_glue_set
    SLICE_X48Y75.CLK     Tdick                 0.040   system_i/axi_interconnect_1/axi_interconnect_1/crossbar_samd/gen_sasd.crossbar_sasd_0/gen_crossbar.addr_arbiter_inst/m_valid_i_1
                                                       system_i/axi_interconnect_1/axi_interconnect_1/crossbar_samd/gen_sasd.crossbar_sasd_0/gen_crossbar.addr_arbiter_inst/m_valid_i_1
    -------------------------------------------------  ---------------------------
    Total                                      8.858ns (1.504ns logic, 7.354ns route)
                                                       (17.0% logic, 83.0% route)

--------------------------------------------------------------------------------
Slack:                  10.829ns (requirement - (data path - clock path skew + uncertainty))
  Source:               system_i/axi_interconnect_1/axi_interconnect_1/crossbar_samd/gen_sasd.crossbar_sasd_0/gen_crossbar.splitter_aw/m_ready_d_2 (FF)
  Destination:          system_i/axi_interconnect_1/axi_interconnect_1/crossbar_samd/gen_sasd.crossbar_sasd_0/gen_crossbar.addr_arbiter_inst/m_valid_i_1 (FF)
  Requirement:          20.000ns
  Data Path Delay:      9.035ns (Levels of Logic = 4)
  Clock Path Skew:      -0.101ns (0.752 - 0.853)
  Source Clock:         system_i/processing_system7_0_FCLK_CLK0 rising at 0.000ns
  Destination Clock:    system_i/processing_system7_0_FCLK_CLK0 rising at 20.000ns
  Clock Uncertainty:    0.035ns

  Clock Uncertainty:          0.035ns  ((TSJ^2 + TIJ^2)^1/2 + DJ) / 2 + PE
    Total System Jitter (TSJ):  0.070ns
    Total Input Jitter (TIJ):   0.000ns
    Discrete Jitter (DJ):       0.000ns
    Phase Error (PE):           0.000ns

  Maximum Data Path at Slow Process Corner: system_i/axi_interconnect_1/axi_interconnect_1/crossbar_samd/gen_sasd.crossbar_sasd_0/gen_crossbar.splitter_aw/m_ready_d_2 to system_i/axi_interconnect_1/axi_interconnect_1/crossbar_samd/gen_sasd.crossbar_sasd_0/gen_crossbar.addr_arbiter_inst/m_valid_i_1
    Location             Delay type         Delay(ns)  Physical Resource
                                                       Logical Resource(s)
    -------------------------------------------------  -------------------
    SLICE_X26Y74.DQ      Tcko                  0.518   system_i/axi_interconnect_1/axi_interconnect_1/crossbar_samd/gen_sasd.crossbar_sasd_0/gen_crossbar.splitter_aw/m_ready_d[2]
                                                       system_i/axi_interconnect_1/axi_interconnect_1/crossbar_samd/gen_sasd.crossbar_sasd_0/gen_crossbar.splitter_aw/m_ready_d_2
    SLICE_X48Y67.A2      net (fanout=11)       2.004   system_i/axi_interconnect_1/axi_interconnect_1/crossbar_samd/gen_sasd.crossbar_sasd_0/gen_crossbar.splitter_aw/m_ready_d[2]
    SLICE_X48Y67.A       Tilo                  0.124   system_i/axi_interconnect_1/axi_interconnect_1/cb_mf_awvalid[1]
                                                       system_i/axi_interconnect_1/axi_interconnect_1/crossbar_samd/gen_sasd.crossbar_sasd_0/mi_awvalid<1>1
    SLICE_X16Y43.B2      net (fanout=2)        2.141   system_i/axi_interconnect_1/axi_interconnect_1/cb_mf_awvalid[1]
    SLICE_X16Y43.B       Tilo                  0.124   system_i/axi_interconnect_1/N24
                                                       system_i/axi_interconnect_1/axi_interconnect_1/crossbar_samd/gen_sasd.crossbar_sasd_0/gen_crossbar.mi_awready_mux_inst/O_SW0
    SLICE_X39Y81.C6      net (fanout=1)        2.093   system_i/axi_interconnect_1/N16
    SLICE_X39Y81.C       Tilo                  0.124   system_i/axi_interconnect_1/axi_interconnect_1/crossbar_samd/gen_sasd.crossbar_sasd_0/gen_crossbar.addr_arbiter_inst/m_valid_i
                                                       system_i/axi_interconnect_1/axi_interconnect_1/crossbar_samd/gen_sasd.crossbar_sasd_0/gen_crossbar.mi_awready_mux_inst/O
    SLICE_X39Y81.D1      net (fanout=5)        0.906   system_i/axi_interconnect_1/axi_interconnect_1/crossbar_samd/gen_sasd.crossbar_sasd_0/mi_awready_mux
    SLICE_X39Y81.D       Tilo                  0.124   system_i/axi_interconnect_1/axi_interconnect_1/crossbar_samd/gen_sasd.crossbar_sasd_0/gen_crossbar.addr_arbiter_inst/m_valid_i
                                                       system_i/axi_interconnect_1/axi_interconnect_1/crossbar_samd/gen_sasd.crossbar_sasd_0/gen_crossbar.addr_arbiter_inst/m_valid_i_glue_set
    SLICE_X48Y75.DX      net (fanout=1)        0.837   system_i/axi_interconnect_1/axi_interconnect_1/crossbar_samd/gen_sasd.crossbar_sasd_0/gen_crossbar.addr_arbiter_inst/m_valid_i_glue_set
    SLICE_X48Y75.CLK     Tdick                 0.040   system_i/axi_interconnect_1/axi_interconnect_1/crossbar_samd/gen_sasd.crossbar_sasd_0/gen_crossbar.addr_arbiter_inst/m_valid_i_1
                                                       system_i/axi_interconnect_1/axi_interconnect_1/crossbar_samd/gen_sasd.crossbar_sasd_0/gen_crossbar.addr_arbiter_inst/m_valid_i_1
    -------------------------------------------------  ---------------------------
    Total                                      9.035ns (1.054ns logic, 7.981ns route)
                                                       (11.7% logic, 88.3% route)

--------------------------------------------------------------------------------
Slack:                  10.836ns (requirement - (data path - clock path skew + uncertainty))
  Source:               system_i/axi_interconnect_1/axi_interconnect_1/crossbar_samd/gen_sasd.crossbar_sasd_0/m_atarget_hot_1 (FF)
  Destination:          system_i/axi_interconnect_1/axi_interconnect_1/crossbar_samd/gen_sasd.crossbar_sasd_0/gen_crossbar.addr_arbiter_inst/m_valid_i (FF)
  Requirement:          20.000ns
  Data Path Delay:      8.723ns (Levels of Logic = 4)
  Clock Path Skew:      -0.406ns (1.331 - 1.737)
  Source Clock:         system_i/processing_system7_0_FCLK_CLK0 rising at 0.000ns
  Destination Clock:    system_i/processing_system7_0_FCLK_CLK0 rising at 20.000ns
  Clock Uncertainty:    0.035ns

  Clock Uncertainty:          0.035ns  ((TSJ^2 + TIJ^2)^1/2 + DJ) / 2 + PE
    Total System Jitter (TSJ):  0.070ns
    Total Input Jitter (TIJ):   0.000ns
    Discrete Jitter (DJ):       0.000ns
    Phase Error (PE):           0.000ns

  Maximum Data Path at Slow Process Corner: system_i/axi_interconnect_1/axi_interconnect_1/crossbar_samd/gen_sasd.crossbar_sasd_0/m_atarget_hot_1 to system_i/axi_interconnect_1/axi_interconnect_1/crossbar_samd/gen_sasd.crossbar_sasd_0/gen_crossbar.addr_arbiter_inst/m_valid_i
    Location             Delay type         Delay(ns)  Physical Resource
                                                       Logical Resource(s)
    -------------------------------------------------  -------------------
    SLICE_X29Y110.BQ     Tcko                  0.456   system_i/axi_interconnect_1/axi_interconnect_1/crossbar_samd/gen_sasd.crossbar_sasd_0/m_atarget_hot[2]
                                                       system_i/axi_interconnect_1/axi_interconnect_1/crossbar_samd/gen_sasd.crossbar_sasd_0/m_atarget_hot_1
    SLICE_X48Y67.A5      net (fanout=11)       2.663   system_i/axi_interconnect_1/axi_interconnect_1/crossbar_samd/gen_sasd.crossbar_sasd_0/m_atarget_hot[1]
    SLICE_X48Y67.A       Tilo                  0.124   system_i/axi_interconnect_1/axi_interconnect_1/cb_mf_awvalid[1]
                                                       system_i/axi_interconnect_1/axi_interconnect_1/crossbar_samd/gen_sasd.crossbar_sasd_0/mi_awvalid<1>1
    SLICE_X16Y43.B2      net (fanout=2)        2.141   system_i/axi_interconnect_1/axi_interconnect_1/cb_mf_awvalid[1]
    SLICE_X16Y43.B       Tilo                  0.124   system_i/axi_interconnect_1/N24
                                                       system_i/axi_interconnect_1/axi_interconnect_1/crossbar_samd/gen_sasd.crossbar_sasd_0/gen_crossbar.mi_awready_mux_inst/O_SW0
    SLICE_X39Y81.C6      net (fanout=1)        2.093   system_i/axi_interconnect_1/N16
    SLICE_X39Y81.C       Tilo                  0.124   system_i/axi_interconnect_1/axi_interconnect_1/crossbar_samd/gen_sasd.crossbar_sasd_0/gen_crossbar.addr_arbiter_inst/m_valid_i
                                                       system_i/axi_interconnect_1/axi_interconnect_1/crossbar_samd/gen_sasd.crossbar_sasd_0/gen_crossbar.mi_awready_mux_inst/O
    SLICE_X39Y81.D1      net (fanout=5)        0.906   system_i/axi_interconnect_1/axi_interconnect_1/crossbar_samd/gen_sasd.crossbar_sasd_0/mi_awready_mux
    SLICE_X39Y81.CLK     Tas                   0.092   system_i/axi_interconnect_1/axi_interconnect_1/crossbar_samd/gen_sasd.crossbar_sasd_0/gen_crossbar.addr_arbiter_inst/m_valid_i
                                                       system_i/axi_interconnect_1/axi_interconnect_1/crossbar_samd/gen_sasd.crossbar_sasd_0/gen_crossbar.addr_arbiter_inst/m_valid_i_glue_set
                                                       system_i/axi_interconnect_1/axi_interconnect_1/crossbar_samd/gen_sasd.crossbar_sasd_0/gen_crossbar.addr_arbiter_inst/m_valid_i
    -------------------------------------------------  ---------------------------
    Total                                      8.723ns (0.920ns logic, 7.803ns route)
                                                       (10.5% logic, 89.5% route)

--------------------------------------------------------------------------------
Slack:                  10.872ns (requirement - (data path - clock path skew + uncertainty))
  Source:               system_i/axi_interconnect_1/axi_interconnect_1/crossbar_samd/gen_sasd.crossbar_sasd_0/gen_crossbar.addr_arbiter_inst/grant_rnw (FF)
  Destination:          system_i/axi_interconnect_1/axi_interconnect_1/crossbar_samd/gen_sasd.crossbar_sasd_0/gen_crossbar.splitter_aw/m_ready_d_0 (FF)
  Requirement:          20.000ns
  Data Path Delay:      8.766ns (Levels of Logic = 4)
  Clock Path Skew:      -0.327ns (1.366 - 1.693)
  Source Clock:         system_i/processing_system7_0_FCLK_CLK0 rising at 0.000ns
  Destination Clock:    system_i/processing_system7_0_FCLK_CLK0 rising at 20.000ns
  Clock Uncertainty:    0.035ns

  Clock Uncertainty:          0.035ns  ((TSJ^2 + TIJ^2)^1/2 + DJ) / 2 + PE
    Total System Jitter (TSJ):  0.070ns
    Total Input Jitter (TIJ):   0.000ns
    Discrete Jitter (DJ):       0.000ns
    Phase Error (PE):           0.000ns

  Maximum Data Path at Slow Process Corner: system_i/axi_interconnect_1/axi_interconnect_1/crossbar_samd/gen_sasd.crossbar_sasd_0/gen_crossbar.addr_arbiter_inst/grant_rnw to system_i/axi_interconnect_1/axi_interconnect_1/crossbar_samd/gen_sasd.crossbar_sasd_0/gen_crossbar.splitter_aw/m_ready_d_0
    Location             Delay type         Delay(ns)  Physical Resource
                                                       Logical Resource(s)
    -------------------------------------------------  -------------------
    SLICE_X36Y100.AQ     Tcko                  0.518   system_i/axi_interconnect_1/axi_interconnect_1/crossbar_samd/gen_sasd.crossbar_sasd_0/gen_crossbar.addr_arbiter_inst/grant_rnw
                                                       system_i/axi_interconnect_1/axi_interconnect_1/crossbar_samd/gen_sasd.crossbar_sasd_0/gen_crossbar.addr_arbiter_inst/grant_rnw
    SLICE_X16Y43.A5      net (fanout=36)       3.763   system_i/axi_interconnect_1/axi_interconnect_1/crossbar_samd/gen_sasd.crossbar_sasd_0/gen_crossbar.addr_arbiter_inst/grant_rnw
    SLICE_X16Y43.A       Tilo                  0.124   system_i/axi_interconnect_1/N24
                                                       system_i/axi_interconnect_1/axi_interconnect_1/crossbar_samd/gen_sasd.crossbar_sasd_0/mi_arvalid<1>1
    SLICE_X16Y43.B6      net (fanout=4)        0.397   system_i/axi_interconnect_1/axi_interconnect_1/cb_mf_arvalid[1]
    SLICE_X16Y43.B       Tilo                  0.124   system_i/axi_interconnect_1/N24
                                                       system_i/axi_interconnect_1/axi_interconnect_1/crossbar_samd/gen_sasd.crossbar_sasd_0/gen_crossbar.mi_awready_mux_inst/O_SW0
    SLICE_X39Y81.C6      net (fanout=1)        2.093   system_i/axi_interconnect_1/N16
    SLICE_X39Y81.C       Tilo                  0.124   system_i/axi_interconnect_1/axi_interconnect_1/crossbar_samd/gen_sasd.crossbar_sasd_0/gen_crossbar.addr_arbiter_inst/m_valid_i
                                                       system_i/axi_interconnect_1/axi_interconnect_1/crossbar_samd/gen_sasd.crossbar_sasd_0/gen_crossbar.mi_awready_mux_inst/O
    SLICE_X26Y74.A1      net (fanout=5)        1.576   system_i/axi_interconnect_1/axi_interconnect_1/crossbar_samd/gen_sasd.crossbar_sasd_0/mi_awready_mux
    SLICE_X26Y74.CLK     Tas                   0.047   system_i/axi_interconnect_1/axi_interconnect_1/crossbar_samd/gen_sasd.crossbar_sasd_0/gen_crossbar.splitter_aw/m_ready_d[2]
                                                       system_i/axi_interconnect_1/axi_interconnect_1/crossbar_samd/gen_sasd.crossbar_sasd_0/gen_crossbar.splitter_aw/m_ready_d_0_rstpot
                                                       system_i/axi_interconnect_1/axi_interconnect_1/crossbar_samd/gen_sasd.crossbar_sasd_0/gen_crossbar.splitter_aw/m_ready_d_0
    -------------------------------------------------  ---------------------------
    Total                                      8.766ns (0.937ns logic, 7.829ns route)
                                                       (10.7% logic, 89.3% route)

--------------------------------------------------------------------------------
Slack:                  10.886ns (requirement - (data path - clock path skew + uncertainty))
  Source:               system_i/axi_interconnect_1/axi_interconnect_1/crossbar_samd/gen_sasd.crossbar_sasd_0/gen_crossbar.addr_arbiter_inst/grant_rnw (FF)
  Destination:          system_i/axi_interconnect_1/axi_interconnect_1/crossbar_samd/gen_sasd.crossbar_sasd_0/gen_crossbar.splitter_aw/m_ready_d_1 (FF)
  Requirement:          20.000ns
  Data Path Delay:      8.752ns (Levels of Logic = 4)
  Clock Path Skew:      -0.327ns (1.366 - 1.693)
  Source Clock:         system_i/processing_system7_0_FCLK_CLK0 rising at 0.000ns
  Destination Clock:    system_i/processing_system7_0_FCLK_CLK0 rising at 20.000ns
  Clock Uncertainty:    0.035ns

  Clock Uncertainty:          0.035ns  ((TSJ^2 + TIJ^2)^1/2 + DJ) / 2 + PE
    Total System Jitter (TSJ):  0.070ns
    Total Input Jitter (TIJ):   0.000ns
    Discrete Jitter (DJ):       0.000ns
    Phase Error (PE):           0.000ns

  Maximum Data Path at Slow Process Corner: system_i/axi_interconnect_1/axi_interconnect_1/crossbar_samd/gen_sasd.crossbar_sasd_0/gen_crossbar.addr_arbiter_inst/grant_rnw to system_i/axi_interconnect_1/axi_interconnect_1/crossbar_samd/gen_sasd.crossbar_sasd_0/gen_crossbar.splitter_aw/m_ready_d_1
    Location             Delay type         Delay(ns)  Physical Resource
                                                       Logical Resource(s)
    -------------------------------------------------  -------------------
    SLICE_X36Y100.AQ     Tcko                  0.518   system_i/axi_interconnect_1/axi_interconnect_1/crossbar_samd/gen_sasd.crossbar_sasd_0/gen_crossbar.addr_arbiter_inst/grant_rnw
                                                       system_i/axi_interconnect_1/axi_interconnect_1/crossbar_samd/gen_sasd.crossbar_sasd_0/gen_crossbar.addr_arbiter_inst/grant_rnw
    SLICE_X16Y43.A5      net (fanout=36)       3.763   system_i/axi_interconnect_1/axi_interconnect_1/crossbar_samd/gen_sasd.crossbar_sasd_0/gen_crossbar.addr_arbiter_inst/grant_rnw
    SLICE_X16Y43.A       Tilo                  0.124   system_i/axi_interconnect_1/N24
                                                       system_i/axi_interconnect_1/axi_interconnect_1/crossbar_samd/gen_sasd.crossbar_sasd_0/mi_arvalid<1>1
    SLICE_X16Y43.B6      net (fanout=4)        0.397   system_i/axi_interconnect_1/axi_interconnect_1/cb_mf_arvalid[1]
    SLICE_X16Y43.B       Tilo                  0.124   system_i/axi_interconnect_1/N24
                                                       system_i/axi_interconnect_1/axi_interconnect_1/crossbar_samd/gen_sasd.crossbar_sasd_0/gen_crossbar.mi_awready_mux_inst/O_SW0
    SLICE_X39Y81.C6      net (fanout=1)        2.093   system_i/axi_interconnect_1/N16
    SLICE_X39Y81.C       Tilo                  0.124   system_i/axi_interconnect_1/axi_interconnect_1/crossbar_samd/gen_sasd.crossbar_sasd_0/gen_crossbar.addr_arbiter_inst/m_valid_i
                                                       system_i/axi_interconnect_1/axi_interconnect_1/crossbar_samd/gen_sasd.crossbar_sasd_0/gen_crossbar.mi_awready_mux_inst/O
    SLICE_X26Y74.B1      net (fanout=5)        1.566   system_i/axi_interconnect_1/axi_interconnect_1/crossbar_samd/gen_sasd.crossbar_sasd_0/mi_awready_mux
    SLICE_X26Y74.CLK     Tas                   0.043   system_i/axi_interconnect_1/axi_interconnect_1/crossbar_samd/gen_sasd.crossbar_sasd_0/gen_crossbar.splitter_aw/m_ready_d[2]
                                                       system_i/axi_interconnect_1/axi_interconnect_1/crossbar_samd/gen_sasd.crossbar_sasd_0/gen_crossbar.splitter_aw/m_ready_d_1_rstpot
                                                       system_i/axi_interconnect_1/axi_interconnect_1/crossbar_samd/gen_sasd.crossbar_sasd_0/gen_crossbar.splitter_aw/m_ready_d_1
    -------------------------------------------------  ---------------------------
    Total                                      8.752ns (0.933ns logic, 7.819ns route)
                                                       (10.7% logic, 89.3% route)

--------------------------------------------------------------------------------
Slack:                  10.905ns (requirement - (data path - clock path skew + uncertainty))
  Source:               system_i/axi_gpio_for_input/axi_gpio_for_input/AXI_LITE_IPIF_I/I_SLAVE_ATTACHMENT/s_axi_rvalid_i (FF)
  Destination:          system_i/axi_interconnect_1/axi_interconnect_1/crossbar_samd/gen_sasd.crossbar_sasd_0/gen_crossbar.addr_arbiter_inst/m_valid_i_1 (FF)
  Requirement:          20.000ns
  Data Path Delay:      8.774ns (Levels of Logic = 5)
  Clock Path Skew:      -0.286ns (1.459 - 1.745)
  Source Clock:         system_i/processing_system7_0_FCLK_CLK0 rising at 0.000ns
  Destination Clock:    system_i/processing_system7_0_FCLK_CLK0 rising at 20.000ns
  Clock Uncertainty:    0.035ns

  Clock Uncertainty:          0.035ns  ((TSJ^2 + TIJ^2)^1/2 + DJ) / 2 + PE
    Total System Jitter (TSJ):  0.070ns
    Total Input Jitter (TIJ):   0.000ns
    Discrete Jitter (DJ):       0.000ns
    Phase Error (PE):           0.000ns

  Maximum Data Path at Slow Process Corner: system_i/axi_gpio_for_input/axi_gpio_for_input/AXI_LITE_IPIF_I/I_SLAVE_ATTACHMENT/s_axi_rvalid_i to system_i/axi_interconnect_1/axi_interconnect_1/crossbar_samd/gen_sasd.crossbar_sasd_0/gen_crossbar.addr_arbiter_inst/m_valid_i_1
    Location             Delay type         Delay(ns)  Physical Resource
                                                       Logical Resource(s)
    -------------------------------------------------  -------------------
    SLICE_X14Y31.AQ      Tcko                  0.518   system_i/axi_interconnect_1_M_BVALID[1]
                                                       system_i/axi_gpio_for_input/axi_gpio_for_input/AXI_LITE_IPIF_I/I_SLAVE_ATTACHMENT/s_axi_rvalid_i
    SLICE_X27Y54.C1      net (fanout=5)        2.057   system_i/axi_interconnect_1_M_RVALID[1]
    SLICE_X27Y54.C       Tilo                  0.124   system_i/axi_interconnect_1/axi_interconnect_1/mc_mp_rvalid[1]
                                                       system_i/axi_interconnect_1/axi_interconnect_1/mi_protocol_conv_bank/gen_protocol_slot[1].gen_prot_conv.conv_inst/gen_axilite.gen_axilite_conv.axilite_conv_inst/S_AXI_RVALID1
    SLICE_X26Y86.D4      net (fanout=1)        1.697   system_i/axi_interconnect_1/axi_interconnect_1/mc_mp_rvalid[1]
    SLICE_X26Y86.D       Tilo                  0.124   system_i/axi_interconnect_1/N55
                                                       system_i/axi_interconnect_1/axi_interconnect_1/crossbar_samd/gen_sasd.crossbar_sasd_0/r_complete_mux1_SW1
    SLICE_X26Y86.C5      net (fanout=1)        0.282   system_i/axi_interconnect_1/N55
    SLICE_X26Y86.C       Tilo                  0.124   system_i/axi_interconnect_1/N55
                                                       system_i/axi_interconnect_1/axi_interconnect_1/crossbar_samd/gen_sasd.crossbar_sasd_0/r_complete_mux1
    SLICE_X57Y82.D5      net (fanout=3)        1.533   system_i/axi_interconnect_1/axi_interconnect_1/crossbar_samd/gen_sasd.crossbar_sasd_0/r_complete_mux
    SLICE_X57Y82.D       Tilo                  0.124   system_i/axi_interconnect_1/N58
                                                       system_i/axi_interconnect_1/axi_interconnect_1/crossbar_samd/gen_sasd.crossbar_sasd_0/gen_crossbar.addr_arbiter_inst/m_valid_i_glue_set_SW1
    SLICE_X39Y81.D4      net (fanout=1)        1.190   system_i/axi_interconnect_1/N58
    SLICE_X39Y81.D       Tilo                  0.124   system_i/axi_interconnect_1/axi_interconnect_1/crossbar_samd/gen_sasd.crossbar_sasd_0/gen_crossbar.addr_arbiter_inst/m_valid_i
                                                       system_i/axi_interconnect_1/axi_interconnect_1/crossbar_samd/gen_sasd.crossbar_sasd_0/gen_crossbar.addr_arbiter_inst/m_valid_i_glue_set
    SLICE_X48Y75.DX      net (fanout=1)        0.837   system_i/axi_interconnect_1/axi_interconnect_1/crossbar_samd/gen_sasd.crossbar_sasd_0/gen_crossbar.addr_arbiter_inst/m_valid_i_glue_set
    SLICE_X48Y75.CLK     Tdick                 0.040   system_i/axi_interconnect_1/axi_interconnect_1/crossbar_samd/gen_sasd.crossbar_sasd_0/gen_crossbar.addr_arbiter_inst/m_valid_i_1
                                                       system_i/axi_interconnect_1/axi_interconnect_1/crossbar_samd/gen_sasd.crossbar_sasd_0/gen_crossbar.addr_arbiter_inst/m_valid_i_1
    -------------------------------------------------  ---------------------------
    Total                                      8.774ns (1.178ns logic, 7.596ns route)
                                                       (13.4% logic, 86.6% route)

--------------------------------------------------------------------------------
Slack:                  11.007ns (requirement - (data path - clock path skew + uncertainty))
  Source:               system_i/axi_interconnect_1/axi_interconnect_1/crossbar_samd/gen_sasd.crossbar_sasd_0/gen_crossbar.addr_arbiter_inst/grant_rnw (FF)
  Destination:          system_i/processing_system7_0/processing_system7_0/PS7_i (OTHER)
  Requirement:          20.000ns
  Data Path Delay:      8.689ns (Levels of Logic = 2)
  Clock Path Skew:      -0.269ns (1.424 - 1.693)
  Source Clock:         system_i/processing_system7_0_FCLK_CLK0 rising at 0.000ns
  Destination Clock:    system_i/processing_system7_0_FCLK_CLK0 rising at 20.000ns
  Clock Uncertainty:    0.035ns

  Clock Uncertainty:          0.035ns  ((TSJ^2 + TIJ^2)^1/2 + DJ) / 2 + PE
    Total System Jitter (TSJ):  0.070ns
    Total Input Jitter (TIJ):   0.000ns
    Discrete Jitter (DJ):       0.000ns
    Phase Error (PE):           0.000ns

  Maximum Data Path at Slow Process Corner: system_i/axi_interconnect_1/axi_interconnect_1/crossbar_samd/gen_sasd.crossbar_sasd_0/gen_crossbar.addr_arbiter_inst/grant_rnw to system_i/processing_system7_0/processing_system7_0/PS7_i
    Location               Delay type         Delay(ns)  Physical Resource
                                                         Logical Resource(s)
    ---------------------------------------------------  -------------------
    SLICE_X36Y100.AQ       Tcko                  0.518   system_i/axi_interconnect_1/axi_interconnect_1/crossbar_samd/gen_sasd.crossbar_sasd_0/gen_crossbar.addr_arbiter_inst/grant_rnw
                                                         system_i/axi_interconnect_1/axi_interconnect_1/crossbar_samd/gen_sasd.crossbar_sasd_0/gen_crossbar.addr_arbiter_inst/grant_rnw
    SLICE_X15Y43.B5        net (fanout=36)       3.768   system_i/axi_interconnect_1/axi_interconnect_1/crossbar_samd/gen_sasd.crossbar_sasd_0/gen_crossbar.addr_arbiter_inst/grant_rnw
    SLICE_X15Y43.B         Tilo                  0.124   system_i/axi_interconnect_1/axi_interconnect_1/mi_protocol_conv_bank/gen_protocol_slot[1].gen_prot_conv.conv_inst/gen_axilite.gen_axilite_conv.axilite_conv_inst/read_active
                                                         system_i/axi_interconnect_1/axi_interconnect_1/crossbar_samd/gen_sasd.crossbar_sasd_0/gen_crossbar.splitter_ar/m_valid_i<0>1
    SLICE_X27Y54.B3        net (fanout=5)        1.495   system_i/axi_interconnect_1/axi_interconnect_1/crossbar_samd/gen_sasd.crossbar_sasd_0/n0394[0]
    SLICE_X27Y54.B         Tilo                  0.124   system_i/axi_interconnect_1/axi_interconnect_1/mc_mp_rvalid[1]
                                                         system_i/axi_interconnect_1/axi_interconnect_1/crossbar_samd/gen_sasd.crossbar_sasd_0/si_rvalid1
    PS7_X0Y0.MAXIGP0RVALID net (fanout=1)        1.876   system_i/axi_interconnect_1_S_RVALID
    PS7_X0Y0.MAXIGP0ACLK   Tpssdck_MAXIGP0RVALID  0.784   system_i/processing_system7_0/processing_system7_0/PS7_i
                                                         system_i/processing_system7_0/processing_system7_0/PS7_i
    ---------------------------------------------------  ---------------------------
    Total                                        8.689ns (1.550ns logic, 7.139ns route)
                                                         (17.8% logic, 82.2% route)

--------------------------------------------------------------------------------
Slack:                  11.047ns (requirement - (data path - clock path skew + uncertainty))
  Source:               system_i/axi_interconnect_1/axi_interconnect_1/mi_protocol_conv_bank/gen_protocol_slot[1].gen_prot_conv.conv_inst/gen_axilite.gen_axilite_conv.axilite_conv_inst/write_active (FF)
  Destination:          system_i/axi_interconnect_1/axi_interconnect_1/crossbar_samd/gen_sasd.crossbar_sasd_0/gen_crossbar.addr_arbiter_inst/m_valid_i_1 (FF)
  Requirement:          20.000ns
  Data Path Delay:      8.621ns (Levels of Logic = 5)
  Clock Path Skew:      -0.297ns (1.459 - 1.756)
  Source Clock:         system_i/processing_system7_0_FCLK_CLK0 rising at 0.000ns
  Destination Clock:    system_i/processing_system7_0_FCLK_CLK0 rising at 20.000ns
  Clock Uncertainty:    0.035ns

  Clock Uncertainty:          0.035ns  ((TSJ^2 + TIJ^2)^1/2 + DJ) / 2 + PE
    Total System Jitter (TSJ):  0.070ns
    Total Input Jitter (TIJ):   0.000ns
    Discrete Jitter (DJ):       0.000ns
    Phase Error (PE):           0.000ns

  Maximum Data Path at Slow Process Corner: system_i/axi_interconnect_1/axi_interconnect_1/mi_protocol_conv_bank/gen_protocol_slot[1].gen_prot_conv.conv_inst/gen_axilite.gen_axilite_conv.axilite_conv_inst/write_active to system_i/axi_interconnect_1/axi_interconnect_1/crossbar_samd/gen_sasd.crossbar_sasd_0/gen_crossbar.addr_arbiter_inst/m_valid_i_1
    Location             Delay type         Delay(ns)  Physical Resource
                                                       Logical Resource(s)
    -------------------------------------------------  -------------------
    SLICE_X14Y43.DQ      Tcko                  0.518   system_i/axi_interconnect_1/axi_interconnect_1/mi_protocol_conv_bank/gen_protocol_slot[1].gen_prot_conv.conv_inst/gen_axilite.gen_axilite_conv.axilite_conv_inst/write_active
                                                       system_i/axi_interconnect_1/axi_interconnect_1/mi_protocol_conv_bank/gen_protocol_slot[1].gen_prot_conv.conv_inst/gen_axilite.gen_axilite_conv.axilite_conv_inst/write_active
    SLICE_X17Y43.B2      net (fanout=8)        1.005   system_i/axi_interconnect_1/axi_interconnect_1/mi_protocol_conv_bank/gen_protocol_slot[1].gen_prot_conv.conv_inst/gen_axilite.gen_axilite_conv.axilite_conv_inst/write_active
    SLICE_X17Y43.BMUX    Tilo                  0.360   system_i/axi_interconnect_1/axi_interconnect_1/cb_mf_bready[1]
                                                       system_i/axi_interconnect_1/axi_interconnect_1/crossbar_samd/gen_sasd.crossbar_sasd_0/mi_arvalid<1>1_SW0
    SLICE_X17Y43.A1      net (fanout=1)        0.669   system_i/axi_interconnect_1/N43
    SLICE_X17Y43.A       Tilo                  0.124   system_i/axi_interconnect_1/axi_interconnect_1/cb_mf_bready[1]
                                                       system_i/axi_interconnect_1/axi_interconnect_1/crossbar_samd/gen_sasd.crossbar_sasd_0/gen_crossbar.mi_arready_mux_inst/O_SW0
    SLICE_X56Y82.B4      net (fanout=2)        2.783   system_i/axi_interconnect_1/N18
    SLICE_X56Y82.B       Tilo                  0.124   system_i/axi_interconnect_1/N39
                                                       system_i/axi_interconnect_1/axi_interconnect_1/crossbar_samd/gen_sasd.crossbar_sasd_0/gen_crossbar.splitter_ar/out1_SW0
    SLICE_X57Y82.D3      net (fanout=2)        0.723   system_i/axi_interconnect_1/N39
    SLICE_X57Y82.D       Tilo                  0.124   system_i/axi_interconnect_1/N58
                                                       system_i/axi_interconnect_1/axi_interconnect_1/crossbar_samd/gen_sasd.crossbar_sasd_0/gen_crossbar.addr_arbiter_inst/m_valid_i_glue_set_SW1
    SLICE_X39Y81.D4      net (fanout=1)        1.190   system_i/axi_interconnect_1/N58
    SLICE_X39Y81.D       Tilo                  0.124   system_i/axi_interconnect_1/axi_interconnect_1/crossbar_samd/gen_sasd.crossbar_sasd_0/gen_crossbar.addr_arbiter_inst/m_valid_i
                                                       system_i/axi_interconnect_1/axi_interconnect_1/crossbar_samd/gen_sasd.crossbar_sasd_0/gen_crossbar.addr_arbiter_inst/m_valid_i_glue_set
    SLICE_X48Y75.DX      net (fanout=1)        0.837   system_i/axi_interconnect_1/axi_interconnect_1/crossbar_samd/gen_sasd.crossbar_sasd_0/gen_crossbar.addr_arbiter_inst/m_valid_i_glue_set
    SLICE_X48Y75.CLK     Tdick                 0.040   system_i/axi_interconnect_1/axi_interconnect_1/crossbar_samd/gen_sasd.crossbar_sasd_0/gen_crossbar.addr_arbiter_inst/m_valid_i_1
                                                       system_i/axi_interconnect_1/axi_interconnect_1/crossbar_samd/gen_sasd.crossbar_sasd_0/gen_crossbar.addr_arbiter_inst/m_valid_i_1
    -------------------------------------------------  ---------------------------
    Total                                      8.621ns (1.414ns logic, 7.207ns route)
                                                       (16.4% logic, 83.6% route)

--------------------------------------------------------------------------------
Slack:                  11.048ns (requirement - (data path - clock path skew + uncertainty))
  Source:               system_i/axi_gpio_for_input/axi_gpio_for_input/AXI_LITE_IPIF_I/I_SLAVE_ATTACHMENT/INCLUDE_DPHASE_TIMER.dpto_cnt_3 (FF)
  Destination:          system_i/axi_interconnect_1/axi_interconnect_1/crossbar_samd/gen_sasd.crossbar_sasd_0/gen_crossbar.splitter_ar/m_ready_d_1 (FF)
  Requirement:          20.000ns
  Data Path Delay:      8.708ns (Levels of Logic = 6)
  Clock Path Skew:      -0.209ns (1.529 - 1.738)
  Source Clock:         system_i/processing_system7_0_FCLK_CLK0 rising at 0.000ns
  Destination Clock:    system_i/processing_system7_0_FCLK_CLK0 rising at 20.000ns
  Clock Uncertainty:    0.035ns

  Clock Uncertainty:          0.035ns  ((TSJ^2 + TIJ^2)^1/2 + DJ) / 2 + PE
    Total System Jitter (TSJ):  0.070ns
    Total Input Jitter (TIJ):   0.000ns
    Discrete Jitter (DJ):       0.000ns
    Phase Error (PE):           0.000ns

  Maximum Data Path at Slow Process Corner: system_i/axi_gpio_for_input/axi_gpio_for_input/AXI_LITE_IPIF_I/I_SLAVE_ATTACHMENT/INCLUDE_DPHASE_TIMER.dpto_cnt_3 to system_i/axi_interconnect_1/axi_interconnect_1/crossbar_samd/gen_sasd.crossbar_sasd_0/gen_crossbar.splitter_ar/m_ready_d_1
    Location             Delay type         Delay(ns)  Physical Resource
                                                       Logical Resource(s)
    -------------------------------------------------  -------------------
    SLICE_X15Y26.CQ      Tcko                  0.456   system_i/axi_gpio_for_input/axi_gpio_for_input/AXI_LITE_IPIF_I/I_SLAVE_ATTACHMENT/INCLUDE_DPHASE_TIMER.dpto_cnt[3]
                                                       system_i/axi_gpio_for_input/axi_gpio_for_input/AXI_LITE_IPIF_I/I_SLAVE_ATTACHMENT/INCLUDE_DPHASE_TIMER.dpto_cnt_3
    SLICE_X14Y39.D2      net (fanout=7)        1.235   system_i/axi_gpio_for_input/axi_gpio_for_input/AXI_LITE_IPIF_I/I_SLAVE_ATTACHMENT/INCLUDE_DPHASE_TIMER.dpto_cnt[3]
    SLICE_X14Y39.D       Tilo                  0.124   system_i/axi_gpio_for_input/axi_gpio_for_input/ip2bus_wrack_i_D1
                                                       system_i/axi_gpio_for_input/axi_gpio_for_input/AXI_LITE_IPIF_I/I_SLAVE_ATTACHMENT/rd_done1
    SLICE_X17Y43.B1      net (fanout=2)        1.126   system_i/axi_interconnect_1_M_ARREADY[1]
    SLICE_X17Y43.BMUX    Tilo                  0.360   system_i/axi_interconnect_1/axi_interconnect_1/cb_mf_bready[1]
                                                       system_i/axi_interconnect_1/axi_interconnect_1/crossbar_samd/gen_sasd.crossbar_sasd_0/mi_arvalid<1>1_SW0
    SLICE_X17Y43.A1      net (fanout=1)        0.669   system_i/axi_interconnect_1/N43
    SLICE_X17Y43.A       Tilo                  0.124   system_i/axi_interconnect_1/axi_interconnect_1/cb_mf_bready[1]
                                                       system_i/axi_interconnect_1/axi_interconnect_1/crossbar_samd/gen_sasd.crossbar_sasd_0/gen_crossbar.mi_arready_mux_inst/O_SW0
    SLICE_X56Y82.B4      net (fanout=2)        2.783   system_i/axi_interconnect_1/N18
    SLICE_X56Y82.B       Tilo                  0.124   system_i/axi_interconnect_1/N39
                                                       system_i/axi_interconnect_1/axi_interconnect_1/crossbar_samd/gen_sasd.crossbar_sasd_0/gen_crossbar.splitter_ar/out1_SW0
    SLICE_X56Y83.A2      net (fanout=2)        0.798   system_i/axi_interconnect_1/N39
    SLICE_X56Y83.A       Tilo                  0.124   system_i/axi_interconnect_1/axi_interconnect_1/crossbar_samd/gen_sasd.crossbar_sasd_0/gen_crossbar.splitter_ar/m_ready_d[1]
                                                       system_i/axi_interconnect_1/axi_interconnect_1/crossbar_samd/gen_sasd.crossbar_sasd_0/gen_crossbar.splitter_ar/out1
    SLICE_X56Y83.C1      net (fanout=3)        0.692   system_i/axi_interconnect_1/axi_interconnect_1/crossbar_samd/gen_sasd.crossbar_sasd_0/aa_arready
    SLICE_X56Y83.CLK     Tas                   0.093   system_i/axi_interconnect_1/axi_interconnect_1/crossbar_samd/gen_sasd.crossbar_sasd_0/gen_crossbar.splitter_ar/m_ready_d[1]
                                                       system_i/axi_interconnect_1/axi_interconnect_1/crossbar_samd/gen_sasd.crossbar_sasd_0/gen_crossbar.splitter_ar/m_ready_d_1_rstpot
                                                       system_i/axi_interconnect_1/axi_interconnect_1/crossbar_samd/gen_sasd.crossbar_sasd_0/gen_crossbar.splitter_ar/m_ready_d_1
    -------------------------------------------------  ---------------------------
    Total                                      8.708ns (1.405ns logic, 7.303ns route)
                                                       (16.1% logic, 83.9% route)

--------------------------------------------------------------------------------
Slack:                  11.049ns (requirement - (data path - clock path skew + uncertainty))
  Source:               system_i/axi_interconnect_1/axi_interconnect_1/crossbar_samd/gen_sasd.crossbar_sasd_0/gen_crossbar.addr_arbiter_inst/grant_rnw (FF)
  Destination:          system_i/axi_interconnect_1/axi_interconnect_1/crossbar_samd/gen_sasd.crossbar_sasd_0/gen_crossbar.splitter_ar/m_ready_d_0 (FF)
  Requirement:          20.000ns
  Data Path Delay:      8.615ns (Levels of Logic = 4)
  Clock Path Skew:      -0.301ns (1.392 - 1.693)
  Source Clock:         system_i/processing_system7_0_FCLK_CLK0 rising at 0.000ns
  Destination Clock:    system_i/processing_system7_0_FCLK_CLK0 rising at 20.000ns
  Clock Uncertainty:    0.035ns

  Clock Uncertainty:          0.035ns  ((TSJ^2 + TIJ^2)^1/2 + DJ) / 2 + PE
    Total System Jitter (TSJ):  0.070ns
    Total Input Jitter (TIJ):   0.000ns
    Discrete Jitter (DJ):       0.000ns
    Phase Error (PE):           0.000ns

  Maximum Data Path at Slow Process Corner: system_i/axi_interconnect_1/axi_interconnect_1/crossbar_samd/gen_sasd.crossbar_sasd_0/gen_crossbar.addr_arbiter_inst/grant_rnw to system_i/axi_interconnect_1/axi_interconnect_1/crossbar_samd/gen_sasd.crossbar_sasd_0/gen_crossbar.splitter_ar/m_ready_d_0
    Location             Delay type         Delay(ns)  Physical Resource
                                                       Logical Resource(s)
    -------------------------------------------------  -------------------
    SLICE_X36Y100.AQ     Tcko                  0.518   system_i/axi_interconnect_1/axi_interconnect_1/crossbar_samd/gen_sasd.crossbar_sasd_0/gen_crossbar.addr_arbiter_inst/grant_rnw
                                                       system_i/axi_interconnect_1/axi_interconnect_1/crossbar_samd/gen_sasd.crossbar_sasd_0/gen_crossbar.addr_arbiter_inst/grant_rnw
    SLICE_X17Y43.A5      net (fanout=36)       3.749   system_i/axi_interconnect_1/axi_interconnect_1/crossbar_samd/gen_sasd.crossbar_sasd_0/gen_crossbar.addr_arbiter_inst/grant_rnw
    SLICE_X17Y43.A       Tilo                  0.124   system_i/axi_interconnect_1/axi_interconnect_1/cb_mf_bready[1]
                                                       system_i/axi_interconnect_1/axi_interconnect_1/crossbar_samd/gen_sasd.crossbar_sasd_0/gen_crossbar.mi_arready_mux_inst/O_SW0
    SLICE_X56Y82.B4      net (fanout=2)        2.783   system_i/axi_interconnect_1/N18
    SLICE_X56Y82.B       Tilo                  0.124   system_i/axi_interconnect_1/N39
                                                       system_i/axi_interconnect_1/axi_interconnect_1/crossbar_samd/gen_sasd.crossbar_sasd_0/gen_crossbar.splitter_ar/out1_SW0
    SLICE_X56Y83.A2      net (fanout=2)        0.798   system_i/axi_interconnect_1/N39
    SLICE_X56Y83.A       Tilo                  0.124   system_i/axi_interconnect_1/axi_interconnect_1/crossbar_samd/gen_sasd.crossbar_sasd_0/gen_crossbar.splitter_ar/m_ready_d[1]
                                                       system_i/axi_interconnect_1/axi_interconnect_1/crossbar_samd/gen_sasd.crossbar_sasd_0/gen_crossbar.splitter_ar/out1
    SLICE_X56Y83.B5      net (fanout=3)        0.302   system_i/axi_interconnect_1/axi_interconnect_1/crossbar_samd/gen_sasd.crossbar_sasd_0/aa_arready
    SLICE_X56Y83.CLK     Tas                   0.093   system_i/axi_interconnect_1/axi_interconnect_1/crossbar_samd/gen_sasd.crossbar_sasd_0/gen_crossbar.splitter_ar/m_ready_d[1]
                                                       system_i/axi_interconnect_1/axi_interconnect_1/crossbar_samd/gen_sasd.crossbar_sasd_0/gen_crossbar.splitter_ar/m_ready_d_0_rstpot
                                                       system_i/axi_interconnect_1/axi_interconnect_1/crossbar_samd/gen_sasd.crossbar_sasd_0/gen_crossbar.splitter_ar/m_ready_d_0
    -------------------------------------------------  ---------------------------
    Total                                      8.615ns (0.983ns logic, 7.632ns route)
                                                       (11.4% logic, 88.6% route)

--------------------------------------------------------------------------------

Component Switching Limit Checks: TS_clk_fpga_0 = PERIOD TIMEGRP "clk_fpga_0" 50 MHz HIGH 50%;
--------------------------------------------------------------------------------
Slack: 18.040ns (period - (min low pulse limit / (low pulse / period)))
  Period: 20.000ns
  Low pulse: 10.000ns
  Low pulse limit: 0.980ns (Tmpw)
  Physical resource: system_i/axi_gpio_for_input/axi_gpio_for_input/gpio_core_1/gpio_Data_In[1]/CLK
  Logical resource: system_i/axi_gpio_for_input/axi_gpio_for_input/gpio_core_1/Mshreg_gpio_Data_In_0/CLK
  Location pin: SLICE_X8Y10.CLK
  Clock network: system_i/processing_system7_0_FCLK_CLK0
--------------------------------------------------------------------------------
Slack: 18.040ns (period - (min high pulse limit / (high pulse / period)))
  Period: 20.000ns
  High pulse: 10.000ns
  High pulse limit: 0.980ns (Tmpw)
  Physical resource: system_i/axi_gpio_for_input/axi_gpio_for_input/gpio_core_1/gpio_Data_In[1]/CLK
  Logical resource: system_i/axi_gpio_for_input/axi_gpio_for_input/gpio_core_1/Mshreg_gpio_Data_In_0/CLK
  Location pin: SLICE_X8Y10.CLK
  Clock network: system_i/processing_system7_0_FCLK_CLK0
--------------------------------------------------------------------------------
Slack: 18.040ns (period - (min low pulse limit / (low pulse / period)))
  Period: 20.000ns
  Low pulse: 10.000ns
  Low pulse limit: 0.980ns (Tmpw)
  Physical resource: system_i/axi_gpio_for_input/axi_gpio_for_input/gpio_core_1/gpio_Data_In[1]/CLK
  Logical resource: system_i/axi_gpio_for_input/axi_gpio_for_input/gpio_core_1/Mshreg_gpio_Data_In_1/CLK
  Location pin: SLICE_X8Y10.CLK
  Clock network: system_i/processing_system7_0_FCLK_CLK0
--------------------------------------------------------------------------------
Slack: 18.040ns (period - (min high pulse limit / (high pulse / period)))
  Period: 20.000ns
  High pulse: 10.000ns
  High pulse limit: 0.980ns (Tmpw)
  Physical resource: system_i/axi_gpio_for_input/axi_gpio_for_input/gpio_core_1/gpio_Data_In[1]/CLK
  Logical resource: system_i/axi_gpio_for_input/axi_gpio_for_input/gpio_core_1/Mshreg_gpio_Data_In_1/CLK
  Location pin: SLICE_X8Y10.CLK
  Clock network: system_i/processing_system7_0_FCLK_CLK0
--------------------------------------------------------------------------------
Slack: 18.040ns (period - (min low pulse limit / (low pulse / period)))
  Period: 20.000ns
  Low pulse: 10.000ns
  Low pulse limit: 0.980ns (Tmpw)
  Physical resource: system_i/axi_gpio_for_output/axi_gpio_for_output/gpio_core_1/gpio_Data_In[1]/CLK
  Logical resource: system_i/axi_gpio_for_output/axi_gpio_for_output/gpio_core_1/Mshreg_gpio_Data_In_0/CLK
  Location pin: SLICE_X46Y40.CLK
  Clock network: system_i/processing_system7_0_FCLK_CLK0
--------------------------------------------------------------------------------
Slack: 18.040ns (period - (min high pulse limit / (high pulse / period)))
  Period: 20.000ns
  High pulse: 10.000ns
  High pulse limit: 0.980ns (Tmpw)
  Physical resource: system_i/axi_gpio_for_output/axi_gpio_for_output/gpio_core_1/gpio_Data_In[1]/CLK
  Logical resource: system_i/axi_gpio_for_output/axi_gpio_for_output/gpio_core_1/Mshreg_gpio_Data_In_0/CLK
  Location pin: SLICE_X46Y40.CLK
  Clock network: system_i/processing_system7_0_FCLK_CLK0
--------------------------------------------------------------------------------
Slack: 18.040ns (period - (min low pulse limit / (low pulse / period)))
  Period: 20.000ns
  Low pulse: 10.000ns
  Low pulse limit: 0.980ns (Tmpw)
  Physical resource: system_i/axi_gpio_for_output/axi_gpio_for_output/gpio_core_1/gpio_Data_In[1]/CLK
  Logical resource: system_i/axi_gpio_for_output/axi_gpio_for_output/gpio_core_1/Mshreg_gpio_Data_In_1/CLK
  Location pin: SLICE_X46Y40.CLK
  Clock network: system_i/processing_system7_0_FCLK_CLK0
--------------------------------------------------------------------------------
Slack: 18.040ns (period - (min high pulse limit / (high pulse / period)))
  Period: 20.000ns
  High pulse: 10.000ns
  High pulse limit: 0.980ns (Tmpw)
  Physical resource: system_i/axi_gpio_for_output/axi_gpio_for_output/gpio_core_1/gpio_Data_In[1]/CLK
  Logical resource: system_i/axi_gpio_for_output/axi_gpio_for_output/gpio_core_1/Mshreg_gpio_Data_In_1/CLK
  Location pin: SLICE_X46Y40.CLK
  Clock network: system_i/processing_system7_0_FCLK_CLK0
--------------------------------------------------------------------------------
Slack: 19.000ns (period - (min low pulse limit / (low pulse / period)))
  Period: 20.000ns
  Low pulse: 10.000ns
  Low pulse limit: 0.500ns (Tcl)
  Physical resource: system_i/axi_interconnect_1/axi_interconnect_1/crossbar_samd/gen_sasd.crossbar_sasd_0/gen_crossbar.gen_decerr.decerr_slave_inst/read_cnt[3]/CLK
  Logical resource: system_i/axi_interconnect_1/axi_interconnect_1/crossbar_samd/gen_sasd.crossbar_sasd_0/gen_crossbar.gen_decerr.decerr_slave_inst/read_cnt_0/CK
  Location pin: SLICE_X52Y108.CLK
  Clock network: system_i/processing_system7_0_FCLK_CLK0
--------------------------------------------------------------------------------
Slack: 19.000ns (period - (min high pulse limit / (high pulse / period)))
  Period: 20.000ns
  High pulse: 10.000ns
  High pulse limit: 0.500ns (Tch)
  Physical resource: system_i/axi_interconnect_1/axi_interconnect_1/crossbar_samd/gen_sasd.crossbar_sasd_0/gen_crossbar.gen_decerr.decerr_slave_inst/read_cnt[3]/CLK
  Logical resource: system_i/axi_interconnect_1/axi_interconnect_1/crossbar_samd/gen_sasd.crossbar_sasd_0/gen_crossbar.gen_decerr.decerr_slave_inst/read_cnt_0/CK
  Location pin: SLICE_X52Y108.CLK
  Clock network: system_i/processing_system7_0_FCLK_CLK0
--------------------------------------------------------------------------------
Slack: 19.000ns (period - min period limit)
  Period: 20.000ns
  Min period limit: 1.000ns (1000.000MHz) (Tcp)
  Physical resource: system_i/axi_interconnect_1/axi_interconnect_1/crossbar_samd/gen_sasd.crossbar_sasd_0/gen_crossbar.gen_decerr.decerr_slave_inst/read_cnt[3]/CLK
  Logical resource: system_i/axi_interconnect_1/axi_interconnect_1/crossbar_samd/gen_sasd.crossbar_sasd_0/gen_crossbar.gen_decerr.decerr_slave_inst/read_cnt_0/CK
  Location pin: SLICE_X52Y108.CLK
  Clock network: system_i/processing_system7_0_FCLK_CLK0
--------------------------------------------------------------------------------
Slack: 19.000ns (period - (min low pulse limit / (low pulse / period)))
  Period: 20.000ns
  Low pulse: 10.000ns
  Low pulse limit: 0.500ns (Tcl)
  Physical resource: system_i/axi_interconnect_1/axi_interconnect_1/crossbar_samd/gen_sasd.crossbar_sasd_0/gen_crossbar.gen_decerr.decerr_slave_inst/read_cnt[3]/CLK
  Logical resource: system_i/axi_interconnect_1/axi_interconnect_1/crossbar_samd/gen_sasd.crossbar_sasd_0/gen_crossbar.gen_decerr.decerr_slave_inst/read_cnt_1/CK
  Location pin: SLICE_X52Y108.CLK
  Clock network: system_i/processing_system7_0_FCLK_CLK0
--------------------------------------------------------------------------------
Slack: 19.000ns (period - (min high pulse limit / (high pulse / period)))
  Period: 20.000ns
  High pulse: 10.000ns
  High pulse limit: 0.500ns (Tch)
  Physical resource: system_i/axi_interconnect_1/axi_interconnect_1/crossbar_samd/gen_sasd.crossbar_sasd_0/gen_crossbar.gen_decerr.decerr_slave_inst/read_cnt[3]/CLK
  Logical resource: system_i/axi_interconnect_1/axi_interconnect_1/crossbar_samd/gen_sasd.crossbar_sasd_0/gen_crossbar.gen_decerr.decerr_slave_inst/read_cnt_1/CK
  Location pin: SLICE_X52Y108.CLK
  Clock network: system_i/processing_system7_0_FCLK_CLK0
--------------------------------------------------------------------------------
Slack: 19.000ns (period - min period limit)
  Period: 20.000ns
  Min period limit: 1.000ns (1000.000MHz) (Tcp)
  Physical resource: system_i/axi_interconnect_1/axi_interconnect_1/crossbar_samd/gen_sasd.crossbar_sasd_0/gen_crossbar.gen_decerr.decerr_slave_inst/read_cnt[3]/CLK
  Logical resource: system_i/axi_interconnect_1/axi_interconnect_1/crossbar_samd/gen_sasd.crossbar_sasd_0/gen_crossbar.gen_decerr.decerr_slave_inst/read_cnt_1/CK
  Location pin: SLICE_X52Y108.CLK
  Clock network: system_i/processing_system7_0_FCLK_CLK0
--------------------------------------------------------------------------------
Slack: 19.000ns (period - (min low pulse limit / (low pulse / period)))
  Period: 20.000ns
  Low pulse: 10.000ns
  Low pulse limit: 0.500ns (Tcl)
  Physical resource: system_i/axi_interconnect_1/axi_interconnect_1/crossbar_samd/gen_sasd.crossbar_sasd_0/gen_crossbar.gen_decerr.decerr_slave_inst/read_cnt[3]/CLK
  Logical resource: system_i/axi_interconnect_1/axi_interconnect_1/crossbar_samd/gen_sasd.crossbar_sasd_0/gen_crossbar.gen_decerr.decerr_slave_inst/read_cnt_2/CK
  Location pin: SLICE_X52Y108.CLK
  Clock network: system_i/processing_system7_0_FCLK_CLK0
--------------------------------------------------------------------------------
Slack: 19.000ns (period - (min high pulse limit / (high pulse / period)))
  Period: 20.000ns
  High pulse: 10.000ns
  High pulse limit: 0.500ns (Tch)
  Physical resource: system_i/axi_interconnect_1/axi_interconnect_1/crossbar_samd/gen_sasd.crossbar_sasd_0/gen_crossbar.gen_decerr.decerr_slave_inst/read_cnt[3]/CLK
  Logical resource: system_i/axi_interconnect_1/axi_interconnect_1/crossbar_samd/gen_sasd.crossbar_sasd_0/gen_crossbar.gen_decerr.decerr_slave_inst/read_cnt_2/CK
  Location pin: SLICE_X52Y108.CLK
  Clock network: system_i/processing_system7_0_FCLK_CLK0
--------------------------------------------------------------------------------
Slack: 19.000ns (period - min period limit)
  Period: 20.000ns
  Min period limit: 1.000ns (1000.000MHz) (Tcp)
  Physical resource: system_i/axi_interconnect_1/axi_interconnect_1/crossbar_samd/gen_sasd.crossbar_sasd_0/gen_crossbar.gen_decerr.decerr_slave_inst/read_cnt[3]/CLK
  Logical resource: system_i/axi_interconnect_1/axi_interconnect_1/crossbar_samd/gen_sasd.crossbar_sasd_0/gen_crossbar.gen_decerr.decerr_slave_inst/read_cnt_2/CK
  Location pin: SLICE_X52Y108.CLK
  Clock network: system_i/processing_system7_0_FCLK_CLK0
--------------------------------------------------------------------------------
Slack: 19.000ns (period - (min low pulse limit / (low pulse / period)))
  Period: 20.000ns
  Low pulse: 10.000ns
  Low pulse limit: 0.500ns (Tcl)
  Physical resource: system_i/axi_interconnect_1/axi_interconnect_1/crossbar_samd/gen_sasd.crossbar_sasd_0/gen_crossbar.gen_decerr.decerr_slave_inst/read_cnt[3]/CLK
  Logical resource: system_i/axi_interconnect_1/axi_interconnect_1/crossbar_samd/gen_sasd.crossbar_sasd_0/gen_crossbar.gen_decerr.decerr_slave_inst/read_cnt_3/CK
  Location pin: SLICE_X52Y108.CLK
  Clock network: system_i/processing_system7_0_FCLK_CLK0
--------------------------------------------------------------------------------
Slack: 19.000ns (period - (min high pulse limit / (high pulse / period)))
  Period: 20.000ns
  High pulse: 10.000ns
  High pulse limit: 0.500ns (Tch)
  Physical resource: system_i/axi_interconnect_1/axi_interconnect_1/crossbar_samd/gen_sasd.crossbar_sasd_0/gen_crossbar.gen_decerr.decerr_slave_inst/read_cnt[3]/CLK
  Logical resource: system_i/axi_interconnect_1/axi_interconnect_1/crossbar_samd/gen_sasd.crossbar_sasd_0/gen_crossbar.gen_decerr.decerr_slave_inst/read_cnt_3/CK
  Location pin: SLICE_X52Y108.CLK
  Clock network: system_i/processing_system7_0_FCLK_CLK0
--------------------------------------------------------------------------------
Slack: 19.000ns (period - min period limit)
  Period: 20.000ns
  Min period limit: 1.000ns (1000.000MHz) (Tcp)
  Physical resource: system_i/axi_interconnect_1/axi_interconnect_1/crossbar_samd/gen_sasd.crossbar_sasd_0/gen_crossbar.gen_decerr.decerr_slave_inst/read_cnt[3]/CLK
  Logical resource: system_i/axi_interconnect_1/axi_interconnect_1/crossbar_samd/gen_sasd.crossbar_sasd_0/gen_crossbar.gen_decerr.decerr_slave_inst/read_cnt_3/CK
  Location pin: SLICE_X52Y108.CLK
  Clock network: system_i/processing_system7_0_FCLK_CLK0
--------------------------------------------------------------------------------
Slack: 19.000ns (period - (min low pulse limit / (low pulse / period)))
  Period: 20.000ns
  Low pulse: 10.000ns
  Low pulse limit: 0.500ns (Tcl)
  Physical resource: system_i/axi_gpio_for_input/axi_gpio_for_input/gpio_core_1/gpio_Data_In[1]/CLK
  Logical resource: system_i/axi_gpio_for_input/axi_gpio_for_input/gpio_core_1/gpio_Data_In_0/CK
  Location pin: SLICE_X8Y10.CLK
  Clock network: system_i/processing_system7_0_FCLK_CLK0
--------------------------------------------------------------------------------
Slack: 19.000ns (period - (min high pulse limit / (high pulse / period)))
  Period: 20.000ns
  High pulse: 10.000ns
  High pulse limit: 0.500ns (Tch)
  Physical resource: system_i/axi_gpio_for_input/axi_gpio_for_input/gpio_core_1/gpio_Data_In[1]/CLK
  Logical resource: system_i/axi_gpio_for_input/axi_gpio_for_input/gpio_core_1/gpio_Data_In_0/CK
  Location pin: SLICE_X8Y10.CLK
  Clock network: system_i/processing_system7_0_FCLK_CLK0
--------------------------------------------------------------------------------
Slack: 19.000ns (period - min period limit)
  Period: 20.000ns
  Min period limit: 1.000ns (1000.000MHz) (Tcp)
  Physical resource: system_i/axi_gpio_for_input/axi_gpio_for_input/gpio_core_1/gpio_Data_In[1]/CLK
  Logical resource: system_i/axi_gpio_for_input/axi_gpio_for_input/gpio_core_1/gpio_Data_In_0/CK
  Location pin: SLICE_X8Y10.CLK
  Clock network: system_i/processing_system7_0_FCLK_CLK0
--------------------------------------------------------------------------------
Slack: 19.000ns (period - (min low pulse limit / (low pulse / period)))
  Period: 20.000ns
  Low pulse: 10.000ns
  Low pulse limit: 0.500ns (Tcl)
  Physical resource: system_i/axi_gpio_for_input/axi_gpio_for_input/gpio_core_1/gpio_Data_In[1]/CLK
  Logical resource: system_i/axi_gpio_for_input/axi_gpio_for_input/gpio_core_1/gpio_Data_In_1/CK
  Location pin: SLICE_X8Y10.CLK
  Clock network: system_i/processing_system7_0_FCLK_CLK0
--------------------------------------------------------------------------------
Slack: 19.000ns (period - (min high pulse limit / (high pulse / period)))
  Period: 20.000ns
  High pulse: 10.000ns
  High pulse limit: 0.500ns (Tch)
  Physical resource: system_i/axi_gpio_for_input/axi_gpio_for_input/gpio_core_1/gpio_Data_In[1]/CLK
  Logical resource: system_i/axi_gpio_for_input/axi_gpio_for_input/gpio_core_1/gpio_Data_In_1/CK
  Location pin: SLICE_X8Y10.CLK
  Clock network: system_i/processing_system7_0_FCLK_CLK0
--------------------------------------------------------------------------------
Slack: 19.000ns (period - min period limit)
  Period: 20.000ns
  Min period limit: 1.000ns (1000.000MHz) (Tcp)
  Physical resource: system_i/axi_gpio_for_input/axi_gpio_for_input/gpio_core_1/gpio_Data_In[1]/CLK
  Logical resource: system_i/axi_gpio_for_input/axi_gpio_for_input/gpio_core_1/gpio_Data_In_1/CK
  Location pin: SLICE_X8Y10.CLK
  Clock network: system_i/processing_system7_0_FCLK_CLK0
--------------------------------------------------------------------------------
Slack: 19.000ns (period - (min low pulse limit / (low pulse / period)))
  Period: 20.000ns
  Low pulse: 10.000ns
  Low pulse limit: 0.500ns (Tcl)
  Physical resource: system_i/axi_interconnect_1_M_BVALID[1]/CLK
  Logical resource: system_i/axi_gpio_for_input/axi_gpio_for_input/AXI_LITE_IPIF_I/I_SLAVE_ATTACHMENT/s_axi_rvalid_i/CK
  Location pin: SLICE_X14Y31.CLK
  Clock network: system_i/processing_system7_0_FCLK_CLK0
--------------------------------------------------------------------------------
Slack: 19.000ns (period - (min high pulse limit / (high pulse / period)))
  Period: 20.000ns
  High pulse: 10.000ns
  High pulse limit: 0.500ns (Tch)
  Physical resource: system_i/axi_interconnect_1_M_BVALID[1]/CLK
  Logical resource: system_i/axi_gpio_for_input/axi_gpio_for_input/AXI_LITE_IPIF_I/I_SLAVE_ATTACHMENT/s_axi_rvalid_i/CK
  Location pin: SLICE_X14Y31.CLK
  Clock network: system_i/processing_system7_0_FCLK_CLK0
--------------------------------------------------------------------------------
Slack: 19.000ns (period - min period limit)
  Period: 20.000ns
  Min period limit: 1.000ns (1000.000MHz) (Tcp)
  Physical resource: system_i/axi_interconnect_1_M_BVALID[1]/CLK
  Logical resource: system_i/axi_gpio_for_input/axi_gpio_for_input/AXI_LITE_IPIF_I/I_SLAVE_ATTACHMENT/s_axi_rvalid_i/CK
  Location pin: SLICE_X14Y31.CLK
  Clock network: system_i/processing_system7_0_FCLK_CLK0
--------------------------------------------------------------------------------
Slack: 19.000ns (period - (min low pulse limit / (low pulse / period)))
  Period: 20.000ns
  Low pulse: 10.000ns
  Low pulse limit: 0.500ns (Tcl)
  Physical resource: system_i/axi_interconnect_1_M_BVALID[1]/CLK
  Logical resource: system_i/axi_gpio_for_input/axi_gpio_for_input/AXI_LITE_IPIF_I/I_SLAVE_ATTACHMENT/s_axi_bvalid_i/CK
  Location pin: SLICE_X14Y31.CLK
  Clock network: system_i/processing_system7_0_FCLK_CLK0
--------------------------------------------------------------------------------

================================================================================
Timing constraint: PATH "TS_axi_interconnect_1_reset_resync_path" TIG;

 2 paths analyzed, 2 endpoints analyzed, 0 failing endpoints
 0 timing errors detected. (0 setup errors, 0 hold errors)
--------------------------------------------------------------------------------
Delay:                  1.096ns (data path - clock path skew + uncertainty)
  Source:               system_i/axi_interconnect_1/axi_interconnect_1/si_converter_bank/gen_conv_slot[0].clock_conv_inst/interconnect_aresetn_resync_0 (FF)
  Destination:          system_i/axi_interconnect_1/axi_interconnect_1/si_converter_bank/gen_conv_slot[0].clock_conv_inst/interconnect_aresetn_resync_1 (FF)
  Data Path Delay:      1.061ns (Levels of Logic = 0)
  Clock Path Skew:      0.000ns
  Source Clock:         system_i/processing_system7_0_FCLK_CLK0 rising at 0.000ns
  Destination Clock:    system_i/processing_system7_0_FCLK_CLK0 rising at 20.000ns
  Clock Uncertainty:    0.035ns

  Clock Uncertainty:          0.035ns  ((TSJ^2 + TIJ^2)^1/2 + DJ) / 2 + PE
    Total System Jitter (TSJ):  0.070ns
    Total Input Jitter (TIJ):   0.000ns
    Discrete Jitter (DJ):       0.000ns
    Phase Error (PE):           0.000ns

  Maximum Data Path at Slow Process Corner: system_i/axi_interconnect_1/axi_interconnect_1/si_converter_bank/gen_conv_slot[0].clock_conv_inst/interconnect_aresetn_resync_0 to system_i/axi_interconnect_1/axi_interconnect_1/si_converter_bank/gen_conv_slot[0].clock_conv_inst/interconnect_aresetn_resync_1
    Location             Delay type         Delay(ns)  Physical Resource
                                                       Logical Resource(s)
    -------------------------------------------------  -------------------
    SLICE_X88Y95.AQ      Tcko                  0.456   system_i/axi_interconnect_1/axi_interconnect_1/si_converter_bank/gen_conv_slot[0].clock_conv_inst/interconnect_aresetn_resync[2]
                                                       system_i/axi_interconnect_1/axi_interconnect_1/si_converter_bank/gen_conv_slot[0].clock_conv_inst/interconnect_aresetn_resync_0
    SLICE_X88Y95.BX      net (fanout=1)        0.524   system_i/axi_interconnect_1/axi_interconnect_1/si_converter_bank/gen_conv_slot[0].clock_conv_inst/interconnect_aresetn_resync[0]
    SLICE_X88Y95.CLK     Tdick                 0.081   system_i/axi_interconnect_1/axi_interconnect_1/si_converter_bank/gen_conv_slot[0].clock_conv_inst/interconnect_aresetn_resync[2]
                                                       system_i/axi_interconnect_1/axi_interconnect_1/si_converter_bank/gen_conv_slot[0].clock_conv_inst/interconnect_aresetn_resync_1
    -------------------------------------------------  ---------------------------
    Total                                      1.061ns (0.537ns logic, 0.524ns route)
                                                       (50.6% logic, 49.4% route)

--------------------------------------------------------------------------------
Delay:                  1.073ns (data path - clock path skew + uncertainty)
  Source:               system_i/axi_interconnect_1/axi_interconnect_1/si_converter_bank/gen_conv_slot[0].clock_conv_inst/interconnect_aresetn_resync_1 (FF)
  Destination:          system_i/axi_interconnect_1/axi_interconnect_1/si_converter_bank/gen_conv_slot[0].clock_conv_inst/interconnect_aresetn_resync_2 (FF)
  Data Path Delay:      1.038ns (Levels of Logic = 0)
  Clock Path Skew:      0.000ns
  Source Clock:         system_i/processing_system7_0_FCLK_CLK0 rising at 0.000ns
  Destination Clock:    system_i/processing_system7_0_FCLK_CLK0 rising at 20.000ns
  Clock Uncertainty:    0.035ns

  Clock Uncertainty:          0.035ns  ((TSJ^2 + TIJ^2)^1/2 + DJ) / 2 + PE
    Total System Jitter (TSJ):  0.070ns
    Total Input Jitter (TIJ):   0.000ns
    Discrete Jitter (DJ):       0.000ns
    Phase Error (PE):           0.000ns

  Maximum Data Path at Slow Process Corner: system_i/axi_interconnect_1/axi_interconnect_1/si_converter_bank/gen_conv_slot[0].clock_conv_inst/interconnect_aresetn_resync_1 to system_i/axi_interconnect_1/axi_interconnect_1/si_converter_bank/gen_conv_slot[0].clock_conv_inst/interconnect_aresetn_resync_2
    Location             Delay type         Delay(ns)  Physical Resource
                                                       Logical Resource(s)
    -------------------------------------------------  -------------------
    SLICE_X88Y95.BQ      Tcko                  0.456   system_i/axi_interconnect_1/axi_interconnect_1/si_converter_bank/gen_conv_slot[0].clock_conv_inst/interconnect_aresetn_resync[2]
                                                       system_i/axi_interconnect_1/axi_interconnect_1/si_converter_bank/gen_conv_slot[0].clock_conv_inst/interconnect_aresetn_resync_1
    SLICE_X88Y95.CX      net (fanout=1)        0.521   system_i/axi_interconnect_1/axi_interconnect_1/si_converter_bank/gen_conv_slot[0].clock_conv_inst/interconnect_aresetn_resync[1]
    SLICE_X88Y95.CLK     Tdick                 0.061   system_i/axi_interconnect_1/axi_interconnect_1/si_converter_bank/gen_conv_slot[0].clock_conv_inst/interconnect_aresetn_resync[2]
                                                       system_i/axi_interconnect_1/axi_interconnect_1/si_converter_bank/gen_conv_slot[0].clock_conv_inst/interconnect_aresetn_resync_2
    -------------------------------------------------  ---------------------------
    Total                                      1.038ns (0.517ns logic, 0.521ns route)
                                                       (49.8% logic, 50.2% route)

--------------------------------------------------------------------------------


All constraints were met.


Data Sheet report:
-----------------
No constraints were found to generate data for the Data Sheet Report section.
Use the Advanced Analysis (-a) option or generate global constraints for each
clock, its pad to setup and clock to pad paths, and a pad to pad constraint.

Timing summary:
---------------

Timing errors: 0  Score: 0  (Setup/Max: 0, Hold: 0)

Constraints cover 2083 paths, 0 nets, and 1117 connections

Design statistics:
   Minimum period:  10.742ns{1}   (Maximum frequency:  93.093MHz)


------------------------------------Footnotes-----------------------------------
1)  The minimum period statistic assumes all single cycle delays.

Analysis completed Thu Apr  9 16:09:25 2026 
--------------------------------------------------------------------------------

Trace Settings:
-------------------------
Trace Settings 

Peak Memory Usage: 776 MB



