--------------------------------------------------------------------------------
Release 14.7 Trace  (lin64)
Copyright (c) 1995-2013 Xilinx, Inc.  All rights reserved.

/nfs/sw_cmc/x86_64.EL7/tools/xilinx_14.7/14.7/ISE_DS/ISE/bin/lin64/unwrapped/trce
-intstyle ise -o system_stub.twr -v 30 -l 30 system_stub_routed.ncd
system_stub.pcf

Design file:              system_stub_routed.ncd
Physical constraint file: system_stub.pcf
Device,package,speed:     xc7z020,clg484,C,-1 (PRODUCTION 1.08 2013-10-13)
Report level:             verbose report, limited to 30 items per constraint

Environment Variable      Effect 
--------------------      ------ 
NONE                      No environment variables were set
--------------------------------------------------------------------------------

INFO:Timing:3386 - Intersecting Constraints found and resolved.  For more 
   information, see the TSI report.  Please consult the Xilinx Command Line 
   Tools User Guide for information on generating a TSI report.
INFO:Timing:3412 - To improve timing, see the Timing Closure User Guide (UG612).
INFO:Timing:2752 - To get complete path coverage, use the unconstrained paths 
   option. All paths that are not constrained will be reported in the 
   unconstrained paths section(s) of the report.
INFO:Timing:3339 - The clock-to-out numbers in this timing report are based on 
   a 50 Ohm transmission line loading model.  For the details of this model, 
   and for more information on accounting for different loading conditions, 
   please see the device datasheet.

================================================================================
Timing constraint: PATH "TS_axi4lite_0_reset_resync_path" TIG;

 2 paths analyzed, 2 endpoints analyzed, 0 failing endpoints
 0 timing errors detected. (0 setup errors, 0 hold errors)
--------------------------------------------------------------------------------
Delay:                  1.241ns (data path - clock path skew + uncertainty)
  Source:               system_i/axi4lite_0/axi4lite_0/si_converter_bank/gen_conv_slot[0].clock_conv_inst/interconnect_aresetn_resync_1 (FF)
  Destination:          system_i/axi4lite_0/axi4lite_0/si_converter_bank/gen_conv_slot[0].clock_conv_inst/interconnect_aresetn_resync_2 (FF)
  Data Path Delay:      1.206ns (Levels of Logic = 0)
  Clock Path Skew:      0.000ns
  Source Clock:         system_i/processing_system7_0_FCLK_CLK0 rising at 0.000ns
  Destination Clock:    system_i/processing_system7_0_FCLK_CLK0 rising at 20.000ns
  Clock Uncertainty:    0.035ns

  Clock Uncertainty:          0.035ns  ((TSJ^2 + TIJ^2)^1/2 + DJ) / 2 + PE
    Total System Jitter (TSJ):  0.070ns
    Total Input Jitter (TIJ):   0.000ns
    Discrete Jitter (DJ):       0.000ns
    Phase Error (PE):           0.000ns

  Maximum Data Path at Slow Process Corner: system_i/axi4lite_0/axi4lite_0/si_converter_bank/gen_conv_slot[0].clock_conv_inst/interconnect_aresetn_resync_1 to system_i/axi4lite_0/axi4lite_0/si_converter_bank/gen_conv_slot[0].clock_conv_inst/interconnect_aresetn_resync_2
    Location             Delay type         Delay(ns)  Physical Resource
                                                       Logical Resource(s)
    -------------------------------------------------  -------------------
    SLICE_X45Y92.BMUX    Tshcko                0.591   system_i/axi4lite_0/axi4lite_0/si_converter_bank/gen_conv_slot[0].clock_conv_inst/interconnect_aresetn_resync[2]
                                                       system_i/axi4lite_0/axi4lite_0/si_converter_bank/gen_conv_slot[0].clock_conv_inst/interconnect_aresetn_resync_1
    SLICE_X45Y92.CX      net (fanout=1)        0.572   system_i/axi4lite_0/axi4lite_0/si_converter_bank/gen_conv_slot[0].clock_conv_inst/interconnect_aresetn_resync[1]
    SLICE_X45Y92.CLK     Tdick                 0.043   system_i/axi4lite_0/axi4lite_0/si_converter_bank/gen_conv_slot[0].clock_conv_inst/interconnect_aresetn_resync[2]
                                                       system_i/axi4lite_0/axi4lite_0/si_converter_bank/gen_conv_slot[0].clock_conv_inst/interconnect_aresetn_resync_2
    -------------------------------------------------  ---------------------------
    Total                                      1.206ns (0.634ns logic, 0.572ns route)
                                                       (52.6% logic, 47.4% route)

--------------------------------------------------------------------------------
Delay:                  1.073ns (data path - clock path skew + uncertainty)
  Source:               system_i/axi4lite_0/axi4lite_0/si_converter_bank/gen_conv_slot[0].clock_conv_inst/interconnect_aresetn_resync_0 (FF)
  Destination:          system_i/axi4lite_0/axi4lite_0/si_converter_bank/gen_conv_slot[0].clock_conv_inst/interconnect_aresetn_resync_1 (FF)
  Data Path Delay:      1.038ns (Levels of Logic = 0)
  Clock Path Skew:      0.000ns
  Source Clock:         system_i/processing_system7_0_FCLK_CLK0 rising at 0.000ns
  Destination Clock:    system_i/processing_system7_0_FCLK_CLK0 rising at 20.000ns
  Clock Uncertainty:    0.035ns

  Clock Uncertainty:          0.035ns  ((TSJ^2 + TIJ^2)^1/2 + DJ) / 2 + PE
    Total System Jitter (TSJ):  0.070ns
    Total Input Jitter (TIJ):   0.000ns
    Discrete Jitter (DJ):       0.000ns
    Phase Error (PE):           0.000ns

  Maximum Data Path at Slow Process Corner: system_i/axi4lite_0/axi4lite_0/si_converter_bank/gen_conv_slot[0].clock_conv_inst/interconnect_aresetn_resync_0 to system_i/axi4lite_0/axi4lite_0/si_converter_bank/gen_conv_slot[0].clock_conv_inst/interconnect_aresetn_resync_1
    Location             Delay type         Delay(ns)  Physical Resource
                                                       Logical Resource(s)
    -------------------------------------------------  -------------------
    SLICE_X45Y92.AMUX    Tshcko                0.594   system_i/axi4lite_0/axi4lite_0/si_converter_bank/gen_conv_slot[0].clock_conv_inst/interconnect_aresetn_resync[2]
                                                       system_i/axi4lite_0/axi4lite_0/si_converter_bank/gen_conv_slot[0].clock_conv_inst/interconnect_aresetn_resync_0
    SLICE_X45Y92.BX      net (fanout=1)        0.382   system_i/axi4lite_0/axi4lite_0/si_converter_bank/gen_conv_slot[0].clock_conv_inst/interconnect_aresetn_resync[0]
    SLICE_X45Y92.CLK     Tdick                 0.062   system_i/axi4lite_0/axi4lite_0/si_converter_bank/gen_conv_slot[0].clock_conv_inst/interconnect_aresetn_resync[2]
                                                       system_i/axi4lite_0/axi4lite_0/si_converter_bank/gen_conv_slot[0].clock_conv_inst/interconnect_aresetn_resync_1
    -------------------------------------------------  ---------------------------
    Total                                      1.038ns (0.656ns logic, 0.382ns route)
                                                       (63.2% logic, 36.8% route)

--------------------------------------------------------------------------------

================================================================================
Timing constraint: TS_clk_fpga_0 = PERIOD TIMEGRP "clk_fpga_0" 50 MHz HIGH 50%;
For more information, see Period Analysis in the Timing Closure User Guide (UG612).

 22286 paths analyzed, 2577 endpoints analyzed, 0 failing endpoints
 0 timing errors detected. (0 setup errors, 0 hold errors, 0 component switching limit errors)
 Minimum period is   6.877ns.
--------------------------------------------------------------------------------
Slack:                  13.123ns (requirement - (data path - clock path skew + uncertainty))
  Source:               system_i/axi_timer_0/axi_timer_0/AXI4_LITE_I/I_SLAVE_ATTACHMENT/I_DECODER/ce_out_i_5 (FF)
  Destination:          system_i/axi4lite_0/axi4lite_0/crossbar_samd/gen_sasd.crossbar_sasd_0/gen_crossbar.addr_arbiter_inst/m_valid_i (FF)
  Requirement:          20.000ns
  Data Path Delay:      6.851ns (Levels of Logic = 7)
  Clock Path Skew:      0.009ns (1.557 - 1.548)
  Source Clock:         system_i/processing_system7_0_FCLK_CLK0 rising at 0.000ns
  Destination Clock:    system_i/processing_system7_0_FCLK_CLK0 rising at 20.000ns
  Clock Uncertainty:    0.035ns

  Clock Uncertainty:          0.035ns  ((TSJ^2 + TIJ^2)^1/2 + DJ) / 2 + PE
    Total System Jitter (TSJ):  0.070ns
    Total Input Jitter (TIJ):   0.000ns
    Discrete Jitter (DJ):       0.000ns
    Phase Error (PE):           0.000ns

  Maximum Data Path at Slow Process Corner: system_i/axi_timer_0/axi_timer_0/AXI4_LITE_I/I_SLAVE_ATTACHMENT/I_DECODER/ce_out_i_5 to system_i/axi4lite_0/axi4lite_0/crossbar_samd/gen_sasd.crossbar_sasd_0/gen_crossbar.addr_arbiter_inst/m_valid_i
    Location             Delay type         Delay(ns)  Physical Resource
                                                       Logical Resource(s)
    -------------------------------------------------  -------------------
    SLICE_X28Y98.AQ      Tcko                  0.456   system_i/axi_timer_0/axi_timer_0/AXI4_LITE_I/I_SLAVE_ATTACHMENT/I_DECODER/ce_out_i_6
                                                       system_i/axi_timer_0/axi_timer_0/AXI4_LITE_I/I_SLAVE_ATTACHMENT/I_DECODER/ce_out_i_5
    SLICE_X31Y97.D1      net (fanout=36)       0.907   system_i/axi_timer_0/axi_timer_0/AXI4_LITE_I/I_SLAVE_ATTACHMENT/I_DECODER/ce_out_i_5
    SLICE_X31Y97.D       Tilo                  0.124   system_i/axi_timer_0/axi_timer_0/TC_CORE_I/tCSR0_Reg[28]
                                                       system_i/axi_timer_0/axi_timer_0/AXI4_LITE_I/I_SLAVE_ATTACHMENT/wr_done1_SW0
    SLICE_X31Y97.B1      net (fanout=1)        0.667   system_i/axi_timer_0/N89
    SLICE_X31Y97.B       Tilo                  0.124   system_i/axi_timer_0/axi_timer_0/TC_CORE_I/tCSR0_Reg[28]
                                                       system_i/axi_timer_0/axi_timer_0/AXI4_LITE_I/I_SLAVE_ATTACHMENT/wr_done1
    SLICE_X28Y101.C1     net (fanout=6)        1.149   system_i/axi4lite_0_M_AWREADY
    SLICE_X28Y101.C      Tilo                  0.124   system_i/axi4lite_0/axi4lite_0/mi_protocol_conv_bank/gen_protocol_slot[0].gen_prot_conv.conv_inst/gen_axilite.gen_axilite_conv.axilite_conv_inst/write_active
                                                       system_i/axi4lite_0/axi4lite_0/mi_protocol_conv_bank/gen_protocol_slot[0].gen_prot_conv.conv_inst/gen_axilite.gen_axilite_conv.axilite_conv_inst/_n011611_SW1_F
    SLICE_X28Y102.B6     net (fanout=1)        0.300   system_i/axi4lite_0/N31
    SLICE_X28Y102.B      Tilo                  0.124   system_i/axi4lite_0/N15
                                                       system_i/axi4lite_0/axi4lite_0/mi_protocol_conv_bank/gen_protocol_slot[0].gen_prot_conv.conv_inst/gen_axilite.gen_axilite_conv.axilite_conv_inst/_n011611_SW11
    SLICE_X28Y102.C6     net (fanout=2)        0.169   system_i/axi4lite_0/N15
    SLICE_X28Y102.CMUX   Tilo                  0.543   system_i/axi4lite_0/N15
                                                       system_i/axi4lite_0/axi4lite_0/crossbar_samd/gen_sasd.crossbar_sasd_0/gen_crossbar.mi_awready_mux_inst/O1_G
                                                       system_i/axi4lite_0/axi4lite_0/crossbar_samd/gen_sasd.crossbar_sasd_0/gen_crossbar.mi_awready_mux_inst/O1
    SLICE_X27Y105.D1     net (fanout=4)        1.128   system_i/axi4lite_0/axi4lite_0/crossbar_samd/gen_sasd.crossbar_sasd_0/mi_awready_mux
    SLICE_X27Y105.D      Tilo                  0.124   system_i/axi4lite_0/axi4lite_0/crossbar_samd/gen_sasd.crossbar_sasd_0/gen_crossbar.addr_arbiter_inst/m_grant_hot_i_0
                                                       system_i/axi4lite_0/axi4lite_0/crossbar_samd/gen_sasd.crossbar_sasd_0/gen_crossbar.splitter_aw/out1
    SLICE_X27Y104.A1     net (fanout=2)        0.817   system_i/axi4lite_0/axi4lite_0/crossbar_samd/gen_sasd.crossbar_sasd_0/aa_awready
    SLICE_X27Y104.CLK    Tas                   0.095   system_i/axi4lite_0/axi4lite_0/crossbar_samd/gen_sasd.crossbar_sasd_0/gen_crossbar.addr_arbiter_inst/m_valid_i
                                                       system_i/axi4lite_0/axi4lite_0/crossbar_samd/gen_sasd.crossbar_sasd_0/gen_crossbar.addr_arbiter_inst/m_valid_i_glue_set
                                                       system_i/axi4lite_0/axi4lite_0/crossbar_samd/gen_sasd.crossbar_sasd_0/gen_crossbar.addr_arbiter_inst/m_valid_i
    -------------------------------------------------  ---------------------------
    Total                                      6.851ns (1.714ns logic, 5.137ns route)
                                                       (25.0% logic, 75.0% route)

--------------------------------------------------------------------------------
Slack:                  13.127ns (requirement - (data path - clock path skew + uncertainty))
  Source:               system_i/axi_timer_0/axi_timer_0/AXI4_LITE_I/I_SLAVE_ATTACHMENT/I_DECODER/ce_out_i_5 (FF)
  Destination:          system_i/axi4lite_0/axi4lite_0/crossbar_samd/gen_sasd.crossbar_sasd_0/gen_crossbar.addr_arbiter_inst/m_valid_i (FF)
  Requirement:          20.000ns
  Data Path Delay:      6.847ns (Levels of Logic = 7)
  Clock Path Skew:      0.009ns (1.557 - 1.548)
  Source Clock:         system_i/processing_system7_0_FCLK_CLK0 rising at 0.000ns
  Destination Clock:    system_i/processing_system7_0_FCLK_CLK0 rising at 20.000ns
  Clock Uncertainty:    0.035ns

  Clock Uncertainty:          0.035ns  ((TSJ^2 + TIJ^2)^1/2 + DJ) / 2 + PE
    Total System Jitter (TSJ):  0.070ns
    Total Input Jitter (TIJ):   0.000ns
    Discrete Jitter (DJ):       0.000ns
    Phase Error (PE):           0.000ns

  Maximum Data Path at Slow Process Corner: system_i/axi_timer_0/axi_timer_0/AXI4_LITE_I/I_SLAVE_ATTACHMENT/I_DECODER/ce_out_i_5 to system_i/axi4lite_0/axi4lite_0/crossbar_samd/gen_sasd.crossbar_sasd_0/gen_crossbar.addr_arbiter_inst/m_valid_i
    Location             Delay type         Delay(ns)  Physical Resource
                                                       Logical Resource(s)
    -------------------------------------------------  -------------------
    SLICE_X28Y98.AQ      Tcko                  0.456   system_i/axi_timer_0/axi_timer_0/AXI4_LITE_I/I_SLAVE_ATTACHMENT/I_DECODER/ce_out_i_6
                                                       system_i/axi_timer_0/axi_timer_0/AXI4_LITE_I/I_SLAVE_ATTACHMENT/I_DECODER/ce_out_i_5
    SLICE_X31Y97.D1      net (fanout=36)       0.907   system_i/axi_timer_0/axi_timer_0/AXI4_LITE_I/I_SLAVE_ATTACHMENT/I_DECODER/ce_out_i_5
    SLICE_X31Y97.D       Tilo                  0.124   system_i/axi_timer_0/axi_timer_0/TC_CORE_I/tCSR0_Reg[28]
                                                       system_i/axi_timer_0/axi_timer_0/AXI4_LITE_I/I_SLAVE_ATTACHMENT/wr_done1_SW0
    SLICE_X31Y97.B1      net (fanout=1)        0.667   system_i/axi_timer_0/N89
    SLICE_X31Y97.B       Tilo                  0.124   system_i/axi_timer_0/axi_timer_0/TC_CORE_I/tCSR0_Reg[28]
                                                       system_i/axi_timer_0/axi_timer_0/AXI4_LITE_I/I_SLAVE_ATTACHMENT/wr_done1
    SLICE_X28Y101.C1     net (fanout=6)        1.149   system_i/axi4lite_0_M_AWREADY
    SLICE_X28Y101.C      Tilo                  0.124   system_i/axi4lite_0/axi4lite_0/mi_protocol_conv_bank/gen_protocol_slot[0].gen_prot_conv.conv_inst/gen_axilite.gen_axilite_conv.axilite_conv_inst/write_active
                                                       system_i/axi4lite_0/axi4lite_0/mi_protocol_conv_bank/gen_protocol_slot[0].gen_prot_conv.conv_inst/gen_axilite.gen_axilite_conv.axilite_conv_inst/_n011611_SW1_F
    SLICE_X28Y102.B6     net (fanout=1)        0.300   system_i/axi4lite_0/N31
    SLICE_X28Y102.B      Tilo                  0.124   system_i/axi4lite_0/N15
                                                       system_i/axi4lite_0/axi4lite_0/mi_protocol_conv_bank/gen_protocol_slot[0].gen_prot_conv.conv_inst/gen_axilite.gen_axilite_conv.axilite_conv_inst/_n011611_SW11
    SLICE_X28Y102.D6     net (fanout=2)        0.172   system_i/axi4lite_0/N15
    SLICE_X28Y102.CMUX   Topdc                 0.536   system_i/axi4lite_0/N15
                                                       system_i/axi4lite_0/axi4lite_0/crossbar_samd/gen_sasd.crossbar_sasd_0/gen_crossbar.mi_awready_mux_inst/O1_F
                                                       system_i/axi4lite_0/axi4lite_0/crossbar_samd/gen_sasd.crossbar_sasd_0/gen_crossbar.mi_awready_mux_inst/O1
    SLICE_X27Y105.D1     net (fanout=4)        1.128   system_i/axi4lite_0/axi4lite_0/crossbar_samd/gen_sasd.crossbar_sasd_0/mi_awready_mux
    SLICE_X27Y105.D      Tilo                  0.124   system_i/axi4lite_0/axi4lite_0/crossbar_samd/gen_sasd.crossbar_sasd_0/gen_crossbar.addr_arbiter_inst/m_grant_hot_i_0
                                                       system_i/axi4lite_0/axi4lite_0/crossbar_samd/gen_sasd.crossbar_sasd_0/gen_crossbar.splitter_aw/out1
    SLICE_X27Y104.A1     net (fanout=2)        0.817   system_i/axi4lite_0/axi4lite_0/crossbar_samd/gen_sasd.crossbar_sasd_0/aa_awready
    SLICE_X27Y104.CLK    Tas                   0.095   system_i/axi4lite_0/axi4lite_0/crossbar_samd/gen_sasd.crossbar_sasd_0/gen_crossbar.addr_arbiter_inst/m_valid_i
                                                       system_i/axi4lite_0/axi4lite_0/crossbar_samd/gen_sasd.crossbar_sasd_0/gen_crossbar.addr_arbiter_inst/m_valid_i_glue_set
                                                       system_i/axi4lite_0/axi4lite_0/crossbar_samd/gen_sasd.crossbar_sasd_0/gen_crossbar.addr_arbiter_inst/m_valid_i
    -------------------------------------------------  ---------------------------
    Total                                      6.847ns (1.707ns logic, 5.140ns route)
                                                       (24.9% logic, 75.1% route)

--------------------------------------------------------------------------------
Slack:                  13.295ns (requirement - (data path - clock path skew + uncertainty))
  Source:               system_i/axi_timer_0/axi_timer_0/AXI4_LITE_I/I_SLAVE_ATTACHMENT/I_DECODER/ce_out_i_1 (FF)
  Destination:          system_i/axi4lite_0/axi4lite_0/crossbar_samd/gen_sasd.crossbar_sasd_0/gen_crossbar.addr_arbiter_inst/m_valid_i (FF)
  Requirement:          20.000ns
  Data Path Delay:      6.679ns (Levels of Logic = 7)
  Clock Path Skew:      0.009ns (1.557 - 1.548)
  Source Clock:         system_i/processing_system7_0_FCLK_CLK0 rising at 0.000ns
  Destination Clock:    system_i/processing_system7_0_FCLK_CLK0 rising at 20.000ns
  Clock Uncertainty:    0.035ns

  Clock Uncertainty:          0.035ns  ((TSJ^2 + TIJ^2)^1/2 + DJ) / 2 + PE
    Total System Jitter (TSJ):  0.070ns
    Total Input Jitter (TIJ):   0.000ns
    Discrete Jitter (DJ):       0.000ns
    Phase Error (PE):           0.000ns

  Maximum Data Path at Slow Process Corner: system_i/axi_timer_0/axi_timer_0/AXI4_LITE_I/I_SLAVE_ATTACHMENT/I_DECODER/ce_out_i_1 to system_i/axi4lite_0/axi4lite_0/crossbar_samd/gen_sasd.crossbar_sasd_0/gen_crossbar.addr_arbiter_inst/m_valid_i
    Location             Delay type         Delay(ns)  Physical Resource
                                                       Logical Resource(s)
    -------------------------------------------------  -------------------
    SLICE_X29Y98.BQ      Tcko                  0.456   system_i/axi_timer_0/axi_timer_0/AXI4_LITE_I/I_SLAVE_ATTACHMENT/I_DECODER/ce_out_i_4
                                                       system_i/axi_timer_0/axi_timer_0/AXI4_LITE_I/I_SLAVE_ATTACHMENT/I_DECODER/ce_out_i_1
    SLICE_X31Y97.D3      net (fanout=58)       0.735   system_i/axi_timer_0/axi_timer_0/AXI4_LITE_I/I_SLAVE_ATTACHMENT/I_DECODER/ce_out_i_1
    SLICE_X31Y97.D       Tilo                  0.124   system_i/axi_timer_0/axi_timer_0/TC_CORE_I/tCSR0_Reg[28]
                                                       system_i/axi_timer_0/axi_timer_0/AXI4_LITE_I/I_SLAVE_ATTACHMENT/wr_done1_SW0
    SLICE_X31Y97.B1      net (fanout=1)        0.667   system_i/axi_timer_0/N89
    SLICE_X31Y97.B       Tilo                  0.124   system_i/axi_timer_0/axi_timer_0/TC_CORE_I/tCSR0_Reg[28]
                                                       system_i/axi_timer_0/axi_timer_0/AXI4_LITE_I/I_SLAVE_ATTACHMENT/wr_done1
    SLICE_X28Y101.C1     net (fanout=6)        1.149   system_i/axi4lite_0_M_AWREADY
    SLICE_X28Y101.C      Tilo                  0.124   system_i/axi4lite_0/axi4lite_0/mi_protocol_conv_bank/gen_protocol_slot[0].gen_prot_conv.conv_inst/gen_axilite.gen_axilite_conv.axilite_conv_inst/write_active
                                                       system_i/axi4lite_0/axi4lite_0/mi_protocol_conv_bank/gen_protocol_slot[0].gen_prot_conv.conv_inst/gen_axilite.gen_axilite_conv.axilite_conv_inst/_n011611_SW1_F
    SLICE_X28Y102.B6     net (fanout=1)        0.300   system_i/axi4lite_0/N31
    SLICE_X28Y102.B      Tilo                  0.124   system_i/axi4lite_0/N15
                                                       system_i/axi4lite_0/axi4lite_0/mi_protocol_conv_bank/gen_protocol_slot[0].gen_prot_conv.conv_inst/gen_axilite.gen_axilite_conv.axilite_conv_inst/_n011611_SW11
    SLICE_X28Y102.C6     net (fanout=2)        0.169   system_i/axi4lite_0/N15
    SLICE_X28Y102.CMUX   Tilo                  0.543   system_i/axi4lite_0/N15
                                                       system_i/axi4lite_0/axi4lite_0/crossbar_samd/gen_sasd.crossbar_sasd_0/gen_crossbar.mi_awready_mux_inst/O1_G
                                                       system_i/axi4lite_0/axi4lite_0/crossbar_samd/gen_sasd.crossbar_sasd_0/gen_crossbar.mi_awready_mux_inst/O1
    SLICE_X27Y105.D1     net (fanout=4)        1.128   system_i/axi4lite_0/axi4lite_0/crossbar_samd/gen_sasd.crossbar_sasd_0/mi_awready_mux
    SLICE_X27Y105.D      Tilo                  0.124   system_i/axi4lite_0/axi4lite_0/crossbar_samd/gen_sasd.crossbar_sasd_0/gen_crossbar.addr_arbiter_inst/m_grant_hot_i_0
                                                       system_i/axi4lite_0/axi4lite_0/crossbar_samd/gen_sasd.crossbar_sasd_0/gen_crossbar.splitter_aw/out1
    SLICE_X27Y104.A1     net (fanout=2)        0.817   system_i/axi4lite_0/axi4lite_0/crossbar_samd/gen_sasd.crossbar_sasd_0/aa_awready
    SLICE_X27Y104.CLK    Tas                   0.095   system_i/axi4lite_0/axi4lite_0/crossbar_samd/gen_sasd.crossbar_sasd_0/gen_crossbar.addr_arbiter_inst/m_valid_i
                                                       system_i/axi4lite_0/axi4lite_0/crossbar_samd/gen_sasd.crossbar_sasd_0/gen_crossbar.addr_arbiter_inst/m_valid_i_glue_set
                                                       system_i/axi4lite_0/axi4lite_0/crossbar_samd/gen_sasd.crossbar_sasd_0/gen_crossbar.addr_arbiter_inst/m_valid_i
    -------------------------------------------------  ---------------------------
    Total                                      6.679ns (1.714ns logic, 4.965ns route)
                                                       (25.7% logic, 74.3% route)

--------------------------------------------------------------------------------
Slack:                  13.299ns (requirement - (data path - clock path skew + uncertainty))
  Source:               system_i/axi_timer_0/axi_timer_0/AXI4_LITE_I/I_SLAVE_ATTACHMENT/I_DECODER/ce_out_i_1 (FF)
  Destination:          system_i/axi4lite_0/axi4lite_0/crossbar_samd/gen_sasd.crossbar_sasd_0/gen_crossbar.addr_arbiter_inst/m_valid_i (FF)
  Requirement:          20.000ns
  Data Path Delay:      6.675ns (Levels of Logic = 7)
  Clock Path Skew:      0.009ns (1.557 - 1.548)
  Source Clock:         system_i/processing_system7_0_FCLK_CLK0 rising at 0.000ns
  Destination Clock:    system_i/processing_system7_0_FCLK_CLK0 rising at 20.000ns
  Clock Uncertainty:    0.035ns

  Clock Uncertainty:          0.035ns  ((TSJ^2 + TIJ^2)^1/2 + DJ) / 2 + PE
    Total System Jitter (TSJ):  0.070ns
    Total Input Jitter (TIJ):   0.000ns
    Discrete Jitter (DJ):       0.000ns
    Phase Error (PE):           0.000ns

  Maximum Data Path at Slow Process Corner: system_i/axi_timer_0/axi_timer_0/AXI4_LITE_I/I_SLAVE_ATTACHMENT/I_DECODER/ce_out_i_1 to system_i/axi4lite_0/axi4lite_0/crossbar_samd/gen_sasd.crossbar_sasd_0/gen_crossbar.addr_arbiter_inst/m_valid_i
    Location             Delay type         Delay(ns)  Physical Resource
                                                       Logical Resource(s)
    -------------------------------------------------  -------------------
    SLICE_X29Y98.BQ      Tcko                  0.456   system_i/axi_timer_0/axi_timer_0/AXI4_LITE_I/I_SLAVE_ATTACHMENT/I_DECODER/ce_out_i_4
                                                       system_i/axi_timer_0/axi_timer_0/AXI4_LITE_I/I_SLAVE_ATTACHMENT/I_DECODER/ce_out_i_1
    SLICE_X31Y97.D3      net (fanout=58)       0.735   system_i/axi_timer_0/axi_timer_0/AXI4_LITE_I/I_SLAVE_ATTACHMENT/I_DECODER/ce_out_i_1
    SLICE_X31Y97.D       Tilo                  0.124   system_i/axi_timer_0/axi_timer_0/TC_CORE_I/tCSR0_Reg[28]
                                                       system_i/axi_timer_0/axi_timer_0/AXI4_LITE_I/I_SLAVE_ATTACHMENT/wr_done1_SW0
    SLICE_X31Y97.B1      net (fanout=1)        0.667   system_i/axi_timer_0/N89
    SLICE_X31Y97.B       Tilo                  0.124   system_i/axi_timer_0/axi_timer_0/TC_CORE_I/tCSR0_Reg[28]
                                                       system_i/axi_timer_0/axi_timer_0/AXI4_LITE_I/I_SLAVE_ATTACHMENT/wr_done1
    SLICE_X28Y101.C1     net (fanout=6)        1.149   system_i/axi4lite_0_M_AWREADY
    SLICE_X28Y101.C      Tilo                  0.124   system_i/axi4lite_0/axi4lite_0/mi_protocol_conv_bank/gen_protocol_slot[0].gen_prot_conv.conv_inst/gen_axilite.gen_axilite_conv.axilite_conv_inst/write_active
                                                       system_i/axi4lite_0/axi4lite_0/mi_protocol_conv_bank/gen_protocol_slot[0].gen_prot_conv.conv_inst/gen_axilite.gen_axilite_conv.axilite_conv_inst/_n011611_SW1_F
    SLICE_X28Y102.B6     net (fanout=1)        0.300   system_i/axi4lite_0/N31
    SLICE_X28Y102.B      Tilo                  0.124   system_i/axi4lite_0/N15
                                                       system_i/axi4lite_0/axi4lite_0/mi_protocol_conv_bank/gen_protocol_slot[0].gen_prot_conv.conv_inst/gen_axilite.gen_axilite_conv.axilite_conv_inst/_n011611_SW11
    SLICE_X28Y102.D6     net (fanout=2)        0.172   system_i/axi4lite_0/N15
    SLICE_X28Y102.CMUX   Topdc                 0.536   system_i/axi4lite_0/N15
                                                       system_i/axi4lite_0/axi4lite_0/crossbar_samd/gen_sasd.crossbar_sasd_0/gen_crossbar.mi_awready_mux_inst/O1_F
                                                       system_i/axi4lite_0/axi4lite_0/crossbar_samd/gen_sasd.crossbar_sasd_0/gen_crossbar.mi_awready_mux_inst/O1
    SLICE_X27Y105.D1     net (fanout=4)        1.128   system_i/axi4lite_0/axi4lite_0/crossbar_samd/gen_sasd.crossbar_sasd_0/mi_awready_mux
    SLICE_X27Y105.D      Tilo                  0.124   system_i/axi4lite_0/axi4lite_0/crossbar_samd/gen_sasd.crossbar_sasd_0/gen_crossbar.addr_arbiter_inst/m_grant_hot_i_0
                                                       system_i/axi4lite_0/axi4lite_0/crossbar_samd/gen_sasd.crossbar_sasd_0/gen_crossbar.splitter_aw/out1
    SLICE_X27Y104.A1     net (fanout=2)        0.817   system_i/axi4lite_0/axi4lite_0/crossbar_samd/gen_sasd.crossbar_sasd_0/aa_awready
    SLICE_X27Y104.CLK    Tas                   0.095   system_i/axi4lite_0/axi4lite_0/crossbar_samd/gen_sasd.crossbar_sasd_0/gen_crossbar.addr_arbiter_inst/m_valid_i
                                                       system_i/axi4lite_0/axi4lite_0/crossbar_samd/gen_sasd.crossbar_sasd_0/gen_crossbar.addr_arbiter_inst/m_valid_i_glue_set
                                                       system_i/axi4lite_0/axi4lite_0/crossbar_samd/gen_sasd.crossbar_sasd_0/gen_crossbar.addr_arbiter_inst/m_valid_i
    -------------------------------------------------  ---------------------------
    Total                                      6.675ns (1.707ns logic, 4.968ns route)
                                                       (25.6% logic, 74.4% route)

--------------------------------------------------------------------------------
Slack:                  13.348ns (requirement - (data path - clock path skew + uncertainty))
  Source:               system_i/axi_timer_0/axi_timer_0/AXI4_LITE_I/I_SLAVE_ATTACHMENT/I_DECODER/ce_out_i_5 (FF)
  Destination:          system_i/axi4lite_0/axi4lite_0/crossbar_samd/gen_sasd.crossbar_sasd_0/gen_crossbar.addr_arbiter_inst/m_valid_i (FF)
  Requirement:          20.000ns
  Data Path Delay:      6.626ns (Levels of Logic = 6)
  Clock Path Skew:      0.009ns (1.557 - 1.548)
  Source Clock:         system_i/processing_system7_0_FCLK_CLK0 rising at 0.000ns
  Destination Clock:    system_i/processing_system7_0_FCLK_CLK0 rising at 20.000ns
  Clock Uncertainty:    0.035ns

  Clock Uncertainty:          0.035ns  ((TSJ^2 + TIJ^2)^1/2 + DJ) / 2 + PE
    Total System Jitter (TSJ):  0.070ns
    Total Input Jitter (TIJ):   0.000ns
    Discrete Jitter (DJ):       0.000ns
    Phase Error (PE):           0.000ns

  Maximum Data Path at Slow Process Corner: system_i/axi_timer_0/axi_timer_0/AXI4_LITE_I/I_SLAVE_ATTACHMENT/I_DECODER/ce_out_i_5 to system_i/axi4lite_0/axi4lite_0/crossbar_samd/gen_sasd.crossbar_sasd_0/gen_crossbar.addr_arbiter_inst/m_valid_i
    Location             Delay type         Delay(ns)  Physical Resource
                                                       Logical Resource(s)
    -------------------------------------------------  -------------------
    SLICE_X28Y98.AQ      Tcko                  0.456   system_i/axi_timer_0/axi_timer_0/AXI4_LITE_I/I_SLAVE_ATTACHMENT/I_DECODER/ce_out_i_6
                                                       system_i/axi_timer_0/axi_timer_0/AXI4_LITE_I/I_SLAVE_ATTACHMENT/I_DECODER/ce_out_i_5
    SLICE_X31Y97.D1      net (fanout=36)       0.907   system_i/axi_timer_0/axi_timer_0/AXI4_LITE_I/I_SLAVE_ATTACHMENT/I_DECODER/ce_out_i_5
    SLICE_X31Y97.D       Tilo                  0.124   system_i/axi_timer_0/axi_timer_0/TC_CORE_I/tCSR0_Reg[28]
                                                       system_i/axi_timer_0/axi_timer_0/AXI4_LITE_I/I_SLAVE_ATTACHMENT/wr_done1_SW0
    SLICE_X31Y97.B1      net (fanout=1)        0.667   system_i/axi_timer_0/N89
    SLICE_X31Y97.B       Tilo                  0.124   system_i/axi_timer_0/axi_timer_0/TC_CORE_I/tCSR0_Reg[28]
                                                       system_i/axi_timer_0/axi_timer_0/AXI4_LITE_I/I_SLAVE_ATTACHMENT/wr_done1
    SLICE_X30Y101.C1     net (fanout=6)        1.126   system_i/axi4lite_0_M_AWREADY
    SLICE_X30Y101.C      Tilo                  0.124   system_i/axi4lite_0/N14
                                                       system_i/axi4lite_0/axi4lite_0/mi_protocol_conv_bank/gen_protocol_slot[0].gen_prot_conv.conv_inst/gen_axilite.gen_axilite_conv.axilite_conv_inst/_n011611_SW0
    SLICE_X28Y102.CX     net (fanout=1)        0.464   system_i/axi4lite_0/N14
    SLICE_X28Y102.CMUX   Tcxc                  0.470   system_i/axi4lite_0/N15
                                                       system_i/axi4lite_0/axi4lite_0/crossbar_samd/gen_sasd.crossbar_sasd_0/gen_crossbar.mi_awready_mux_inst/O1
    SLICE_X27Y105.D1     net (fanout=4)        1.128   system_i/axi4lite_0/axi4lite_0/crossbar_samd/gen_sasd.crossbar_sasd_0/mi_awready_mux
    SLICE_X27Y105.D      Tilo                  0.124   system_i/axi4lite_0/axi4lite_0/crossbar_samd/gen_sasd.crossbar_sasd_0/gen_crossbar.addr_arbiter_inst/m_grant_hot_i_0
                                                       system_i/axi4lite_0/axi4lite_0/crossbar_samd/gen_sasd.crossbar_sasd_0/gen_crossbar.splitter_aw/out1
    SLICE_X27Y104.A1     net (fanout=2)        0.817   system_i/axi4lite_0/axi4lite_0/crossbar_samd/gen_sasd.crossbar_sasd_0/aa_awready
    SLICE_X27Y104.CLK    Tas                   0.095   system_i/axi4lite_0/axi4lite_0/crossbar_samd/gen_sasd.crossbar_sasd_0/gen_crossbar.addr_arbiter_inst/m_valid_i
                                                       system_i/axi4lite_0/axi4lite_0/crossbar_samd/gen_sasd.crossbar_sasd_0/gen_crossbar.addr_arbiter_inst/m_valid_i_glue_set
                                                       system_i/axi4lite_0/axi4lite_0/crossbar_samd/gen_sasd.crossbar_sasd_0/gen_crossbar.addr_arbiter_inst/m_valid_i
    -------------------------------------------------  ---------------------------
    Total                                      6.626ns (1.517ns logic, 5.109ns route)
                                                       (22.9% logic, 77.1% route)

--------------------------------------------------------------------------------
Slack:                  13.417ns (requirement - (data path - clock path skew + uncertainty))
  Source:               system_i/axi_timer_0/axi_timer_0/AXI4_LITE_I/I_SLAVE_ATTACHMENT/I_DECODER/ce_out_i_0 (FF)
  Destination:          system_i/axi4lite_0/axi4lite_0/crossbar_samd/gen_sasd.crossbar_sasd_0/gen_crossbar.addr_arbiter_inst/m_valid_i (FF)
  Requirement:          20.000ns
  Data Path Delay:      6.557ns (Levels of Logic = 7)
  Clock Path Skew:      0.009ns (1.557 - 1.548)
  Source Clock:         system_i/processing_system7_0_FCLK_CLK0 rising at 0.000ns
  Destination Clock:    system_i/processing_system7_0_FCLK_CLK0 rising at 20.000ns
  Clock Uncertainty:    0.035ns

  Clock Uncertainty:          0.035ns  ((TSJ^2 + TIJ^2)^1/2 + DJ) / 2 + PE
    Total System Jitter (TSJ):  0.070ns
    Total Input Jitter (TIJ):   0.000ns
    Discrete Jitter (DJ):       0.000ns
    Phase Error (PE):           0.000ns

  Maximum Data Path at Slow Process Corner: system_i/axi_timer_0/axi_timer_0/AXI4_LITE_I/I_SLAVE_ATTACHMENT/I_DECODER/ce_out_i_0 to system_i/axi4lite_0/axi4lite_0/crossbar_samd/gen_sasd.crossbar_sasd_0/gen_crossbar.addr_arbiter_inst/m_valid_i
    Location             Delay type         Delay(ns)  Physical Resource
                                                       Logical Resource(s)
    -------------------------------------------------  -------------------
    SLICE_X29Y98.AQ      Tcko                  0.456   system_i/axi_timer_0/axi_timer_0/AXI4_LITE_I/I_SLAVE_ATTACHMENT/I_DECODER/ce_out_i_4
                                                       system_i/axi_timer_0/axi_timer_0/AXI4_LITE_I/I_SLAVE_ATTACHMENT/I_DECODER/ce_out_i_0
    SLICE_X31Y97.D4      net (fanout=8)        0.613   system_i/axi_timer_0/axi_timer_0/AXI4_LITE_I/I_SLAVE_ATTACHMENT/I_DECODER/ce_out_i_0
    SLICE_X31Y97.D       Tilo                  0.124   system_i/axi_timer_0/axi_timer_0/TC_CORE_I/tCSR0_Reg[28]
                                                       system_i/axi_timer_0/axi_timer_0/AXI4_LITE_I/I_SLAVE_ATTACHMENT/wr_done1_SW0
    SLICE_X31Y97.B1      net (fanout=1)        0.667   system_i/axi_timer_0/N89
    SLICE_X31Y97.B       Tilo                  0.124   system_i/axi_timer_0/axi_timer_0/TC_CORE_I/tCSR0_Reg[28]
                                                       system_i/axi_timer_0/axi_timer_0/AXI4_LITE_I/I_SLAVE_ATTACHMENT/wr_done1
    SLICE_X28Y101.C1     net (fanout=6)        1.149   system_i/axi4lite_0_M_AWREADY
    SLICE_X28Y101.C      Tilo                  0.124   system_i/axi4lite_0/axi4lite_0/mi_protocol_conv_bank/gen_protocol_slot[0].gen_prot_conv.conv_inst/gen_axilite.gen_axilite_conv.axilite_conv_inst/write_active
                                                       system_i/axi4lite_0/axi4lite_0/mi_protocol_conv_bank/gen_protocol_slot[0].gen_prot_conv.conv_inst/gen_axilite.gen_axilite_conv.axilite_conv_inst/_n011611_SW1_F
    SLICE_X28Y102.B6     net (fanout=1)        0.300   system_i/axi4lite_0/N31
    SLICE_X28Y102.B      Tilo                  0.124   system_i/axi4lite_0/N15
                                                       system_i/axi4lite_0/axi4lite_0/mi_protocol_conv_bank/gen_protocol_slot[0].gen_prot_conv.conv_inst/gen_axilite.gen_axilite_conv.axilite_conv_inst/_n011611_SW11
    SLICE_X28Y102.C6     net (fanout=2)        0.169   system_i/axi4lite_0/N15
    SLICE_X28Y102.CMUX   Tilo                  0.543   system_i/axi4lite_0/N15
                                                       system_i/axi4lite_0/axi4lite_0/crossbar_samd/gen_sasd.crossbar_sasd_0/gen_crossbar.mi_awready_mux_inst/O1_G
                                                       system_i/axi4lite_0/axi4lite_0/crossbar_samd/gen_sasd.crossbar_sasd_0/gen_crossbar.mi_awready_mux_inst/O1
    SLICE_X27Y105.D1     net (fanout=4)        1.128   system_i/axi4lite_0/axi4lite_0/crossbar_samd/gen_sasd.crossbar_sasd_0/mi_awready_mux
    SLICE_X27Y105.D      Tilo                  0.124   system_i/axi4lite_0/axi4lite_0/crossbar_samd/gen_sasd.crossbar_sasd_0/gen_crossbar.addr_arbiter_inst/m_grant_hot_i_0
                                                       system_i/axi4lite_0/axi4lite_0/crossbar_samd/gen_sasd.crossbar_sasd_0/gen_crossbar.splitter_aw/out1
    SLICE_X27Y104.A1     net (fanout=2)        0.817   system_i/axi4lite_0/axi4lite_0/crossbar_samd/gen_sasd.crossbar_sasd_0/aa_awready
    SLICE_X27Y104.CLK    Tas                   0.095   system_i/axi4lite_0/axi4lite_0/crossbar_samd/gen_sasd.crossbar_sasd_0/gen_crossbar.addr_arbiter_inst/m_valid_i
                                                       system_i/axi4lite_0/axi4lite_0/crossbar_samd/gen_sasd.crossbar_sasd_0/gen_crossbar.addr_arbiter_inst/m_valid_i_glue_set
                                                       system_i/axi4lite_0/axi4lite_0/crossbar_samd/gen_sasd.crossbar_sasd_0/gen_crossbar.addr_arbiter_inst/m_valid_i
    -------------------------------------------------  ---------------------------
    Total                                      6.557ns (1.714ns logic, 4.843ns route)
                                                       (26.1% logic, 73.9% route)

--------------------------------------------------------------------------------
Slack:                  13.421ns (requirement - (data path - clock path skew + uncertainty))
  Source:               system_i/axi_timer_0/axi_timer_0/AXI4_LITE_I/I_SLAVE_ATTACHMENT/I_DECODER/ce_out_i_0 (FF)
  Destination:          system_i/axi4lite_0/axi4lite_0/crossbar_samd/gen_sasd.crossbar_sasd_0/gen_crossbar.addr_arbiter_inst/m_valid_i (FF)
  Requirement:          20.000ns
  Data Path Delay:      6.553ns (Levels of Logic = 7)
  Clock Path Skew:      0.009ns (1.557 - 1.548)
  Source Clock:         system_i/processing_system7_0_FCLK_CLK0 rising at 0.000ns
  Destination Clock:    system_i/processing_system7_0_FCLK_CLK0 rising at 20.000ns
  Clock Uncertainty:    0.035ns

  Clock Uncertainty:          0.035ns  ((TSJ^2 + TIJ^2)^1/2 + DJ) / 2 + PE
    Total System Jitter (TSJ):  0.070ns
    Total Input Jitter (TIJ):   0.000ns
    Discrete Jitter (DJ):       0.000ns
    Phase Error (PE):           0.000ns

  Maximum Data Path at Slow Process Corner: system_i/axi_timer_0/axi_timer_0/AXI4_LITE_I/I_SLAVE_ATTACHMENT/I_DECODER/ce_out_i_0 to system_i/axi4lite_0/axi4lite_0/crossbar_samd/gen_sasd.crossbar_sasd_0/gen_crossbar.addr_arbiter_inst/m_valid_i
    Location             Delay type         Delay(ns)  Physical Resource
                                                       Logical Resource(s)
    -------------------------------------------------  -------------------
    SLICE_X29Y98.AQ      Tcko                  0.456   system_i/axi_timer_0/axi_timer_0/AXI4_LITE_I/I_SLAVE_ATTACHMENT/I_DECODER/ce_out_i_4
                                                       system_i/axi_timer_0/axi_timer_0/AXI4_LITE_I/I_SLAVE_ATTACHMENT/I_DECODER/ce_out_i_0
    SLICE_X31Y97.D4      net (fanout=8)        0.613   system_i/axi_timer_0/axi_timer_0/AXI4_LITE_I/I_SLAVE_ATTACHMENT/I_DECODER/ce_out_i_0
    SLICE_X31Y97.D       Tilo                  0.124   system_i/axi_timer_0/axi_timer_0/TC_CORE_I/tCSR0_Reg[28]
                                                       system_i/axi_timer_0/axi_timer_0/AXI4_LITE_I/I_SLAVE_ATTACHMENT/wr_done1_SW0
    SLICE_X31Y97.B1      net (fanout=1)        0.667   system_i/axi_timer_0/N89
    SLICE_X31Y97.B       Tilo                  0.124   system_i/axi_timer_0/axi_timer_0/TC_CORE_I/tCSR0_Reg[28]
                                                       system_i/axi_timer_0/axi_timer_0/AXI4_LITE_I/I_SLAVE_ATTACHMENT/wr_done1
    SLICE_X28Y101.C1     net (fanout=6)        1.149   system_i/axi4lite_0_M_AWREADY
    SLICE_X28Y101.C      Tilo                  0.124   system_i/axi4lite_0/axi4lite_0/mi_protocol_conv_bank/gen_protocol_slot[0].gen_prot_conv.conv_inst/gen_axilite.gen_axilite_conv.axilite_conv_inst/write_active
                                                       system_i/axi4lite_0/axi4lite_0/mi_protocol_conv_bank/gen_protocol_slot[0].gen_prot_conv.conv_inst/gen_axilite.gen_axilite_conv.axilite_conv_inst/_n011611_SW1_F
    SLICE_X28Y102.B6     net (fanout=1)        0.300   system_i/axi4lite_0/N31
    SLICE_X28Y102.B      Tilo                  0.124   system_i/axi4lite_0/N15
                                                       system_i/axi4lite_0/axi4lite_0/mi_protocol_conv_bank/gen_protocol_slot[0].gen_prot_conv.conv_inst/gen_axilite.gen_axilite_conv.axilite_conv_inst/_n011611_SW11
    SLICE_X28Y102.D6     net (fanout=2)        0.172   system_i/axi4lite_0/N15
    SLICE_X28Y102.CMUX   Topdc                 0.536   system_i/axi4lite_0/N15
                                                       system_i/axi4lite_0/axi4lite_0/crossbar_samd/gen_sasd.crossbar_sasd_0/gen_crossbar.mi_awready_mux_inst/O1_F
                                                       system_i/axi4lite_0/axi4lite_0/crossbar_samd/gen_sasd.crossbar_sasd_0/gen_crossbar.mi_awready_mux_inst/O1
    SLICE_X27Y105.D1     net (fanout=4)        1.128   system_i/axi4lite_0/axi4lite_0/crossbar_samd/gen_sasd.crossbar_sasd_0/mi_awready_mux
    SLICE_X27Y105.D      Tilo                  0.124   system_i/axi4lite_0/axi4lite_0/crossbar_samd/gen_sasd.crossbar_sasd_0/gen_crossbar.addr_arbiter_inst/m_grant_hot_i_0
                                                       system_i/axi4lite_0/axi4lite_0/crossbar_samd/gen_sasd.crossbar_sasd_0/gen_crossbar.splitter_aw/out1
    SLICE_X27Y104.A1     net (fanout=2)        0.817   system_i/axi4lite_0/axi4lite_0/crossbar_samd/gen_sasd.crossbar_sasd_0/aa_awready
    SLICE_X27Y104.CLK    Tas                   0.095   system_i/axi4lite_0/axi4lite_0/crossbar_samd/gen_sasd.crossbar_sasd_0/gen_crossbar.addr_arbiter_inst/m_valid_i
                                                       system_i/axi4lite_0/axi4lite_0/crossbar_samd/gen_sasd.crossbar_sasd_0/gen_crossbar.addr_arbiter_inst/m_valid_i_glue_set
                                                       system_i/axi4lite_0/axi4lite_0/crossbar_samd/gen_sasd.crossbar_sasd_0/gen_crossbar.addr_arbiter_inst/m_valid_i
    -------------------------------------------------  ---------------------------
    Total                                      6.553ns (1.707ns logic, 4.846ns route)
                                                       (26.0% logic, 74.0% route)

--------------------------------------------------------------------------------
Slack:                  13.520ns (requirement - (data path - clock path skew + uncertainty))
  Source:               system_i/axi_timer_0/axi_timer_0/AXI4_LITE_I/I_SLAVE_ATTACHMENT/I_DECODER/ce_out_i_1 (FF)
  Destination:          system_i/axi4lite_0/axi4lite_0/crossbar_samd/gen_sasd.crossbar_sasd_0/gen_crossbar.addr_arbiter_inst/m_valid_i (FF)
  Requirement:          20.000ns
  Data Path Delay:      6.454ns (Levels of Logic = 6)
  Clock Path Skew:      0.009ns (1.557 - 1.548)
  Source Clock:         system_i/processing_system7_0_FCLK_CLK0 rising at 0.000ns
  Destination Clock:    system_i/processing_system7_0_FCLK_CLK0 rising at 20.000ns
  Clock Uncertainty:    0.035ns

  Clock Uncertainty:          0.035ns  ((TSJ^2 + TIJ^2)^1/2 + DJ) / 2 + PE
    Total System Jitter (TSJ):  0.070ns
    Total Input Jitter (TIJ):   0.000ns
    Discrete Jitter (DJ):       0.000ns
    Phase Error (PE):           0.000ns

  Maximum Data Path at Slow Process Corner: system_i/axi_timer_0/axi_timer_0/AXI4_LITE_I/I_SLAVE_ATTACHMENT/I_DECODER/ce_out_i_1 to system_i/axi4lite_0/axi4lite_0/crossbar_samd/gen_sasd.crossbar_sasd_0/gen_crossbar.addr_arbiter_inst/m_valid_i
    Location             Delay type         Delay(ns)  Physical Resource
                                                       Logical Resource(s)
    -------------------------------------------------  -------------------
    SLICE_X29Y98.BQ      Tcko                  0.456   system_i/axi_timer_0/axi_timer_0/AXI4_LITE_I/I_SLAVE_ATTACHMENT/I_DECODER/ce_out_i_4
                                                       system_i/axi_timer_0/axi_timer_0/AXI4_LITE_I/I_SLAVE_ATTACHMENT/I_DECODER/ce_out_i_1
    SLICE_X31Y97.D3      net (fanout=58)       0.735   system_i/axi_timer_0/axi_timer_0/AXI4_LITE_I/I_SLAVE_ATTACHMENT/I_DECODER/ce_out_i_1
    SLICE_X31Y97.D       Tilo                  0.124   system_i/axi_timer_0/axi_timer_0/TC_CORE_I/tCSR0_Reg[28]
                                                       system_i/axi_timer_0/axi_timer_0/AXI4_LITE_I/I_SLAVE_ATTACHMENT/wr_done1_SW0
    SLICE_X31Y97.B1      net (fanout=1)        0.667   system_i/axi_timer_0/N89
    SLICE_X31Y97.B       Tilo                  0.124   system_i/axi_timer_0/axi_timer_0/TC_CORE_I/tCSR0_Reg[28]
                                                       system_i/axi_timer_0/axi_timer_0/AXI4_LITE_I/I_SLAVE_ATTACHMENT/wr_done1
    SLICE_X30Y101.C1     net (fanout=6)        1.126   system_i/axi4lite_0_M_AWREADY
    SLICE_X30Y101.C      Tilo                  0.124   system_i/axi4lite_0/N14
                                                       system_i/axi4lite_0/axi4lite_0/mi_protocol_conv_bank/gen_protocol_slot[0].gen_prot_conv.conv_inst/gen_axilite.gen_axilite_conv.axilite_conv_inst/_n011611_SW0
    SLICE_X28Y102.CX     net (fanout=1)        0.464   system_i/axi4lite_0/N14
    SLICE_X28Y102.CMUX   Tcxc                  0.470   system_i/axi4lite_0/N15
                                                       system_i/axi4lite_0/axi4lite_0/crossbar_samd/gen_sasd.crossbar_sasd_0/gen_crossbar.mi_awready_mux_inst/O1
    SLICE_X27Y105.D1     net (fanout=4)        1.128   system_i/axi4lite_0/axi4lite_0/crossbar_samd/gen_sasd.crossbar_sasd_0/mi_awready_mux
    SLICE_X27Y105.D      Tilo                  0.124   system_i/axi4lite_0/axi4lite_0/crossbar_samd/gen_sasd.crossbar_sasd_0/gen_crossbar.addr_arbiter_inst/m_grant_hot_i_0
                                                       system_i/axi4lite_0/axi4lite_0/crossbar_samd/gen_sasd.crossbar_sasd_0/gen_crossbar.splitter_aw/out1
    SLICE_X27Y104.A1     net (fanout=2)        0.817   system_i/axi4lite_0/axi4lite_0/crossbar_samd/gen_sasd.crossbar_sasd_0/aa_awready
    SLICE_X27Y104.CLK    Tas                   0.095   system_i/axi4lite_0/axi4lite_0/crossbar_samd/gen_sasd.crossbar_sasd_0/gen_crossbar.addr_arbiter_inst/m_valid_i
                                                       system_i/axi4lite_0/axi4lite_0/crossbar_samd/gen_sasd.crossbar_sasd_0/gen_crossbar.addr_arbiter_inst/m_valid_i_glue_set
                                                       system_i/axi4lite_0/axi4lite_0/crossbar_samd/gen_sasd.crossbar_sasd_0/gen_crossbar.addr_arbiter_inst/m_valid_i
    -------------------------------------------------  ---------------------------
    Total                                      6.454ns (1.517ns logic, 4.937ns route)
                                                       (23.5% logic, 76.5% route)

--------------------------------------------------------------------------------
Slack:                  13.571ns (requirement - (data path - clock path skew + uncertainty))
  Source:               system_i/axi_timer_0/axi_timer_0/AXI4_LITE_I/I_SLAVE_ATTACHMENT/I_DECODER/ce_out_i_4 (FF)
  Destination:          system_i/axi4lite_0/axi4lite_0/crossbar_samd/gen_sasd.crossbar_sasd_0/gen_crossbar.addr_arbiter_inst/m_valid_i (FF)
  Requirement:          20.000ns
  Data Path Delay:      6.403ns (Levels of Logic = 7)
  Clock Path Skew:      0.009ns (1.557 - 1.548)
  Source Clock:         system_i/processing_system7_0_FCLK_CLK0 rising at 0.000ns
  Destination Clock:    system_i/processing_system7_0_FCLK_CLK0 rising at 20.000ns
  Clock Uncertainty:    0.035ns

  Clock Uncertainty:          0.035ns  ((TSJ^2 + TIJ^2)^1/2 + DJ) / 2 + PE
    Total System Jitter (TSJ):  0.070ns
    Total Input Jitter (TIJ):   0.000ns
    Discrete Jitter (DJ):       0.000ns
    Phase Error (PE):           0.000ns

  Maximum Data Path at Slow Process Corner: system_i/axi_timer_0/axi_timer_0/AXI4_LITE_I/I_SLAVE_ATTACHMENT/I_DECODER/ce_out_i_4 to system_i/axi4lite_0/axi4lite_0/crossbar_samd/gen_sasd.crossbar_sasd_0/gen_crossbar.addr_arbiter_inst/m_valid_i
    Location             Delay type         Delay(ns)  Physical Resource
                                                       Logical Resource(s)
    -------------------------------------------------  -------------------
    SLICE_X29Y98.DQ      Tcko                  0.456   system_i/axi_timer_0/axi_timer_0/AXI4_LITE_I/I_SLAVE_ATTACHMENT/I_DECODER/ce_out_i_4
                                                       system_i/axi_timer_0/axi_timer_0/AXI4_LITE_I/I_SLAVE_ATTACHMENT/I_DECODER/ce_out_i_4
    SLICE_X31Y97.D5      net (fanout=7)        0.459   system_i/axi_timer_0/axi_timer_0/AXI4_LITE_I/I_SLAVE_ATTACHMENT/I_DECODER/ce_out_i_4
    SLICE_X31Y97.D       Tilo                  0.124   system_i/axi_timer_0/axi_timer_0/TC_CORE_I/tCSR0_Reg[28]
                                                       system_i/axi_timer_0/axi_timer_0/AXI4_LITE_I/I_SLAVE_ATTACHMENT/wr_done1_SW0
    SLICE_X31Y97.B1      net (fanout=1)        0.667   system_i/axi_timer_0/N89
    SLICE_X31Y97.B       Tilo                  0.124   system_i/axi_timer_0/axi_timer_0/TC_CORE_I/tCSR0_Reg[28]
                                                       system_i/axi_timer_0/axi_timer_0/AXI4_LITE_I/I_SLAVE_ATTACHMENT/wr_done1
    SLICE_X28Y101.C1     net (fanout=6)        1.149   system_i/axi4lite_0_M_AWREADY
    SLICE_X28Y101.C      Tilo                  0.124   system_i/axi4lite_0/axi4lite_0/mi_protocol_conv_bank/gen_protocol_slot[0].gen_prot_conv.conv_inst/gen_axilite.gen_axilite_conv.axilite_conv_inst/write_active
                                                       system_i/axi4lite_0/axi4lite_0/mi_protocol_conv_bank/gen_protocol_slot[0].gen_prot_conv.conv_inst/gen_axilite.gen_axilite_conv.axilite_conv_inst/_n011611_SW1_F
    SLICE_X28Y102.B6     net (fanout=1)        0.300   system_i/axi4lite_0/N31
    SLICE_X28Y102.B      Tilo                  0.124   system_i/axi4lite_0/N15
                                                       system_i/axi4lite_0/axi4lite_0/mi_protocol_conv_bank/gen_protocol_slot[0].gen_prot_conv.conv_inst/gen_axilite.gen_axilite_conv.axilite_conv_inst/_n011611_SW11
    SLICE_X28Y102.C6     net (fanout=2)        0.169   system_i/axi4lite_0/N15
    SLICE_X28Y102.CMUX   Tilo                  0.543   system_i/axi4lite_0/N15
                                                       system_i/axi4lite_0/axi4lite_0/crossbar_samd/gen_sasd.crossbar_sasd_0/gen_crossbar.mi_awready_mux_inst/O1_G
                                                       system_i/axi4lite_0/axi4lite_0/crossbar_samd/gen_sasd.crossbar_sasd_0/gen_crossbar.mi_awready_mux_inst/O1
    SLICE_X27Y105.D1     net (fanout=4)        1.128   system_i/axi4lite_0/axi4lite_0/crossbar_samd/gen_sasd.crossbar_sasd_0/mi_awready_mux
    SLICE_X27Y105.D      Tilo                  0.124   system_i/axi4lite_0/axi4lite_0/crossbar_samd/gen_sasd.crossbar_sasd_0/gen_crossbar.addr_arbiter_inst/m_grant_hot_i_0
                                                       system_i/axi4lite_0/axi4lite_0/crossbar_samd/gen_sasd.crossbar_sasd_0/gen_crossbar.splitter_aw/out1
    SLICE_X27Y104.A1     net (fanout=2)        0.817   system_i/axi4lite_0/axi4lite_0/crossbar_samd/gen_sasd.crossbar_sasd_0/aa_awready
    SLICE_X27Y104.CLK    Tas                   0.095   system_i/axi4lite_0/axi4lite_0/crossbar_samd/gen_sasd.crossbar_sasd_0/gen_crossbar.addr_arbiter_inst/m_valid_i
                                                       system_i/axi4lite_0/axi4lite_0/crossbar_samd/gen_sasd.crossbar_sasd_0/gen_crossbar.addr_arbiter_inst/m_valid_i_glue_set
                                                       system_i/axi4lite_0/axi4lite_0/crossbar_samd/gen_sasd.crossbar_sasd_0/gen_crossbar.addr_arbiter_inst/m_valid_i
    -------------------------------------------------  ---------------------------
    Total                                      6.403ns (1.714ns logic, 4.689ns route)
                                                       (26.8% logic, 73.2% route)

--------------------------------------------------------------------------------
Slack:                  13.575ns (requirement - (data path - clock path skew + uncertainty))
  Source:               system_i/axi_timer_0/axi_timer_0/AXI4_LITE_I/I_SLAVE_ATTACHMENT/I_DECODER/ce_out_i_4 (FF)
  Destination:          system_i/axi4lite_0/axi4lite_0/crossbar_samd/gen_sasd.crossbar_sasd_0/gen_crossbar.addr_arbiter_inst/m_valid_i (FF)
  Requirement:          20.000ns
  Data Path Delay:      6.399ns (Levels of Logic = 7)
  Clock Path Skew:      0.009ns (1.557 - 1.548)
  Source Clock:         system_i/processing_system7_0_FCLK_CLK0 rising at 0.000ns
  Destination Clock:    system_i/processing_system7_0_FCLK_CLK0 rising at 20.000ns
  Clock Uncertainty:    0.035ns

  Clock Uncertainty:          0.035ns  ((TSJ^2 + TIJ^2)^1/2 + DJ) / 2 + PE
    Total System Jitter (TSJ):  0.070ns
    Total Input Jitter (TIJ):   0.000ns
    Discrete Jitter (DJ):       0.000ns
    Phase Error (PE):           0.000ns

  Maximum Data Path at Slow Process Corner: system_i/axi_timer_0/axi_timer_0/AXI4_LITE_I/I_SLAVE_ATTACHMENT/I_DECODER/ce_out_i_4 to system_i/axi4lite_0/axi4lite_0/crossbar_samd/gen_sasd.crossbar_sasd_0/gen_crossbar.addr_arbiter_inst/m_valid_i
    Location             Delay type         Delay(ns)  Physical Resource
                                                       Logical Resource(s)
    -------------------------------------------------  -------------------
    SLICE_X29Y98.DQ      Tcko                  0.456   system_i/axi_timer_0/axi_timer_0/AXI4_LITE_I/I_SLAVE_ATTACHMENT/I_DECODER/ce_out_i_4
                                                       system_i/axi_timer_0/axi_timer_0/AXI4_LITE_I/I_SLAVE_ATTACHMENT/I_DECODER/ce_out_i_4
    SLICE_X31Y97.D5      net (fanout=7)        0.459   system_i/axi_timer_0/axi_timer_0/AXI4_LITE_I/I_SLAVE_ATTACHMENT/I_DECODER/ce_out_i_4
    SLICE_X31Y97.D       Tilo                  0.124   system_i/axi_timer_0/axi_timer_0/TC_CORE_I/tCSR0_Reg[28]
                                                       system_i/axi_timer_0/axi_timer_0/AXI4_LITE_I/I_SLAVE_ATTACHMENT/wr_done1_SW0
    SLICE_X31Y97.B1      net (fanout=1)        0.667   system_i/axi_timer_0/N89
    SLICE_X31Y97.B       Tilo                  0.124   system_i/axi_timer_0/axi_timer_0/TC_CORE_I/tCSR0_Reg[28]
                                                       system_i/axi_timer_0/axi_timer_0/AXI4_LITE_I/I_SLAVE_ATTACHMENT/wr_done1
    SLICE_X28Y101.C1     net (fanout=6)        1.149   system_i/axi4lite_0_M_AWREADY
    SLICE_X28Y101.C      Tilo                  0.124   system_i/axi4lite_0/axi4lite_0/mi_protocol_conv_bank/gen_protocol_slot[0].gen_prot_conv.conv_inst/gen_axilite.gen_axilite_conv.axilite_conv_inst/write_active
                                                       system_i/axi4lite_0/axi4lite_0/mi_protocol_conv_bank/gen_protocol_slot[0].gen_prot_conv.conv_inst/gen_axilite.gen_axilite_conv.axilite_conv_inst/_n011611_SW1_F
    SLICE_X28Y102.B6     net (fanout=1)        0.300   system_i/axi4lite_0/N31
    SLICE_X28Y102.B      Tilo                  0.124   system_i/axi4lite_0/N15
                                                       system_i/axi4lite_0/axi4lite_0/mi_protocol_conv_bank/gen_protocol_slot[0].gen_prot_conv.conv_inst/gen_axilite.gen_axilite_conv.axilite_conv_inst/_n011611_SW11
    SLICE_X28Y102.D6     net (fanout=2)        0.172   system_i/axi4lite_0/N15
    SLICE_X28Y102.CMUX   Topdc                 0.536   system_i/axi4lite_0/N15
                                                       system_i/axi4lite_0/axi4lite_0/crossbar_samd/gen_sasd.crossbar_sasd_0/gen_crossbar.mi_awready_mux_inst/O1_F
                                                       system_i/axi4lite_0/axi4lite_0/crossbar_samd/gen_sasd.crossbar_sasd_0/gen_crossbar.mi_awready_mux_inst/O1
    SLICE_X27Y105.D1     net (fanout=4)        1.128   system_i/axi4lite_0/axi4lite_0/crossbar_samd/gen_sasd.crossbar_sasd_0/mi_awready_mux
    SLICE_X27Y105.D      Tilo                  0.124   system_i/axi4lite_0/axi4lite_0/crossbar_samd/gen_sasd.crossbar_sasd_0/gen_crossbar.addr_arbiter_inst/m_grant_hot_i_0
                                                       system_i/axi4lite_0/axi4lite_0/crossbar_samd/gen_sasd.crossbar_sasd_0/gen_crossbar.splitter_aw/out1
    SLICE_X27Y104.A1     net (fanout=2)        0.817   system_i/axi4lite_0/axi4lite_0/crossbar_samd/gen_sasd.crossbar_sasd_0/aa_awready
    SLICE_X27Y104.CLK    Tas                   0.095   system_i/axi4lite_0/axi4lite_0/crossbar_samd/gen_sasd.crossbar_sasd_0/gen_crossbar.addr_arbiter_inst/m_valid_i
                                                       system_i/axi4lite_0/axi4lite_0/crossbar_samd/gen_sasd.crossbar_sasd_0/gen_crossbar.addr_arbiter_inst/m_valid_i_glue_set
                                                       system_i/axi4lite_0/axi4lite_0/crossbar_samd/gen_sasd.crossbar_sasd_0/gen_crossbar.addr_arbiter_inst/m_valid_i
    -------------------------------------------------  ---------------------------
    Total                                      6.399ns (1.707ns logic, 4.692ns route)
                                                       (26.7% logic, 73.3% route)

--------------------------------------------------------------------------------
Slack:                  13.642ns (requirement - (data path - clock path skew + uncertainty))
  Source:               system_i/axi_timer_0/axi_timer_0/AXI4_LITE_I/I_SLAVE_ATTACHMENT/I_DECODER/ce_out_i_0 (FF)
  Destination:          system_i/axi4lite_0/axi4lite_0/crossbar_samd/gen_sasd.crossbar_sasd_0/gen_crossbar.addr_arbiter_inst/m_valid_i (FF)
  Requirement:          20.000ns
  Data Path Delay:      6.332ns (Levels of Logic = 6)
  Clock Path Skew:      0.009ns (1.557 - 1.548)
  Source Clock:         system_i/processing_system7_0_FCLK_CLK0 rising at 0.000ns
  Destination Clock:    system_i/processing_system7_0_FCLK_CLK0 rising at 20.000ns
  Clock Uncertainty:    0.035ns

  Clock Uncertainty:          0.035ns  ((TSJ^2 + TIJ^2)^1/2 + DJ) / 2 + PE
    Total System Jitter (TSJ):  0.070ns
    Total Input Jitter (TIJ):   0.000ns
    Discrete Jitter (DJ):       0.000ns
    Phase Error (PE):           0.000ns

  Maximum Data Path at Slow Process Corner: system_i/axi_timer_0/axi_timer_0/AXI4_LITE_I/I_SLAVE_ATTACHMENT/I_DECODER/ce_out_i_0 to system_i/axi4lite_0/axi4lite_0/crossbar_samd/gen_sasd.crossbar_sasd_0/gen_crossbar.addr_arbiter_inst/m_valid_i
    Location             Delay type         Delay(ns)  Physical Resource
                                                       Logical Resource(s)
    -------------------------------------------------  -------------------
    SLICE_X29Y98.AQ      Tcko                  0.456   system_i/axi_timer_0/axi_timer_0/AXI4_LITE_I/I_SLAVE_ATTACHMENT/I_DECODER/ce_out_i_4
                                                       system_i/axi_timer_0/axi_timer_0/AXI4_LITE_I/I_SLAVE_ATTACHMENT/I_DECODER/ce_out_i_0
    SLICE_X31Y97.D4      net (fanout=8)        0.613   system_i/axi_timer_0/axi_timer_0/AXI4_LITE_I/I_SLAVE_ATTACHMENT/I_DECODER/ce_out_i_0
    SLICE_X31Y97.D       Tilo                  0.124   system_i/axi_timer_0/axi_timer_0/TC_CORE_I/tCSR0_Reg[28]
                                                       system_i/axi_timer_0/axi_timer_0/AXI4_LITE_I/I_SLAVE_ATTACHMENT/wr_done1_SW0
    SLICE_X31Y97.B1      net (fanout=1)        0.667   system_i/axi_timer_0/N89
    SLICE_X31Y97.B       Tilo                  0.124   system_i/axi_timer_0/axi_timer_0/TC_CORE_I/tCSR0_Reg[28]
                                                       system_i/axi_timer_0/axi_timer_0/AXI4_LITE_I/I_SLAVE_ATTACHMENT/wr_done1
    SLICE_X30Y101.C1     net (fanout=6)        1.126   system_i/axi4lite_0_M_AWREADY
    SLICE_X30Y101.C      Tilo                  0.124   system_i/axi4lite_0/N14
                                                       system_i/axi4lite_0/axi4lite_0/mi_protocol_conv_bank/gen_protocol_slot[0].gen_prot_conv.conv_inst/gen_axilite.gen_axilite_conv.axilite_conv_inst/_n011611_SW0
    SLICE_X28Y102.CX     net (fanout=1)        0.464   system_i/axi4lite_0/N14
    SLICE_X28Y102.CMUX   Tcxc                  0.470   system_i/axi4lite_0/N15
                                                       system_i/axi4lite_0/axi4lite_0/crossbar_samd/gen_sasd.crossbar_sasd_0/gen_crossbar.mi_awready_mux_inst/O1
    SLICE_X27Y105.D1     net (fanout=4)        1.128   system_i/axi4lite_0/axi4lite_0/crossbar_samd/gen_sasd.crossbar_sasd_0/mi_awready_mux
    SLICE_X27Y105.D      Tilo                  0.124   system_i/axi4lite_0/axi4lite_0/crossbar_samd/gen_sasd.crossbar_sasd_0/gen_crossbar.addr_arbiter_inst/m_grant_hot_i_0
                                                       system_i/axi4lite_0/axi4lite_0/crossbar_samd/gen_sasd.crossbar_sasd_0/gen_crossbar.splitter_aw/out1
    SLICE_X27Y104.A1     net (fanout=2)        0.817   system_i/axi4lite_0/axi4lite_0/crossbar_samd/gen_sasd.crossbar_sasd_0/aa_awready
    SLICE_X27Y104.CLK    Tas                   0.095   system_i/axi4lite_0/axi4lite_0/crossbar_samd/gen_sasd.crossbar_sasd_0/gen_crossbar.addr_arbiter_inst/m_valid_i
                                                       system_i/axi4lite_0/axi4lite_0/crossbar_samd/gen_sasd.crossbar_sasd_0/gen_crossbar.addr_arbiter_inst/m_valid_i_glue_set
                                                       system_i/axi4lite_0/axi4lite_0/crossbar_samd/gen_sasd.crossbar_sasd_0/gen_crossbar.addr_arbiter_inst/m_valid_i
    -------------------------------------------------  ---------------------------
    Total                                      6.332ns (1.517ns logic, 4.815ns route)
                                                       (24.0% logic, 76.0% route)

--------------------------------------------------------------------------------
Slack:                  13.667ns (requirement - (data path - clock path skew + uncertainty))
  Source:               system_i/axi_timer_0/axi_timer_0/AXI4_LITE_I/I_SLAVE_ATTACHMENT/I_DECODER/ce_out_i_5 (FF)
  Destination:          system_i/axi4lite_0/axi4lite_0/crossbar_samd/gen_sasd.crossbar_sasd_0/gen_crossbar.addr_arbiter_inst/m_grant_hot_i_0 (FF)
  Requirement:          20.000ns
  Data Path Delay:      6.307ns (Levels of Logic = 7)
  Clock Path Skew:      0.009ns (1.557 - 1.548)
  Source Clock:         system_i/processing_system7_0_FCLK_CLK0 rising at 0.000ns
  Destination Clock:    system_i/processing_system7_0_FCLK_CLK0 rising at 20.000ns
  Clock Uncertainty:    0.035ns

  Clock Uncertainty:          0.035ns  ((TSJ^2 + TIJ^2)^1/2 + DJ) / 2 + PE
    Total System Jitter (TSJ):  0.070ns
    Total Input Jitter (TIJ):   0.000ns
    Discrete Jitter (DJ):       0.000ns
    Phase Error (PE):           0.000ns

  Maximum Data Path at Slow Process Corner: system_i/axi_timer_0/axi_timer_0/AXI4_LITE_I/I_SLAVE_ATTACHMENT/I_DECODER/ce_out_i_5 to system_i/axi4lite_0/axi4lite_0/crossbar_samd/gen_sasd.crossbar_sasd_0/gen_crossbar.addr_arbiter_inst/m_grant_hot_i_0
    Location             Delay type         Delay(ns)  Physical Resource
                                                       Logical Resource(s)
    -------------------------------------------------  -------------------
    SLICE_X28Y98.AQ      Tcko                  0.456   system_i/axi_timer_0/axi_timer_0/AXI4_LITE_I/I_SLAVE_ATTACHMENT/I_DECODER/ce_out_i_6
                                                       system_i/axi_timer_0/axi_timer_0/AXI4_LITE_I/I_SLAVE_ATTACHMENT/I_DECODER/ce_out_i_5
    SLICE_X31Y97.D1      net (fanout=36)       0.907   system_i/axi_timer_0/axi_timer_0/AXI4_LITE_I/I_SLAVE_ATTACHMENT/I_DECODER/ce_out_i_5
    SLICE_X31Y97.D       Tilo                  0.124   system_i/axi_timer_0/axi_timer_0/TC_CORE_I/tCSR0_Reg[28]
                                                       system_i/axi_timer_0/axi_timer_0/AXI4_LITE_I/I_SLAVE_ATTACHMENT/wr_done1_SW0
    SLICE_X31Y97.B1      net (fanout=1)        0.667   system_i/axi_timer_0/N89
    SLICE_X31Y97.B       Tilo                  0.124   system_i/axi_timer_0/axi_timer_0/TC_CORE_I/tCSR0_Reg[28]
                                                       system_i/axi_timer_0/axi_timer_0/AXI4_LITE_I/I_SLAVE_ATTACHMENT/wr_done1
    SLICE_X28Y101.C1     net (fanout=6)        1.149   system_i/axi4lite_0_M_AWREADY
    SLICE_X28Y101.C      Tilo                  0.124   system_i/axi4lite_0/axi4lite_0/mi_protocol_conv_bank/gen_protocol_slot[0].gen_prot_conv.conv_inst/gen_axilite.gen_axilite_conv.axilite_conv_inst/write_active
                                                       system_i/axi4lite_0/axi4lite_0/mi_protocol_conv_bank/gen_protocol_slot[0].gen_prot_conv.conv_inst/gen_axilite.gen_axilite_conv.axilite_conv_inst/_n011611_SW1_F
    SLICE_X28Y102.B6     net (fanout=1)        0.300   system_i/axi4lite_0/N31
    SLICE_X28Y102.B      Tilo                  0.124   system_i/axi4lite_0/N15
                                                       system_i/axi4lite_0/axi4lite_0/mi_protocol_conv_bank/gen_protocol_slot[0].gen_prot_conv.conv_inst/gen_axilite.gen_axilite_conv.axilite_conv_inst/_n011611_SW11
    SLICE_X28Y102.C6     net (fanout=2)        0.169   system_i/axi4lite_0/N15
    SLICE_X28Y102.CMUX   Tilo                  0.543   system_i/axi4lite_0/N15
                                                       system_i/axi4lite_0/axi4lite_0/crossbar_samd/gen_sasd.crossbar_sasd_0/gen_crossbar.mi_awready_mux_inst/O1_G
                                                       system_i/axi4lite_0/axi4lite_0/crossbar_samd/gen_sasd.crossbar_sasd_0/gen_crossbar.mi_awready_mux_inst/O1
    SLICE_X27Y105.D1     net (fanout=4)        1.128   system_i/axi4lite_0/axi4lite_0/crossbar_samd/gen_sasd.crossbar_sasd_0/mi_awready_mux
    SLICE_X27Y105.D      Tilo                  0.124   system_i/axi4lite_0/axi4lite_0/crossbar_samd/gen_sasd.crossbar_sasd_0/gen_crossbar.addr_arbiter_inst/m_grant_hot_i_0
                                                       system_i/axi4lite_0/axi4lite_0/crossbar_samd/gen_sasd.crossbar_sasd_0/gen_crossbar.splitter_aw/out1
    SLICE_X27Y105.C5     net (fanout=2)        0.275   system_i/axi4lite_0/axi4lite_0/crossbar_samd/gen_sasd.crossbar_sasd_0/aa_awready
    SLICE_X27Y105.CLK    Tas                   0.093   system_i/axi4lite_0/axi4lite_0/crossbar_samd/gen_sasd.crossbar_sasd_0/gen_crossbar.addr_arbiter_inst/m_grant_hot_i_0
                                                       system_i/axi4lite_0/axi4lite_0/crossbar_samd/gen_sasd.crossbar_sasd_0/gen_crossbar.addr_arbiter_inst/m_grant_hot_i_0_glue_set
                                                       system_i/axi4lite_0/axi4lite_0/crossbar_samd/gen_sasd.crossbar_sasd_0/gen_crossbar.addr_arbiter_inst/m_grant_hot_i_0
    -------------------------------------------------  ---------------------------
    Total                                      6.307ns (1.712ns logic, 4.595ns route)
                                                       (27.1% logic, 72.9% route)

--------------------------------------------------------------------------------
Slack:                  13.671ns (requirement - (data path - clock path skew + uncertainty))
  Source:               system_i/axi_timer_0/axi_timer_0/AXI4_LITE_I/I_SLAVE_ATTACHMENT/I_DECODER/ce_out_i_5 (FF)
  Destination:          system_i/axi4lite_0/axi4lite_0/crossbar_samd/gen_sasd.crossbar_sasd_0/gen_crossbar.addr_arbiter_inst/m_grant_hot_i_0 (FF)
  Requirement:          20.000ns
  Data Path Delay:      6.303ns (Levels of Logic = 7)
  Clock Path Skew:      0.009ns (1.557 - 1.548)
  Source Clock:         system_i/processing_system7_0_FCLK_CLK0 rising at 0.000ns
  Destination Clock:    system_i/processing_system7_0_FCLK_CLK0 rising at 20.000ns
  Clock Uncertainty:    0.035ns

  Clock Uncertainty:          0.035ns  ((TSJ^2 + TIJ^2)^1/2 + DJ) / 2 + PE
    Total System Jitter (TSJ):  0.070ns
    Total Input Jitter (TIJ):   0.000ns
    Discrete Jitter (DJ):       0.000ns
    Phase Error (PE):           0.000ns

  Maximum Data Path at Slow Process Corner: system_i/axi_timer_0/axi_timer_0/AXI4_LITE_I/I_SLAVE_ATTACHMENT/I_DECODER/ce_out_i_5 to system_i/axi4lite_0/axi4lite_0/crossbar_samd/gen_sasd.crossbar_sasd_0/gen_crossbar.addr_arbiter_inst/m_grant_hot_i_0
    Location             Delay type         Delay(ns)  Physical Resource
                                                       Logical Resource(s)
    -------------------------------------------------  -------------------
    SLICE_X28Y98.AQ      Tcko                  0.456   system_i/axi_timer_0/axi_timer_0/AXI4_LITE_I/I_SLAVE_ATTACHMENT/I_DECODER/ce_out_i_6
                                                       system_i/axi_timer_0/axi_timer_0/AXI4_LITE_I/I_SLAVE_ATTACHMENT/I_DECODER/ce_out_i_5
    SLICE_X31Y97.D1      net (fanout=36)       0.907   system_i/axi_timer_0/axi_timer_0/AXI4_LITE_I/I_SLAVE_ATTACHMENT/I_DECODER/ce_out_i_5
    SLICE_X31Y97.D       Tilo                  0.124   system_i/axi_timer_0/axi_timer_0/TC_CORE_I/tCSR0_Reg[28]
                                                       system_i/axi_timer_0/axi_timer_0/AXI4_LITE_I/I_SLAVE_ATTACHMENT/wr_done1_SW0
    SLICE_X31Y97.B1      net (fanout=1)        0.667   system_i/axi_timer_0/N89
    SLICE_X31Y97.B       Tilo                  0.124   system_i/axi_timer_0/axi_timer_0/TC_CORE_I/tCSR0_Reg[28]
                                                       system_i/axi_timer_0/axi_timer_0/AXI4_LITE_I/I_SLAVE_ATTACHMENT/wr_done1
    SLICE_X28Y101.C1     net (fanout=6)        1.149   system_i/axi4lite_0_M_AWREADY
    SLICE_X28Y101.C      Tilo                  0.124   system_i/axi4lite_0/axi4lite_0/mi_protocol_conv_bank/gen_protocol_slot[0].gen_prot_conv.conv_inst/gen_axilite.gen_axilite_conv.axilite_conv_inst/write_active
                                                       system_i/axi4lite_0/axi4lite_0/mi_protocol_conv_bank/gen_protocol_slot[0].gen_prot_conv.conv_inst/gen_axilite.gen_axilite_conv.axilite_conv_inst/_n011611_SW1_F
    SLICE_X28Y102.B6     net (fanout=1)        0.300   system_i/axi4lite_0/N31
    SLICE_X28Y102.B      Tilo                  0.124   system_i/axi4lite_0/N15
                                                       system_i/axi4lite_0/axi4lite_0/mi_protocol_conv_bank/gen_protocol_slot[0].gen_prot_conv.conv_inst/gen_axilite.gen_axilite_conv.axilite_conv_inst/_n011611_SW11
    SLICE_X28Y102.D6     net (fanout=2)        0.172   system_i/axi4lite_0/N15
    SLICE_X28Y102.CMUX   Topdc                 0.536   system_i/axi4lite_0/N15
                                                       system_i/axi4lite_0/axi4lite_0/crossbar_samd/gen_sasd.crossbar_sasd_0/gen_crossbar.mi_awready_mux_inst/O1_F
                                                       system_i/axi4lite_0/axi4lite_0/crossbar_samd/gen_sasd.crossbar_sasd_0/gen_crossbar.mi_awready_mux_inst/O1
    SLICE_X27Y105.D1     net (fanout=4)        1.128   system_i/axi4lite_0/axi4lite_0/crossbar_samd/gen_sasd.crossbar_sasd_0/mi_awready_mux
    SLICE_X27Y105.D      Tilo                  0.124   system_i/axi4lite_0/axi4lite_0/crossbar_samd/gen_sasd.crossbar_sasd_0/gen_crossbar.addr_arbiter_inst/m_grant_hot_i_0
                                                       system_i/axi4lite_0/axi4lite_0/crossbar_samd/gen_sasd.crossbar_sasd_0/gen_crossbar.splitter_aw/out1
    SLICE_X27Y105.C5     net (fanout=2)        0.275   system_i/axi4lite_0/axi4lite_0/crossbar_samd/gen_sasd.crossbar_sasd_0/aa_awready
    SLICE_X27Y105.CLK    Tas                   0.093   system_i/axi4lite_0/axi4lite_0/crossbar_samd/gen_sasd.crossbar_sasd_0/gen_crossbar.addr_arbiter_inst/m_grant_hot_i_0
                                                       system_i/axi4lite_0/axi4lite_0/crossbar_samd/gen_sasd.crossbar_sasd_0/gen_crossbar.addr_arbiter_inst/m_grant_hot_i_0_glue_set
                                                       system_i/axi4lite_0/axi4lite_0/crossbar_samd/gen_sasd.crossbar_sasd_0/gen_crossbar.addr_arbiter_inst/m_grant_hot_i_0
    -------------------------------------------------  ---------------------------
    Total                                      6.303ns (1.705ns logic, 4.598ns route)
                                                       (27.1% logic, 72.9% route)

--------------------------------------------------------------------------------
Slack:                  13.755ns (requirement - (data path - clock path skew + uncertainty))
  Source:               system_i/axi_timer_0/axi_timer_0/AXI4_LITE_I/I_SLAVE_ATTACHMENT/INCLUDE_DPHASE_TIMER.dpto_cnt_5 (FF)
  Destination:          system_i/axi4lite_0/axi4lite_0/crossbar_samd/gen_sasd.crossbar_sasd_0/gen_crossbar.addr_arbiter_inst/m_valid_i (FF)
  Requirement:          20.000ns
  Data Path Delay:      6.267ns (Levels of Logic = 6)
  Clock Path Skew:      0.057ns (1.557 - 1.500)
  Source Clock:         system_i/processing_system7_0_FCLK_CLK0 rising at 0.000ns
  Destination Clock:    system_i/processing_system7_0_FCLK_CLK0 rising at 20.000ns
  Clock Uncertainty:    0.035ns

  Clock Uncertainty:          0.035ns  ((TSJ^2 + TIJ^2)^1/2 + DJ) / 2 + PE
    Total System Jitter (TSJ):  0.070ns
    Total Input Jitter (TIJ):   0.000ns
    Discrete Jitter (DJ):       0.000ns
    Phase Error (PE):           0.000ns

  Maximum Data Path at Slow Process Corner: system_i/axi_timer_0/axi_timer_0/AXI4_LITE_I/I_SLAVE_ATTACHMENT/INCLUDE_DPHASE_TIMER.dpto_cnt_5 to system_i/axi4lite_0/axi4lite_0/crossbar_samd/gen_sasd.crossbar_sasd_0/gen_crossbar.addr_arbiter_inst/m_valid_i
    Location             Delay type         Delay(ns)  Physical Resource
                                                       Logical Resource(s)
    -------------------------------------------------  -------------------
    SLICE_X34Y95.DQ      Tcko                  0.518   system_i/axi_timer_0/axi_timer_0/AXI4_LITE_I/I_SLAVE_ATTACHMENT/INCLUDE_DPHASE_TIMER.dpto_cnt[5]
                                                       system_i/axi_timer_0/axi_timer_0/AXI4_LITE_I/I_SLAVE_ATTACHMENT/INCLUDE_DPHASE_TIMER.dpto_cnt_5
    SLICE_X31Y97.B3      net (fanout=4)        1.052   system_i/axi_timer_0/axi_timer_0/AXI4_LITE_I/I_SLAVE_ATTACHMENT/INCLUDE_DPHASE_TIMER.dpto_cnt[5]
    SLICE_X31Y97.B       Tilo                  0.124   system_i/axi_timer_0/axi_timer_0/TC_CORE_I/tCSR0_Reg[28]
                                                       system_i/axi_timer_0/axi_timer_0/AXI4_LITE_I/I_SLAVE_ATTACHMENT/wr_done1
    SLICE_X28Y101.C1     net (fanout=6)        1.149   system_i/axi4lite_0_M_AWREADY
    SLICE_X28Y101.C      Tilo                  0.124   system_i/axi4lite_0/axi4lite_0/mi_protocol_conv_bank/gen_protocol_slot[0].gen_prot_conv.conv_inst/gen_axilite.gen_axilite_conv.axilite_conv_inst/write_active
                                                       system_i/axi4lite_0/axi4lite_0/mi_protocol_conv_bank/gen_protocol_slot[0].gen_prot_conv.conv_inst/gen_axilite.gen_axilite_conv.axilite_conv_inst/_n011611_SW1_F
    SLICE_X28Y102.B6     net (fanout=1)        0.300   system_i/axi4lite_0/N31
    SLICE_X28Y102.B      Tilo                  0.124   system_i/axi4lite_0/N15
                                                       system_i/axi4lite_0/axi4lite_0/mi_protocol_conv_bank/gen_protocol_slot[0].gen_prot_conv.conv_inst/gen_axilite.gen_axilite_conv.axilite_conv_inst/_n011611_SW11
    SLICE_X28Y102.C6     net (fanout=2)        0.169   system_i/axi4lite_0/N15
    SLICE_X28Y102.CMUX   Tilo                  0.543   system_i/axi4lite_0/N15
                                                       system_i/axi4lite_0/axi4lite_0/crossbar_samd/gen_sasd.crossbar_sasd_0/gen_crossbar.mi_awready_mux_inst/O1_G
                                                       system_i/axi4lite_0/axi4lite_0/crossbar_samd/gen_sasd.crossbar_sasd_0/gen_crossbar.mi_awready_mux_inst/O1
    SLICE_X27Y105.D1     net (fanout=4)        1.128   system_i/axi4lite_0/axi4lite_0/crossbar_samd/gen_sasd.crossbar_sasd_0/mi_awready_mux
    SLICE_X27Y105.D      Tilo                  0.124   system_i/axi4lite_0/axi4lite_0/crossbar_samd/gen_sasd.crossbar_sasd_0/gen_crossbar.addr_arbiter_inst/m_grant_hot_i_0
                                                       system_i/axi4lite_0/axi4lite_0/crossbar_samd/gen_sasd.crossbar_sasd_0/gen_crossbar.splitter_aw/out1
    SLICE_X27Y104.A1     net (fanout=2)        0.817   system_i/axi4lite_0/axi4lite_0/crossbar_samd/gen_sasd.crossbar_sasd_0/aa_awready
    SLICE_X27Y104.CLK    Tas                   0.095   system_i/axi4lite_0/axi4lite_0/crossbar_samd/gen_sasd.crossbar_sasd_0/gen_crossbar.addr_arbiter_inst/m_valid_i
                                                       system_i/axi4lite_0/axi4lite_0/crossbar_samd/gen_sasd.crossbar_sasd_0/gen_crossbar.addr_arbiter_inst/m_valid_i_glue_set
                                                       system_i/axi4lite_0/axi4lite_0/crossbar_samd/gen_sasd.crossbar_sasd_0/gen_crossbar.addr_arbiter_inst/m_valid_i
    -------------------------------------------------  ---------------------------
    Total                                      6.267ns (1.652ns logic, 4.615ns route)
                                                       (26.4% logic, 73.6% route)

--------------------------------------------------------------------------------
Slack:                  13.759ns (requirement - (data path - clock path skew + uncertainty))
  Source:               system_i/axi_timer_0/axi_timer_0/AXI4_LITE_I/I_SLAVE_ATTACHMENT/INCLUDE_DPHASE_TIMER.dpto_cnt_5 (FF)
  Destination:          system_i/axi4lite_0/axi4lite_0/crossbar_samd/gen_sasd.crossbar_sasd_0/gen_crossbar.addr_arbiter_inst/m_valid_i (FF)
  Requirement:          20.000ns
  Data Path Delay:      6.263ns (Levels of Logic = 6)
  Clock Path Skew:      0.057ns (1.557 - 1.500)
  Source Clock:         system_i/processing_system7_0_FCLK_CLK0 rising at 0.000ns
  Destination Clock:    system_i/processing_system7_0_FCLK_CLK0 rising at 20.000ns
  Clock Uncertainty:    0.035ns

  Clock Uncertainty:          0.035ns  ((TSJ^2 + TIJ^2)^1/2 + DJ) / 2 + PE
    Total System Jitter (TSJ):  0.070ns
    Total Input Jitter (TIJ):   0.000ns
    Discrete Jitter (DJ):       0.000ns
    Phase Error (PE):           0.000ns

  Maximum Data Path at Slow Process Corner: system_i/axi_timer_0/axi_timer_0/AXI4_LITE_I/I_SLAVE_ATTACHMENT/INCLUDE_DPHASE_TIMER.dpto_cnt_5 to system_i/axi4lite_0/axi4lite_0/crossbar_samd/gen_sasd.crossbar_sasd_0/gen_crossbar.addr_arbiter_inst/m_valid_i
    Location             Delay type         Delay(ns)  Physical Resource
                                                       Logical Resource(s)
    -------------------------------------------------  -------------------
    SLICE_X34Y95.DQ      Tcko                  0.518   system_i/axi_timer_0/axi_timer_0/AXI4_LITE_I/I_SLAVE_ATTACHMENT/INCLUDE_DPHASE_TIMER.dpto_cnt[5]
                                                       system_i/axi_timer_0/axi_timer_0/AXI4_LITE_I/I_SLAVE_ATTACHMENT/INCLUDE_DPHASE_TIMER.dpto_cnt_5
    SLICE_X31Y97.B3      net (fanout=4)        1.052   system_i/axi_timer_0/axi_timer_0/AXI4_LITE_I/I_SLAVE_ATTACHMENT/INCLUDE_DPHASE_TIMER.dpto_cnt[5]
    SLICE_X31Y97.B       Tilo                  0.124   system_i/axi_timer_0/axi_timer_0/TC_CORE_I/tCSR0_Reg[28]
                                                       system_i/axi_timer_0/axi_timer_0/AXI4_LITE_I/I_SLAVE_ATTACHMENT/wr_done1
    SLICE_X28Y101.C1     net (fanout=6)        1.149   system_i/axi4lite_0_M_AWREADY
    SLICE_X28Y101.C      Tilo                  0.124   system_i/axi4lite_0/axi4lite_0/mi_protocol_conv_bank/gen_protocol_slot[0].gen_prot_conv.conv_inst/gen_axilite.gen_axilite_conv.axilite_conv_inst/write_active
                                                       system_i/axi4lite_0/axi4lite_0/mi_protocol_conv_bank/gen_protocol_slot[0].gen_prot_conv.conv_inst/gen_axilite.gen_axilite_conv.axilite_conv_inst/_n011611_SW1_F
    SLICE_X28Y102.B6     net (fanout=1)        0.300   system_i/axi4lite_0/N31
    SLICE_X28Y102.B      Tilo                  0.124   system_i/axi4lite_0/N15
                                                       system_i/axi4lite_0/axi4lite_0/mi_protocol_conv_bank/gen_protocol_slot[0].gen_prot_conv.conv_inst/gen_axilite.gen_axilite_conv.axilite_conv_inst/_n011611_SW11
    SLICE_X28Y102.D6     net (fanout=2)        0.172   system_i/axi4lite_0/N15
    SLICE_X28Y102.CMUX   Topdc                 0.536   system_i/axi4lite_0/N15
                                                       system_i/axi4lite_0/axi4lite_0/crossbar_samd/gen_sasd.crossbar_sasd_0/gen_crossbar.mi_awready_mux_inst/O1_F
                                                       system_i/axi4lite_0/axi4lite_0/crossbar_samd/gen_sasd.crossbar_sasd_0/gen_crossbar.mi_awready_mux_inst/O1
    SLICE_X27Y105.D1     net (fanout=4)        1.128   system_i/axi4lite_0/axi4lite_0/crossbar_samd/gen_sasd.crossbar_sasd_0/mi_awready_mux
    SLICE_X27Y105.D      Tilo                  0.124   system_i/axi4lite_0/axi4lite_0/crossbar_samd/gen_sasd.crossbar_sasd_0/gen_crossbar.addr_arbiter_inst/m_grant_hot_i_0
                                                       system_i/axi4lite_0/axi4lite_0/crossbar_samd/gen_sasd.crossbar_sasd_0/gen_crossbar.splitter_aw/out1
    SLICE_X27Y104.A1     net (fanout=2)        0.817   system_i/axi4lite_0/axi4lite_0/crossbar_samd/gen_sasd.crossbar_sasd_0/aa_awready
    SLICE_X27Y104.CLK    Tas                   0.095   system_i/axi4lite_0/axi4lite_0/crossbar_samd/gen_sasd.crossbar_sasd_0/gen_crossbar.addr_arbiter_inst/m_valid_i
                                                       system_i/axi4lite_0/axi4lite_0/crossbar_samd/gen_sasd.crossbar_sasd_0/gen_crossbar.addr_arbiter_inst/m_valid_i_glue_set
                                                       system_i/axi4lite_0/axi4lite_0/crossbar_samd/gen_sasd.crossbar_sasd_0/gen_crossbar.addr_arbiter_inst/m_valid_i
    -------------------------------------------------  ---------------------------
    Total                                      6.263ns (1.645ns logic, 4.618ns route)
                                                       (26.3% logic, 73.7% route)

--------------------------------------------------------------------------------
Slack:                  13.796ns (requirement - (data path - clock path skew + uncertainty))
  Source:               system_i/axi_timer_0/axi_timer_0/AXI4_LITE_I/I_SLAVE_ATTACHMENT/I_DECODER/ce_out_i_4 (FF)
  Destination:          system_i/axi4lite_0/axi4lite_0/crossbar_samd/gen_sasd.crossbar_sasd_0/gen_crossbar.addr_arbiter_inst/m_valid_i (FF)
  Requirement:          20.000ns
  Data Path Delay:      6.178ns (Levels of Logic = 6)
  Clock Path Skew:      0.009ns (1.557 - 1.548)
  Source Clock:         system_i/processing_system7_0_FCLK_CLK0 rising at 0.000ns
  Destination Clock:    system_i/processing_system7_0_FCLK_CLK0 rising at 20.000ns
  Clock Uncertainty:    0.035ns

  Clock Uncertainty:          0.035ns  ((TSJ^2 + TIJ^2)^1/2 + DJ) / 2 + PE
    Total System Jitter (TSJ):  0.070ns
    Total Input Jitter (TIJ):   0.000ns
    Discrete Jitter (DJ):       0.000ns
    Phase Error (PE):           0.000ns

  Maximum Data Path at Slow Process Corner: system_i/axi_timer_0/axi_timer_0/AXI4_LITE_I/I_SLAVE_ATTACHMENT/I_DECODER/ce_out_i_4 to system_i/axi4lite_0/axi4lite_0/crossbar_samd/gen_sasd.crossbar_sasd_0/gen_crossbar.addr_arbiter_inst/m_valid_i
    Location             Delay type         Delay(ns)  Physical Resource
                                                       Logical Resource(s)
    -------------------------------------------------  -------------------
    SLICE_X29Y98.DQ      Tcko                  0.456   system_i/axi_timer_0/axi_timer_0/AXI4_LITE_I/I_SLAVE_ATTACHMENT/I_DECODER/ce_out_i_4
                                                       system_i/axi_timer_0/axi_timer_0/AXI4_LITE_I/I_SLAVE_ATTACHMENT/I_DECODER/ce_out_i_4
    SLICE_X31Y97.D5      net (fanout=7)        0.459   system_i/axi_timer_0/axi_timer_0/AXI4_LITE_I/I_SLAVE_ATTACHMENT/I_DECODER/ce_out_i_4
    SLICE_X31Y97.D       Tilo                  0.124   system_i/axi_timer_0/axi_timer_0/TC_CORE_I/tCSR0_Reg[28]
                                                       system_i/axi_timer_0/axi_timer_0/AXI4_LITE_I/I_SLAVE_ATTACHMENT/wr_done1_SW0
    SLICE_X31Y97.B1      net (fanout=1)        0.667   system_i/axi_timer_0/N89
    SLICE_X31Y97.B       Tilo                  0.124   system_i/axi_timer_0/axi_timer_0/TC_CORE_I/tCSR0_Reg[28]
                                                       system_i/axi_timer_0/axi_timer_0/AXI4_LITE_I/I_SLAVE_ATTACHMENT/wr_done1
    SLICE_X30Y101.C1     net (fanout=6)        1.126   system_i/axi4lite_0_M_AWREADY
    SLICE_X30Y101.C      Tilo                  0.124   system_i/axi4lite_0/N14
                                                       system_i/axi4lite_0/axi4lite_0/mi_protocol_conv_bank/gen_protocol_slot[0].gen_prot_conv.conv_inst/gen_axilite.gen_axilite_conv.axilite_conv_inst/_n011611_SW0
    SLICE_X28Y102.CX     net (fanout=1)        0.464   system_i/axi4lite_0/N14
    SLICE_X28Y102.CMUX   Tcxc                  0.470   system_i/axi4lite_0/N15
                                                       system_i/axi4lite_0/axi4lite_0/crossbar_samd/gen_sasd.crossbar_sasd_0/gen_crossbar.mi_awready_mux_inst/O1
    SLICE_X27Y105.D1     net (fanout=4)        1.128   system_i/axi4lite_0/axi4lite_0/crossbar_samd/gen_sasd.crossbar_sasd_0/mi_awready_mux
    SLICE_X27Y105.D      Tilo                  0.124   system_i/axi4lite_0/axi4lite_0/crossbar_samd/gen_sasd.crossbar_sasd_0/gen_crossbar.addr_arbiter_inst/m_grant_hot_i_0
                                                       system_i/axi4lite_0/axi4lite_0/crossbar_samd/gen_sasd.crossbar_sasd_0/gen_crossbar.splitter_aw/out1
    SLICE_X27Y104.A1     net (fanout=2)        0.817   system_i/axi4lite_0/axi4lite_0/crossbar_samd/gen_sasd.crossbar_sasd_0/aa_awready
    SLICE_X27Y104.CLK    Tas                   0.095   system_i/axi4lite_0/axi4lite_0/crossbar_samd/gen_sasd.crossbar_sasd_0/gen_crossbar.addr_arbiter_inst/m_valid_i
                                                       system_i/axi4lite_0/axi4lite_0/crossbar_samd/gen_sasd.crossbar_sasd_0/gen_crossbar.addr_arbiter_inst/m_valid_i_glue_set
                                                       system_i/axi4lite_0/axi4lite_0/crossbar_samd/gen_sasd.crossbar_sasd_0/gen_crossbar.addr_arbiter_inst/m_valid_i
    -------------------------------------------------  ---------------------------
    Total                                      6.178ns (1.517ns logic, 4.661ns route)
                                                       (24.6% logic, 75.4% route)

--------------------------------------------------------------------------------
Slack:                  13.839ns (requirement - (data path - clock path skew + uncertainty))
  Source:               system_i/axi_timer_0/axi_timer_0/AXI4_LITE_I/I_SLAVE_ATTACHMENT/I_DECODER/ce_out_i_1 (FF)
  Destination:          system_i/axi4lite_0/axi4lite_0/crossbar_samd/gen_sasd.crossbar_sasd_0/gen_crossbar.addr_arbiter_inst/m_grant_hot_i_0 (FF)
  Requirement:          20.000ns
  Data Path Delay:      6.135ns (Levels of Logic = 7)
  Clock Path Skew:      0.009ns (1.557 - 1.548)
  Source Clock:         system_i/processing_system7_0_FCLK_CLK0 rising at 0.000ns
  Destination Clock:    system_i/processing_system7_0_FCLK_CLK0 rising at 20.000ns
  Clock Uncertainty:    0.035ns

  Clock Uncertainty:          0.035ns  ((TSJ^2 + TIJ^2)^1/2 + DJ) / 2 + PE
    Total System Jitter (TSJ):  0.070ns
    Total Input Jitter (TIJ):   0.000ns
    Discrete Jitter (DJ):       0.000ns
    Phase Error (PE):           0.000ns

  Maximum Data Path at Slow Process Corner: system_i/axi_timer_0/axi_timer_0/AXI4_LITE_I/I_SLAVE_ATTACHMENT/I_DECODER/ce_out_i_1 to system_i/axi4lite_0/axi4lite_0/crossbar_samd/gen_sasd.crossbar_sasd_0/gen_crossbar.addr_arbiter_inst/m_grant_hot_i_0
    Location             Delay type         Delay(ns)  Physical Resource
                                                       Logical Resource(s)
    -------------------------------------------------  -------------------
    SLICE_X29Y98.BQ      Tcko                  0.456   system_i/axi_timer_0/axi_timer_0/AXI4_LITE_I/I_SLAVE_ATTACHMENT/I_DECODER/ce_out_i_4
                                                       system_i/axi_timer_0/axi_timer_0/AXI4_LITE_I/I_SLAVE_ATTACHMENT/I_DECODER/ce_out_i_1
    SLICE_X31Y97.D3      net (fanout=58)       0.735   system_i/axi_timer_0/axi_timer_0/AXI4_LITE_I/I_SLAVE_ATTACHMENT/I_DECODER/ce_out_i_1
    SLICE_X31Y97.D       Tilo                  0.124   system_i/axi_timer_0/axi_timer_0/TC_CORE_I/tCSR0_Reg[28]
                                                       system_i/axi_timer_0/axi_timer_0/AXI4_LITE_I/I_SLAVE_ATTACHMENT/wr_done1_SW0
    SLICE_X31Y97.B1      net (fanout=1)        0.667   system_i/axi_timer_0/N89
    SLICE_X31Y97.B       Tilo                  0.124   system_i/axi_timer_0/axi_timer_0/TC_CORE_I/tCSR0_Reg[28]
                                                       system_i/axi_timer_0/axi_timer_0/AXI4_LITE_I/I_SLAVE_ATTACHMENT/wr_done1
    SLICE_X28Y101.C1     net (fanout=6)        1.149   system_i/axi4lite_0_M_AWREADY
    SLICE_X28Y101.C      Tilo                  0.124   system_i/axi4lite_0/axi4lite_0/mi_protocol_conv_bank/gen_protocol_slot[0].gen_prot_conv.conv_inst/gen_axilite.gen_axilite_conv.axilite_conv_inst/write_active
                                                       system_i/axi4lite_0/axi4lite_0/mi_protocol_conv_bank/gen_protocol_slot[0].gen_prot_conv.conv_inst/gen_axilite.gen_axilite_conv.axilite_conv_inst/_n011611_SW1_F
    SLICE_X28Y102.B6     net (fanout=1)        0.300   system_i/axi4lite_0/N31
    SLICE_X28Y102.B      Tilo                  0.124   system_i/axi4lite_0/N15
                                                       system_i/axi4lite_0/axi4lite_0/mi_protocol_conv_bank/gen_protocol_slot[0].gen_prot_conv.conv_inst/gen_axilite.gen_axilite_conv.axilite_conv_inst/_n011611_SW11
    SLICE_X28Y102.C6     net (fanout=2)        0.169   system_i/axi4lite_0/N15
    SLICE_X28Y102.CMUX   Tilo                  0.543   system_i/axi4lite_0/N15
                                                       system_i/axi4lite_0/axi4lite_0/crossbar_samd/gen_sasd.crossbar_sasd_0/gen_crossbar.mi_awready_mux_inst/O1_G
                                                       system_i/axi4lite_0/axi4lite_0/crossbar_samd/gen_sasd.crossbar_sasd_0/gen_crossbar.mi_awready_mux_inst/O1
    SLICE_X27Y105.D1     net (fanout=4)        1.128   system_i/axi4lite_0/axi4lite_0/crossbar_samd/gen_sasd.crossbar_sasd_0/mi_awready_mux
    SLICE_X27Y105.D      Tilo                  0.124   system_i/axi4lite_0/axi4lite_0/crossbar_samd/gen_sasd.crossbar_sasd_0/gen_crossbar.addr_arbiter_inst/m_grant_hot_i_0
                                                       system_i/axi4lite_0/axi4lite_0/crossbar_samd/gen_sasd.crossbar_sasd_0/gen_crossbar.splitter_aw/out1
    SLICE_X27Y105.C5     net (fanout=2)        0.275   system_i/axi4lite_0/axi4lite_0/crossbar_samd/gen_sasd.crossbar_sasd_0/aa_awready
    SLICE_X27Y105.CLK    Tas                   0.093   system_i/axi4lite_0/axi4lite_0/crossbar_samd/gen_sasd.crossbar_sasd_0/gen_crossbar.addr_arbiter_inst/m_grant_hot_i_0
                                                       system_i/axi4lite_0/axi4lite_0/crossbar_samd/gen_sasd.crossbar_sasd_0/gen_crossbar.addr_arbiter_inst/m_grant_hot_i_0_glue_set
                                                       system_i/axi4lite_0/axi4lite_0/crossbar_samd/gen_sasd.crossbar_sasd_0/gen_crossbar.addr_arbiter_inst/m_grant_hot_i_0
    -------------------------------------------------  ---------------------------
    Total                                      6.135ns (1.712ns logic, 4.423ns route)
                                                       (27.9% logic, 72.1% route)

--------------------------------------------------------------------------------
Slack:                  13.843ns (requirement - (data path - clock path skew + uncertainty))
  Source:               system_i/axi_timer_0/axi_timer_0/AXI4_LITE_I/I_SLAVE_ATTACHMENT/I_DECODER/ce_out_i_1 (FF)
  Destination:          system_i/axi4lite_0/axi4lite_0/crossbar_samd/gen_sasd.crossbar_sasd_0/gen_crossbar.addr_arbiter_inst/m_grant_hot_i_0 (FF)
  Requirement:          20.000ns
  Data Path Delay:      6.131ns (Levels of Logic = 7)
  Clock Path Skew:      0.009ns (1.557 - 1.548)
  Source Clock:         system_i/processing_system7_0_FCLK_CLK0 rising at 0.000ns
  Destination Clock:    system_i/processing_system7_0_FCLK_CLK0 rising at 20.000ns
  Clock Uncertainty:    0.035ns

  Clock Uncertainty:          0.035ns  ((TSJ^2 + TIJ^2)^1/2 + DJ) / 2 + PE
    Total System Jitter (TSJ):  0.070ns
    Total Input Jitter (TIJ):   0.000ns
    Discrete Jitter (DJ):       0.000ns
    Phase Error (PE):           0.000ns

  Maximum Data Path at Slow Process Corner: system_i/axi_timer_0/axi_timer_0/AXI4_LITE_I/I_SLAVE_ATTACHMENT/I_DECODER/ce_out_i_1 to system_i/axi4lite_0/axi4lite_0/crossbar_samd/gen_sasd.crossbar_sasd_0/gen_crossbar.addr_arbiter_inst/m_grant_hot_i_0
    Location             Delay type         Delay(ns)  Physical Resource
                                                       Logical Resource(s)
    -------------------------------------------------  -------------------
    SLICE_X29Y98.BQ      Tcko                  0.456   system_i/axi_timer_0/axi_timer_0/AXI4_LITE_I/I_SLAVE_ATTACHMENT/I_DECODER/ce_out_i_4
                                                       system_i/axi_timer_0/axi_timer_0/AXI4_LITE_I/I_SLAVE_ATTACHMENT/I_DECODER/ce_out_i_1
    SLICE_X31Y97.D3      net (fanout=58)       0.735   system_i/axi_timer_0/axi_timer_0/AXI4_LITE_I/I_SLAVE_ATTACHMENT/I_DECODER/ce_out_i_1
    SLICE_X31Y97.D       Tilo                  0.124   system_i/axi_timer_0/axi_timer_0/TC_CORE_I/tCSR0_Reg[28]
                                                       system_i/axi_timer_0/axi_timer_0/AXI4_LITE_I/I_SLAVE_ATTACHMENT/wr_done1_SW0
    SLICE_X31Y97.B1      net (fanout=1)        0.667   system_i/axi_timer_0/N89
    SLICE_X31Y97.B       Tilo                  0.124   system_i/axi_timer_0/axi_timer_0/TC_CORE_I/tCSR0_Reg[28]
                                                       system_i/axi_timer_0/axi_timer_0/AXI4_LITE_I/I_SLAVE_ATTACHMENT/wr_done1
    SLICE_X28Y101.C1     net (fanout=6)        1.149   system_i/axi4lite_0_M_AWREADY
    SLICE_X28Y101.C      Tilo                  0.124   system_i/axi4lite_0/axi4lite_0/mi_protocol_conv_bank/gen_protocol_slot[0].gen_prot_conv.conv_inst/gen_axilite.gen_axilite_conv.axilite_conv_inst/write_active
                                                       system_i/axi4lite_0/axi4lite_0/mi_protocol_conv_bank/gen_protocol_slot[0].gen_prot_conv.conv_inst/gen_axilite.gen_axilite_conv.axilite_conv_inst/_n011611_SW1_F
    SLICE_X28Y102.B6     net (fanout=1)        0.300   system_i/axi4lite_0/N31
    SLICE_X28Y102.B      Tilo                  0.124   system_i/axi4lite_0/N15
                                                       system_i/axi4lite_0/axi4lite_0/mi_protocol_conv_bank/gen_protocol_slot[0].gen_prot_conv.conv_inst/gen_axilite.gen_axilite_conv.axilite_conv_inst/_n011611_SW11
    SLICE_X28Y102.D6     net (fanout=2)        0.172   system_i/axi4lite_0/N15
    SLICE_X28Y102.CMUX   Topdc                 0.536   system_i/axi4lite_0/N15
                                                       system_i/axi4lite_0/axi4lite_0/crossbar_samd/gen_sasd.crossbar_sasd_0/gen_crossbar.mi_awready_mux_inst/O1_F
                                                       system_i/axi4lite_0/axi4lite_0/crossbar_samd/gen_sasd.crossbar_sasd_0/gen_crossbar.mi_awready_mux_inst/O1
    SLICE_X27Y105.D1     net (fanout=4)        1.128   system_i/axi4lite_0/axi4lite_0/crossbar_samd/gen_sasd.crossbar_sasd_0/mi_awready_mux
    SLICE_X27Y105.D      Tilo                  0.124   system_i/axi4lite_0/axi4lite_0/crossbar_samd/gen_sasd.crossbar_sasd_0/gen_crossbar.addr_arbiter_inst/m_grant_hot_i_0
                                                       system_i/axi4lite_0/axi4lite_0/crossbar_samd/gen_sasd.crossbar_sasd_0/gen_crossbar.splitter_aw/out1
    SLICE_X27Y105.C5     net (fanout=2)        0.275   system_i/axi4lite_0/axi4lite_0/crossbar_samd/gen_sasd.crossbar_sasd_0/aa_awready
    SLICE_X27Y105.CLK    Tas                   0.093   system_i/axi4lite_0/axi4lite_0/crossbar_samd/gen_sasd.crossbar_sasd_0/gen_crossbar.addr_arbiter_inst/m_grant_hot_i_0
                                                       system_i/axi4lite_0/axi4lite_0/crossbar_samd/gen_sasd.crossbar_sasd_0/gen_crossbar.addr_arbiter_inst/m_grant_hot_i_0_glue_set
                                                       system_i/axi4lite_0/axi4lite_0/crossbar_samd/gen_sasd.crossbar_sasd_0/gen_crossbar.addr_arbiter_inst/m_grant_hot_i_0
    -------------------------------------------------  ---------------------------
    Total                                      6.131ns (1.705ns logic, 4.426ns route)
                                                       (27.8% logic, 72.2% route)

--------------------------------------------------------------------------------
Slack:                  13.892ns (requirement - (data path - clock path skew + uncertainty))
  Source:               system_i/axi_timer_0/axi_timer_0/AXI4_LITE_I/I_SLAVE_ATTACHMENT/I_DECODER/ce_out_i_5 (FF)
  Destination:          system_i/axi4lite_0/axi4lite_0/crossbar_samd/gen_sasd.crossbar_sasd_0/gen_crossbar.addr_arbiter_inst/m_grant_hot_i_0 (FF)
  Requirement:          20.000ns
  Data Path Delay:      6.082ns (Levels of Logic = 6)
  Clock Path Skew:      0.009ns (1.557 - 1.548)
  Source Clock:         system_i/processing_system7_0_FCLK_CLK0 rising at 0.000ns
  Destination Clock:    system_i/processing_system7_0_FCLK_CLK0 rising at 20.000ns
  Clock Uncertainty:    0.035ns

  Clock Uncertainty:          0.035ns  ((TSJ^2 + TIJ^2)^1/2 + DJ) / 2 + PE
    Total System Jitter (TSJ):  0.070ns
    Total Input Jitter (TIJ):   0.000ns
    Discrete Jitter (DJ):       0.000ns
    Phase Error (PE):           0.000ns

  Maximum Data Path at Slow Process Corner: system_i/axi_timer_0/axi_timer_0/AXI4_LITE_I/I_SLAVE_ATTACHMENT/I_DECODER/ce_out_i_5 to system_i/axi4lite_0/axi4lite_0/crossbar_samd/gen_sasd.crossbar_sasd_0/gen_crossbar.addr_arbiter_inst/m_grant_hot_i_0
    Location             Delay type         Delay(ns)  Physical Resource
                                                       Logical Resource(s)
    -------------------------------------------------  -------------------
    SLICE_X28Y98.AQ      Tcko                  0.456   system_i/axi_timer_0/axi_timer_0/AXI4_LITE_I/I_SLAVE_ATTACHMENT/I_DECODER/ce_out_i_6
                                                       system_i/axi_timer_0/axi_timer_0/AXI4_LITE_I/I_SLAVE_ATTACHMENT/I_DECODER/ce_out_i_5
    SLICE_X31Y97.D1      net (fanout=36)       0.907   system_i/axi_timer_0/axi_timer_0/AXI4_LITE_I/I_SLAVE_ATTACHMENT/I_DECODER/ce_out_i_5
    SLICE_X31Y97.D       Tilo                  0.124   system_i/axi_timer_0/axi_timer_0/TC_CORE_I/tCSR0_Reg[28]
                                                       system_i/axi_timer_0/axi_timer_0/AXI4_LITE_I/I_SLAVE_ATTACHMENT/wr_done1_SW0
    SLICE_X31Y97.B1      net (fanout=1)        0.667   system_i/axi_timer_0/N89
    SLICE_X31Y97.B       Tilo                  0.124   system_i/axi_timer_0/axi_timer_0/TC_CORE_I/tCSR0_Reg[28]
                                                       system_i/axi_timer_0/axi_timer_0/AXI4_LITE_I/I_SLAVE_ATTACHMENT/wr_done1
    SLICE_X30Y101.C1     net (fanout=6)        1.126   system_i/axi4lite_0_M_AWREADY
    SLICE_X30Y101.C      Tilo                  0.124   system_i/axi4lite_0/N14
                                                       system_i/axi4lite_0/axi4lite_0/mi_protocol_conv_bank/gen_protocol_slot[0].gen_prot_conv.conv_inst/gen_axilite.gen_axilite_conv.axilite_conv_inst/_n011611_SW0
    SLICE_X28Y102.CX     net (fanout=1)        0.464   system_i/axi4lite_0/N14
    SLICE_X28Y102.CMUX   Tcxc                  0.470   system_i/axi4lite_0/N15
                                                       system_i/axi4lite_0/axi4lite_0/crossbar_samd/gen_sasd.crossbar_sasd_0/gen_crossbar.mi_awready_mux_inst/O1
    SLICE_X27Y105.D1     net (fanout=4)        1.128   system_i/axi4lite_0/axi4lite_0/crossbar_samd/gen_sasd.crossbar_sasd_0/mi_awready_mux
    SLICE_X27Y105.D      Tilo                  0.124   system_i/axi4lite_0/axi4lite_0/crossbar_samd/gen_sasd.crossbar_sasd_0/gen_crossbar.addr_arbiter_inst/m_grant_hot_i_0
                                                       system_i/axi4lite_0/axi4lite_0/crossbar_samd/gen_sasd.crossbar_sasd_0/gen_crossbar.splitter_aw/out1
    SLICE_X27Y105.C5     net (fanout=2)        0.275   system_i/axi4lite_0/axi4lite_0/crossbar_samd/gen_sasd.crossbar_sasd_0/aa_awready
    SLICE_X27Y105.CLK    Tas                   0.093   system_i/axi4lite_0/axi4lite_0/crossbar_samd/gen_sasd.crossbar_sasd_0/gen_crossbar.addr_arbiter_inst/m_grant_hot_i_0
                                                       system_i/axi4lite_0/axi4lite_0/crossbar_samd/gen_sasd.crossbar_sasd_0/gen_crossbar.addr_arbiter_inst/m_grant_hot_i_0_glue_set
                                                       system_i/axi4lite_0/axi4lite_0/crossbar_samd/gen_sasd.crossbar_sasd_0/gen_crossbar.addr_arbiter_inst/m_grant_hot_i_0
    -------------------------------------------------  ---------------------------
    Total                                      6.082ns (1.515ns logic, 4.567ns route)
                                                       (24.9% logic, 75.1% route)

--------------------------------------------------------------------------------
Slack:                  13.948ns (requirement - (data path - clock path skew + uncertainty))
  Source:               system_i/axi_timer_0/axi_timer_0/AXI4_LITE_I/I_SLAVE_ATTACHMENT/I_DECODER/ce_out_i_5 (FF)
  Destination:          system_i/axi4lite_0/axi4lite_0/crossbar_samd/gen_sasd.crossbar_sasd_0/gen_crossbar.splitter_aw/m_ready_d_2 (FF)
  Requirement:          20.000ns
  Data Path Delay:      6.026ns (Levels of Logic = 6)
  Clock Path Skew:      0.009ns (1.557 - 1.548)
  Source Clock:         system_i/processing_system7_0_FCLK_CLK0 rising at 0.000ns
  Destination Clock:    system_i/processing_system7_0_FCLK_CLK0 rising at 20.000ns
  Clock Uncertainty:    0.035ns

  Clock Uncertainty:          0.035ns  ((TSJ^2 + TIJ^2)^1/2 + DJ) / 2 + PE
    Total System Jitter (TSJ):  0.070ns
    Total Input Jitter (TIJ):   0.000ns
    Discrete Jitter (DJ):       0.000ns
    Phase Error (PE):           0.000ns

  Maximum Data Path at Slow Process Corner: system_i/axi_timer_0/axi_timer_0/AXI4_LITE_I/I_SLAVE_ATTACHMENT/I_DECODER/ce_out_i_5 to system_i/axi4lite_0/axi4lite_0/crossbar_samd/gen_sasd.crossbar_sasd_0/gen_crossbar.splitter_aw/m_ready_d_2
    Location             Delay type         Delay(ns)  Physical Resource
                                                       Logical Resource(s)
    -------------------------------------------------  -------------------
    SLICE_X28Y98.AQ      Tcko                  0.456   system_i/axi_timer_0/axi_timer_0/AXI4_LITE_I/I_SLAVE_ATTACHMENT/I_DECODER/ce_out_i_6
                                                       system_i/axi_timer_0/axi_timer_0/AXI4_LITE_I/I_SLAVE_ATTACHMENT/I_DECODER/ce_out_i_5
    SLICE_X31Y97.D1      net (fanout=36)       0.907   system_i/axi_timer_0/axi_timer_0/AXI4_LITE_I/I_SLAVE_ATTACHMENT/I_DECODER/ce_out_i_5
    SLICE_X31Y97.D       Tilo                  0.124   system_i/axi_timer_0/axi_timer_0/TC_CORE_I/tCSR0_Reg[28]
                                                       system_i/axi_timer_0/axi_timer_0/AXI4_LITE_I/I_SLAVE_ATTACHMENT/wr_done1_SW0
    SLICE_X31Y97.B1      net (fanout=1)        0.667   system_i/axi_timer_0/N89
    SLICE_X31Y97.B       Tilo                  0.124   system_i/axi_timer_0/axi_timer_0/TC_CORE_I/tCSR0_Reg[28]
                                                       system_i/axi_timer_0/axi_timer_0/AXI4_LITE_I/I_SLAVE_ATTACHMENT/wr_done1
    SLICE_X28Y101.C1     net (fanout=6)        1.149   system_i/axi4lite_0_M_AWREADY
    SLICE_X28Y101.C      Tilo                  0.124   system_i/axi4lite_0/axi4lite_0/mi_protocol_conv_bank/gen_protocol_slot[0].gen_prot_conv.conv_inst/gen_axilite.gen_axilite_conv.axilite_conv_inst/write_active
                                                       system_i/axi4lite_0/axi4lite_0/mi_protocol_conv_bank/gen_protocol_slot[0].gen_prot_conv.conv_inst/gen_axilite.gen_axilite_conv.axilite_conv_inst/_n011611_SW1_F
    SLICE_X28Y102.B6     net (fanout=1)        0.300   system_i/axi4lite_0/N31
    SLICE_X28Y102.B      Tilo                  0.124   system_i/axi4lite_0/N15
                                                       system_i/axi4lite_0/axi4lite_0/mi_protocol_conv_bank/gen_protocol_slot[0].gen_prot_conv.conv_inst/gen_axilite.gen_axilite_conv.axilite_conv_inst/_n011611_SW11
    SLICE_X28Y102.C6     net (fanout=2)        0.169   system_i/axi4lite_0/N15
    SLICE_X28Y102.CMUX   Tilo                  0.543   system_i/axi4lite_0/N15
                                                       system_i/axi4lite_0/axi4lite_0/crossbar_samd/gen_sasd.crossbar_sasd_0/gen_crossbar.mi_awready_mux_inst/O1_G
                                                       system_i/axi4lite_0/axi4lite_0/crossbar_samd/gen_sasd.crossbar_sasd_0/gen_crossbar.mi_awready_mux_inst/O1
    SLICE_X26Y106.D1     net (fanout=4)        1.294   system_i/axi4lite_0/axi4lite_0/crossbar_samd/gen_sasd.crossbar_sasd_0/mi_awready_mux
    SLICE_X26Y106.CLK    Tas                   0.045   system_i/axi4lite_0/axi4lite_0/crossbar_samd/gen_sasd.crossbar_sasd_0/gen_crossbar.splitter_aw/m_ready_d[2]
                                                       system_i/axi4lite_0/axi4lite_0/crossbar_samd/gen_sasd.crossbar_sasd_0/gen_crossbar.splitter_aw/m_ready_d_2_rstpot
                                                       system_i/axi4lite_0/axi4lite_0/crossbar_samd/gen_sasd.crossbar_sasd_0/gen_crossbar.splitter_aw/m_ready_d_2
    -------------------------------------------------  ---------------------------
    Total                                      6.026ns (1.540ns logic, 4.486ns route)
                                                       (25.6% logic, 74.4% route)

--------------------------------------------------------------------------------
Slack:                  13.952ns (requirement - (data path - clock path skew + uncertainty))
  Source:               system_i/axi_timer_0/axi_timer_0/AXI4_LITE_I/I_SLAVE_ATTACHMENT/I_DECODER/ce_out_i_5 (FF)
  Destination:          system_i/axi4lite_0/axi4lite_0/crossbar_samd/gen_sasd.crossbar_sasd_0/gen_crossbar.splitter_aw/m_ready_d_2 (FF)
  Requirement:          20.000ns
  Data Path Delay:      6.022ns (Levels of Logic = 6)
  Clock Path Skew:      0.009ns (1.557 - 1.548)
  Source Clock:         system_i/processing_system7_0_FCLK_CLK0 rising at 0.000ns
  Destination Clock:    system_i/processing_system7_0_FCLK_CLK0 rising at 20.000ns
  Clock Uncertainty:    0.035ns

  Clock Uncertainty:          0.035ns  ((TSJ^2 + TIJ^2)^1/2 + DJ) / 2 + PE
    Total System Jitter (TSJ):  0.070ns
    Total Input Jitter (TIJ):   0.000ns
    Discrete Jitter (DJ):       0.000ns
    Phase Error (PE):           0.000ns

  Maximum Data Path at Slow Process Corner: system_i/axi_timer_0/axi_timer_0/AXI4_LITE_I/I_SLAVE_ATTACHMENT/I_DECODER/ce_out_i_5 to system_i/axi4lite_0/axi4lite_0/crossbar_samd/gen_sasd.crossbar_sasd_0/gen_crossbar.splitter_aw/m_ready_d_2
    Location             Delay type         Delay(ns)  Physical Resource
                                                       Logical Resource(s)
    -------------------------------------------------  -------------------
    SLICE_X28Y98.AQ      Tcko                  0.456   system_i/axi_timer_0/axi_timer_0/AXI4_LITE_I/I_SLAVE_ATTACHMENT/I_DECODER/ce_out_i_6
                                                       system_i/axi_timer_0/axi_timer_0/AXI4_LITE_I/I_SLAVE_ATTACHMENT/I_DECODER/ce_out_i_5
    SLICE_X31Y97.D1      net (fanout=36)       0.907   system_i/axi_timer_0/axi_timer_0/AXI4_LITE_I/I_SLAVE_ATTACHMENT/I_DECODER/ce_out_i_5
    SLICE_X31Y97.D       Tilo                  0.124   system_i/axi_timer_0/axi_timer_0/TC_CORE_I/tCSR0_Reg[28]
                                                       system_i/axi_timer_0/axi_timer_0/AXI4_LITE_I/I_SLAVE_ATTACHMENT/wr_done1_SW0
    SLICE_X31Y97.B1      net (fanout=1)        0.667   system_i/axi_timer_0/N89
    SLICE_X31Y97.B       Tilo                  0.124   system_i/axi_timer_0/axi_timer_0/TC_CORE_I/tCSR0_Reg[28]
                                                       system_i/axi_timer_0/axi_timer_0/AXI4_LITE_I/I_SLAVE_ATTACHMENT/wr_done1
    SLICE_X28Y101.C1     net (fanout=6)        1.149   system_i/axi4lite_0_M_AWREADY
    SLICE_X28Y101.C      Tilo                  0.124   system_i/axi4lite_0/axi4lite_0/mi_protocol_conv_bank/gen_protocol_slot[0].gen_prot_conv.conv_inst/gen_axilite.gen_axilite_conv.axilite_conv_inst/write_active
                                                       system_i/axi4lite_0/axi4lite_0/mi_protocol_conv_bank/gen_protocol_slot[0].gen_prot_conv.conv_inst/gen_axilite.gen_axilite_conv.axilite_conv_inst/_n011611_SW1_F
    SLICE_X28Y102.B6     net (fanout=1)        0.300   system_i/axi4lite_0/N31
    SLICE_X28Y102.B      Tilo                  0.124   system_i/axi4lite_0/N15
                                                       system_i/axi4lite_0/axi4lite_0/mi_protocol_conv_bank/gen_protocol_slot[0].gen_prot_conv.conv_inst/gen_axilite.gen_axilite_conv.axilite_conv_inst/_n011611_SW11
    SLICE_X28Y102.D6     net (fanout=2)        0.172   system_i/axi4lite_0/N15
    SLICE_X28Y102.CMUX   Topdc                 0.536   system_i/axi4lite_0/N15
                                                       system_i/axi4lite_0/axi4lite_0/crossbar_samd/gen_sasd.crossbar_sasd_0/gen_crossbar.mi_awready_mux_inst/O1_F
                                                       system_i/axi4lite_0/axi4lite_0/crossbar_samd/gen_sasd.crossbar_sasd_0/gen_crossbar.mi_awready_mux_inst/O1
    SLICE_X26Y106.D1     net (fanout=4)        1.294   system_i/axi4lite_0/axi4lite_0/crossbar_samd/gen_sasd.crossbar_sasd_0/mi_awready_mux
    SLICE_X26Y106.CLK    Tas                   0.045   system_i/axi4lite_0/axi4lite_0/crossbar_samd/gen_sasd.crossbar_sasd_0/gen_crossbar.splitter_aw/m_ready_d[2]
                                                       system_i/axi4lite_0/axi4lite_0/crossbar_samd/gen_sasd.crossbar_sasd_0/gen_crossbar.splitter_aw/m_ready_d_2_rstpot
                                                       system_i/axi4lite_0/axi4lite_0/crossbar_samd/gen_sasd.crossbar_sasd_0/gen_crossbar.splitter_aw/m_ready_d_2
    -------------------------------------------------  ---------------------------
    Total                                      6.022ns (1.533ns logic, 4.489ns route)
                                                       (25.5% logic, 74.5% route)

--------------------------------------------------------------------------------
Slack:                  13.955ns (requirement - (data path - clock path skew + uncertainty))
  Source:               system_i/axi_timer_0/axi_timer_0/AXI4_LITE_I/I_SLAVE_ATTACHMENT/I_DECODER/Bus_RNW_reg (FF)
  Destination:          system_i/axi4lite_0/axi4lite_0/crossbar_samd/gen_sasd.crossbar_sasd_0/gen_crossbar.addr_arbiter_inst/m_valid_i (FF)
  Requirement:          20.000ns
  Data Path Delay:      6.019ns (Levels of Logic = 6)
  Clock Path Skew:      0.009ns (1.557 - 1.548)
  Source Clock:         system_i/processing_system7_0_FCLK_CLK0 rising at 0.000ns
  Destination Clock:    system_i/processing_system7_0_FCLK_CLK0 rising at 20.000ns
  Clock Uncertainty:    0.035ns

  Clock Uncertainty:          0.035ns  ((TSJ^2 + TIJ^2)^1/2 + DJ) / 2 + PE
    Total System Jitter (TSJ):  0.070ns
    Total Input Jitter (TIJ):   0.000ns
    Discrete Jitter (DJ):       0.000ns
    Phase Error (PE):           0.000ns

  Maximum Data Path at Slow Process Corner: system_i/axi_timer_0/axi_timer_0/AXI4_LITE_I/I_SLAVE_ATTACHMENT/I_DECODER/Bus_RNW_reg to system_i/axi4lite_0/axi4lite_0/crossbar_samd/gen_sasd.crossbar_sasd_0/gen_crossbar.addr_arbiter_inst/m_valid_i
    Location             Delay type         Delay(ns)  Physical Resource
                                                       Logical Resource(s)
    -------------------------------------------------  -------------------
    SLICE_X29Y99.BQ      Tcko                  0.456   system_i/axi_timer_0/axi_timer_0/AXI4_LITE_I/I_SLAVE_ATTACHMENT/I_DECODER/Bus_RNW_reg
                                                       system_i/axi_timer_0/axi_timer_0/AXI4_LITE_I/I_SLAVE_ATTACHMENT/I_DECODER/Bus_RNW_reg
    SLICE_X31Y97.B4      net (fanout=98)       0.866   system_i/axi_timer_0/axi_timer_0/AXI4_LITE_I/I_SLAVE_ATTACHMENT/I_DECODER/Bus_RNW_reg
    SLICE_X31Y97.B       Tilo                  0.124   system_i/axi_timer_0/axi_timer_0/TC_CORE_I/tCSR0_Reg[28]
                                                       system_i/axi_timer_0/axi_timer_0/AXI4_LITE_I/I_SLAVE_ATTACHMENT/wr_done1
    SLICE_X28Y101.C1     net (fanout=6)        1.149   system_i/axi4lite_0_M_AWREADY
    SLICE_X28Y101.C      Tilo                  0.124   system_i/axi4lite_0/axi4lite_0/mi_protocol_conv_bank/gen_protocol_slot[0].gen_prot_conv.conv_inst/gen_axilite.gen_axilite_conv.axilite_conv_inst/write_active
                                                       system_i/axi4lite_0/axi4lite_0/mi_protocol_conv_bank/gen_protocol_slot[0].gen_prot_conv.conv_inst/gen_axilite.gen_axilite_conv.axilite_conv_inst/_n011611_SW1_F
    SLICE_X28Y102.B6     net (fanout=1)        0.300   system_i/axi4lite_0/N31
    SLICE_X28Y102.B      Tilo                  0.124   system_i/axi4lite_0/N15
                                                       system_i/axi4lite_0/axi4lite_0/mi_protocol_conv_bank/gen_protocol_slot[0].gen_prot_conv.conv_inst/gen_axilite.gen_axilite_conv.axilite_conv_inst/_n011611_SW11
    SLICE_X28Y102.C6     net (fanout=2)        0.169   system_i/axi4lite_0/N15
    SLICE_X28Y102.CMUX   Tilo                  0.543   system_i/axi4lite_0/N15
                                                       system_i/axi4lite_0/axi4lite_0/crossbar_samd/gen_sasd.crossbar_sasd_0/gen_crossbar.mi_awready_mux_inst/O1_G
                                                       system_i/axi4lite_0/axi4lite_0/crossbar_samd/gen_sasd.crossbar_sasd_0/gen_crossbar.mi_awready_mux_inst/O1
    SLICE_X27Y105.D1     net (fanout=4)        1.128   system_i/axi4lite_0/axi4lite_0/crossbar_samd/gen_sasd.crossbar_sasd_0/mi_awready_mux
    SLICE_X27Y105.D      Tilo                  0.124   system_i/axi4lite_0/axi4lite_0/crossbar_samd/gen_sasd.crossbar_sasd_0/gen_crossbar.addr_arbiter_inst/m_grant_hot_i_0
                                                       system_i/axi4lite_0/axi4lite_0/crossbar_samd/gen_sasd.crossbar_sasd_0/gen_crossbar.splitter_aw/out1
    SLICE_X27Y104.A1     net (fanout=2)        0.817   system_i/axi4lite_0/axi4lite_0/crossbar_samd/gen_sasd.crossbar_sasd_0/aa_awready
    SLICE_X27Y104.CLK    Tas                   0.095   system_i/axi4lite_0/axi4lite_0/crossbar_samd/gen_sasd.crossbar_sasd_0/gen_crossbar.addr_arbiter_inst/m_valid_i
                                                       system_i/axi4lite_0/axi4lite_0/crossbar_samd/gen_sasd.crossbar_sasd_0/gen_crossbar.addr_arbiter_inst/m_valid_i_glue_set
                                                       system_i/axi4lite_0/axi4lite_0/crossbar_samd/gen_sasd.crossbar_sasd_0/gen_crossbar.addr_arbiter_inst/m_valid_i
    -------------------------------------------------  ---------------------------
    Total                                      6.019ns (1.590ns logic, 4.429ns route)
                                                       (26.4% logic, 73.6% route)

--------------------------------------------------------------------------------
Slack:                  13.959ns (requirement - (data path - clock path skew + uncertainty))
  Source:               system_i/axi_timer_0/axi_timer_0/AXI4_LITE_I/I_SLAVE_ATTACHMENT/I_DECODER/Bus_RNW_reg (FF)
  Destination:          system_i/axi4lite_0/axi4lite_0/crossbar_samd/gen_sasd.crossbar_sasd_0/gen_crossbar.addr_arbiter_inst/m_valid_i (FF)
  Requirement:          20.000ns
  Data Path Delay:      6.015ns (Levels of Logic = 6)
  Clock Path Skew:      0.009ns (1.557 - 1.548)
  Source Clock:         system_i/processing_system7_0_FCLK_CLK0 rising at 0.000ns
  Destination Clock:    system_i/processing_system7_0_FCLK_CLK0 rising at 20.000ns
  Clock Uncertainty:    0.035ns

  Clock Uncertainty:          0.035ns  ((TSJ^2 + TIJ^2)^1/2 + DJ) / 2 + PE
    Total System Jitter (TSJ):  0.070ns
    Total Input Jitter (TIJ):   0.000ns
    Discrete Jitter (DJ):       0.000ns
    Phase Error (PE):           0.000ns

  Maximum Data Path at Slow Process Corner: system_i/axi_timer_0/axi_timer_0/AXI4_LITE_I/I_SLAVE_ATTACHMENT/I_DECODER/Bus_RNW_reg to system_i/axi4lite_0/axi4lite_0/crossbar_samd/gen_sasd.crossbar_sasd_0/gen_crossbar.addr_arbiter_inst/m_valid_i
    Location             Delay type         Delay(ns)  Physical Resource
                                                       Logical Resource(s)
    -------------------------------------------------  -------------------
    SLICE_X29Y99.BQ      Tcko                  0.456   system_i/axi_timer_0/axi_timer_0/AXI4_LITE_I/I_SLAVE_ATTACHMENT/I_DECODER/Bus_RNW_reg
                                                       system_i/axi_timer_0/axi_timer_0/AXI4_LITE_I/I_SLAVE_ATTACHMENT/I_DECODER/Bus_RNW_reg
    SLICE_X31Y97.B4      net (fanout=98)       0.866   system_i/axi_timer_0/axi_timer_0/AXI4_LITE_I/I_SLAVE_ATTACHMENT/I_DECODER/Bus_RNW_reg
    SLICE_X31Y97.B       Tilo                  0.124   system_i/axi_timer_0/axi_timer_0/TC_CORE_I/tCSR0_Reg[28]
                                                       system_i/axi_timer_0/axi_timer_0/AXI4_LITE_I/I_SLAVE_ATTACHMENT/wr_done1
    SLICE_X28Y101.C1     net (fanout=6)        1.149   system_i/axi4lite_0_M_AWREADY
    SLICE_X28Y101.C      Tilo                  0.124   system_i/axi4lite_0/axi4lite_0/mi_protocol_conv_bank/gen_protocol_slot[0].gen_prot_conv.conv_inst/gen_axilite.gen_axilite_conv.axilite_conv_inst/write_active
                                                       system_i/axi4lite_0/axi4lite_0/mi_protocol_conv_bank/gen_protocol_slot[0].gen_prot_conv.conv_inst/gen_axilite.gen_axilite_conv.axilite_conv_inst/_n011611_SW1_F
    SLICE_X28Y102.B6     net (fanout=1)        0.300   system_i/axi4lite_0/N31
    SLICE_X28Y102.B      Tilo                  0.124   system_i/axi4lite_0/N15
                                                       system_i/axi4lite_0/axi4lite_0/mi_protocol_conv_bank/gen_protocol_slot[0].gen_prot_conv.conv_inst/gen_axilite.gen_axilite_conv.axilite_conv_inst/_n011611_SW11
    SLICE_X28Y102.D6     net (fanout=2)        0.172   system_i/axi4lite_0/N15
    SLICE_X28Y102.CMUX   Topdc                 0.536   system_i/axi4lite_0/N15
                                                       system_i/axi4lite_0/axi4lite_0/crossbar_samd/gen_sasd.crossbar_sasd_0/gen_crossbar.mi_awready_mux_inst/O1_F
                                                       system_i/axi4lite_0/axi4lite_0/crossbar_samd/gen_sasd.crossbar_sasd_0/gen_crossbar.mi_awready_mux_inst/O1
    SLICE_X27Y105.D1     net (fanout=4)        1.128   system_i/axi4lite_0/axi4lite_0/crossbar_samd/gen_sasd.crossbar_sasd_0/mi_awready_mux
    SLICE_X27Y105.D      Tilo                  0.124   system_i/axi4lite_0/axi4lite_0/crossbar_samd/gen_sasd.crossbar_sasd_0/gen_crossbar.addr_arbiter_inst/m_grant_hot_i_0
                                                       system_i/axi4lite_0/axi4lite_0/crossbar_samd/gen_sasd.crossbar_sasd_0/gen_crossbar.splitter_aw/out1
    SLICE_X27Y104.A1     net (fanout=2)        0.817   system_i/axi4lite_0/axi4lite_0/crossbar_samd/gen_sasd.crossbar_sasd_0/aa_awready
    SLICE_X27Y104.CLK    Tas                   0.095   system_i/axi4lite_0/axi4lite_0/crossbar_samd/gen_sasd.crossbar_sasd_0/gen_crossbar.addr_arbiter_inst/m_valid_i
                                                       system_i/axi4lite_0/axi4lite_0/crossbar_samd/gen_sasd.crossbar_sasd_0/gen_crossbar.addr_arbiter_inst/m_valid_i_glue_set
                                                       system_i/axi4lite_0/axi4lite_0/crossbar_samd/gen_sasd.crossbar_sasd_0/gen_crossbar.addr_arbiter_inst/m_valid_i
    -------------------------------------------------  ---------------------------
    Total                                      6.015ns (1.583ns logic, 4.432ns route)
                                                       (26.3% logic, 73.7% route)

--------------------------------------------------------------------------------
Slack:                  13.961ns (requirement - (data path - clock path skew + uncertainty))
  Source:               system_i/axi_timer_0/axi_timer_0/AXI4_LITE_I/I_SLAVE_ATTACHMENT/I_DECODER/ce_out_i_0 (FF)
  Destination:          system_i/axi4lite_0/axi4lite_0/crossbar_samd/gen_sasd.crossbar_sasd_0/gen_crossbar.addr_arbiter_inst/m_grant_hot_i_0 (FF)
  Requirement:          20.000ns
  Data Path Delay:      6.013ns (Levels of Logic = 7)
  Clock Path Skew:      0.009ns (1.557 - 1.548)
  Source Clock:         system_i/processing_system7_0_FCLK_CLK0 rising at 0.000ns
  Destination Clock:    system_i/processing_system7_0_FCLK_CLK0 rising at 20.000ns
  Clock Uncertainty:    0.035ns

  Clock Uncertainty:          0.035ns  ((TSJ^2 + TIJ^2)^1/2 + DJ) / 2 + PE
    Total System Jitter (TSJ):  0.070ns
    Total Input Jitter (TIJ):   0.000ns
    Discrete Jitter (DJ):       0.000ns
    Phase Error (PE):           0.000ns

  Maximum Data Path at Slow Process Corner: system_i/axi_timer_0/axi_timer_0/AXI4_LITE_I/I_SLAVE_ATTACHMENT/I_DECODER/ce_out_i_0 to system_i/axi4lite_0/axi4lite_0/crossbar_samd/gen_sasd.crossbar_sasd_0/gen_crossbar.addr_arbiter_inst/m_grant_hot_i_0
    Location             Delay type         Delay(ns)  Physical Resource
                                                       Logical Resource(s)
    -------------------------------------------------  -------------------
    SLICE_X29Y98.AQ      Tcko                  0.456   system_i/axi_timer_0/axi_timer_0/AXI4_LITE_I/I_SLAVE_ATTACHMENT/I_DECODER/ce_out_i_4
                                                       system_i/axi_timer_0/axi_timer_0/AXI4_LITE_I/I_SLAVE_ATTACHMENT/I_DECODER/ce_out_i_0
    SLICE_X31Y97.D4      net (fanout=8)        0.613   system_i/axi_timer_0/axi_timer_0/AXI4_LITE_I/I_SLAVE_ATTACHMENT/I_DECODER/ce_out_i_0
    SLICE_X31Y97.D       Tilo                  0.124   system_i/axi_timer_0/axi_timer_0/TC_CORE_I/tCSR0_Reg[28]
                                                       system_i/axi_timer_0/axi_timer_0/AXI4_LITE_I/I_SLAVE_ATTACHMENT/wr_done1_SW0
    SLICE_X31Y97.B1      net (fanout=1)        0.667   system_i/axi_timer_0/N89
    SLICE_X31Y97.B       Tilo                  0.124   system_i/axi_timer_0/axi_timer_0/TC_CORE_I/tCSR0_Reg[28]
                                                       system_i/axi_timer_0/axi_timer_0/AXI4_LITE_I/I_SLAVE_ATTACHMENT/wr_done1
    SLICE_X28Y101.C1     net (fanout=6)        1.149   system_i/axi4lite_0_M_AWREADY
    SLICE_X28Y101.C      Tilo                  0.124   system_i/axi4lite_0/axi4lite_0/mi_protocol_conv_bank/gen_protocol_slot[0].gen_prot_conv.conv_inst/gen_axilite.gen_axilite_conv.axilite_conv_inst/write_active
                                                       system_i/axi4lite_0/axi4lite_0/mi_protocol_conv_bank/gen_protocol_slot[0].gen_prot_conv.conv_inst/gen_axilite.gen_axilite_conv.axilite_conv_inst/_n011611_SW1_F
    SLICE_X28Y102.B6     net (fanout=1)        0.300   system_i/axi4lite_0/N31
    SLICE_X28Y102.B      Tilo                  0.124   system_i/axi4lite_0/N15
                                                       system_i/axi4lite_0/axi4lite_0/mi_protocol_conv_bank/gen_protocol_slot[0].gen_prot_conv.conv_inst/gen_axilite.gen_axilite_conv.axilite_conv_inst/_n011611_SW11
    SLICE_X28Y102.C6     net (fanout=2)        0.169   system_i/axi4lite_0/N15
    SLICE_X28Y102.CMUX   Tilo                  0.543   system_i/axi4lite_0/N15
                                                       system_i/axi4lite_0/axi4lite_0/crossbar_samd/gen_sasd.crossbar_sasd_0/gen_crossbar.mi_awready_mux_inst/O1_G
                                                       system_i/axi4lite_0/axi4lite_0/crossbar_samd/gen_sasd.crossbar_sasd_0/gen_crossbar.mi_awready_mux_inst/O1
    SLICE_X27Y105.D1     net (fanout=4)        1.128   system_i/axi4lite_0/axi4lite_0/crossbar_samd/gen_sasd.crossbar_sasd_0/mi_awready_mux
    SLICE_X27Y105.D      Tilo                  0.124   system_i/axi4lite_0/axi4lite_0/crossbar_samd/gen_sasd.crossbar_sasd_0/gen_crossbar.addr_arbiter_inst/m_grant_hot_i_0
                                                       system_i/axi4lite_0/axi4lite_0/crossbar_samd/gen_sasd.crossbar_sasd_0/gen_crossbar.splitter_aw/out1
    SLICE_X27Y105.C5     net (fanout=2)        0.275   system_i/axi4lite_0/axi4lite_0/crossbar_samd/gen_sasd.crossbar_sasd_0/aa_awready
    SLICE_X27Y105.CLK    Tas                   0.093   system_i/axi4lite_0/axi4lite_0/crossbar_samd/gen_sasd.crossbar_sasd_0/gen_crossbar.addr_arbiter_inst/m_grant_hot_i_0
                                                       system_i/axi4lite_0/axi4lite_0/crossbar_samd/gen_sasd.crossbar_sasd_0/gen_crossbar.addr_arbiter_inst/m_grant_hot_i_0_glue_set
                                                       system_i/axi4lite_0/axi4lite_0/crossbar_samd/gen_sasd.crossbar_sasd_0/gen_crossbar.addr_arbiter_inst/m_grant_hot_i_0
    -------------------------------------------------  ---------------------------
    Total                                      6.013ns (1.712ns logic, 4.301ns route)
                                                       (28.5% logic, 71.5% route)

--------------------------------------------------------------------------------
Slack:                  13.965ns (requirement - (data path - clock path skew + uncertainty))
  Source:               system_i/axi_timer_0/axi_timer_0/AXI4_LITE_I/I_SLAVE_ATTACHMENT/I_DECODER/ce_out_i_0 (FF)
  Destination:          system_i/axi4lite_0/axi4lite_0/crossbar_samd/gen_sasd.crossbar_sasd_0/gen_crossbar.addr_arbiter_inst/m_grant_hot_i_0 (FF)
  Requirement:          20.000ns
  Data Path Delay:      6.009ns (Levels of Logic = 7)
  Clock Path Skew:      0.009ns (1.557 - 1.548)
  Source Clock:         system_i/processing_system7_0_FCLK_CLK0 rising at 0.000ns
  Destination Clock:    system_i/processing_system7_0_FCLK_CLK0 rising at 20.000ns
  Clock Uncertainty:    0.035ns

  Clock Uncertainty:          0.035ns  ((TSJ^2 + TIJ^2)^1/2 + DJ) / 2 + PE
    Total System Jitter (TSJ):  0.070ns
    Total Input Jitter (TIJ):   0.000ns
    Discrete Jitter (DJ):       0.000ns
    Phase Error (PE):           0.000ns

  Maximum Data Path at Slow Process Corner: system_i/axi_timer_0/axi_timer_0/AXI4_LITE_I/I_SLAVE_ATTACHMENT/I_DECODER/ce_out_i_0 to system_i/axi4lite_0/axi4lite_0/crossbar_samd/gen_sasd.crossbar_sasd_0/gen_crossbar.addr_arbiter_inst/m_grant_hot_i_0
    Location             Delay type         Delay(ns)  Physical Resource
                                                       Logical Resource(s)
    -------------------------------------------------  -------------------
    SLICE_X29Y98.AQ      Tcko                  0.456   system_i/axi_timer_0/axi_timer_0/AXI4_LITE_I/I_SLAVE_ATTACHMENT/I_DECODER/ce_out_i_4
                                                       system_i/axi_timer_0/axi_timer_0/AXI4_LITE_I/I_SLAVE_ATTACHMENT/I_DECODER/ce_out_i_0
    SLICE_X31Y97.D4      net (fanout=8)        0.613   system_i/axi_timer_0/axi_timer_0/AXI4_LITE_I/I_SLAVE_ATTACHMENT/I_DECODER/ce_out_i_0
    SLICE_X31Y97.D       Tilo                  0.124   system_i/axi_timer_0/axi_timer_0/TC_CORE_I/tCSR0_Reg[28]
                                                       system_i/axi_timer_0/axi_timer_0/AXI4_LITE_I/I_SLAVE_ATTACHMENT/wr_done1_SW0
    SLICE_X31Y97.B1      net (fanout=1)        0.667   system_i/axi_timer_0/N89
    SLICE_X31Y97.B       Tilo                  0.124   system_i/axi_timer_0/axi_timer_0/TC_CORE_I/tCSR0_Reg[28]
                                                       system_i/axi_timer_0/axi_timer_0/AXI4_LITE_I/I_SLAVE_ATTACHMENT/wr_done1
    SLICE_X28Y101.C1     net (fanout=6)        1.149   system_i/axi4lite_0_M_AWREADY
    SLICE_X28Y101.C      Tilo                  0.124   system_i/axi4lite_0/axi4lite_0/mi_protocol_conv_bank/gen_protocol_slot[0].gen_prot_conv.conv_inst/gen_axilite.gen_axilite_conv.axilite_conv_inst/write_active
                                                       system_i/axi4lite_0/axi4lite_0/mi_protocol_conv_bank/gen_protocol_slot[0].gen_prot_conv.conv_inst/gen_axilite.gen_axilite_conv.axilite_conv_inst/_n011611_SW1_F
    SLICE_X28Y102.B6     net (fanout=1)        0.300   system_i/axi4lite_0/N31
    SLICE_X28Y102.B      Tilo                  0.124   system_i/axi4lite_0/N15
                                                       system_i/axi4lite_0/axi4lite_0/mi_protocol_conv_bank/gen_protocol_slot[0].gen_prot_conv.conv_inst/gen_axilite.gen_axilite_conv.axilite_conv_inst/_n011611_SW11
    SLICE_X28Y102.D6     net (fanout=2)        0.172   system_i/axi4lite_0/N15
    SLICE_X28Y102.CMUX   Topdc                 0.536   system_i/axi4lite_0/N15
                                                       system_i/axi4lite_0/axi4lite_0/crossbar_samd/gen_sasd.crossbar_sasd_0/gen_crossbar.mi_awready_mux_inst/O1_F
                                                       system_i/axi4lite_0/axi4lite_0/crossbar_samd/gen_sasd.crossbar_sasd_0/gen_crossbar.mi_awready_mux_inst/O1
    SLICE_X27Y105.D1     net (fanout=4)        1.128   system_i/axi4lite_0/axi4lite_0/crossbar_samd/gen_sasd.crossbar_sasd_0/mi_awready_mux
    SLICE_X27Y105.D      Tilo                  0.124   system_i/axi4lite_0/axi4lite_0/crossbar_samd/gen_sasd.crossbar_sasd_0/gen_crossbar.addr_arbiter_inst/m_grant_hot_i_0
                                                       system_i/axi4lite_0/axi4lite_0/crossbar_samd/gen_sasd.crossbar_sasd_0/gen_crossbar.splitter_aw/out1
    SLICE_X27Y105.C5     net (fanout=2)        0.275   system_i/axi4lite_0/axi4lite_0/crossbar_samd/gen_sasd.crossbar_sasd_0/aa_awready
    SLICE_X27Y105.CLK    Tas                   0.093   system_i/axi4lite_0/axi4lite_0/crossbar_samd/gen_sasd.crossbar_sasd_0/gen_crossbar.addr_arbiter_inst/m_grant_hot_i_0
                                                       system_i/axi4lite_0/axi4lite_0/crossbar_samd/gen_sasd.crossbar_sasd_0/gen_crossbar.addr_arbiter_inst/m_grant_hot_i_0_glue_set
                                                       system_i/axi4lite_0/axi4lite_0/crossbar_samd/gen_sasd.crossbar_sasd_0/gen_crossbar.addr_arbiter_inst/m_grant_hot_i_0
    -------------------------------------------------  ---------------------------
    Total                                      6.009ns (1.705ns logic, 4.304ns route)
                                                       (28.4% logic, 71.6% route)

--------------------------------------------------------------------------------
Slack:                  13.973ns (requirement - (data path - clock path skew + uncertainty))
  Source:               system_i/axi_timer_0/axi_timer_0/AXI4_LITE_I/I_SLAVE_ATTACHMENT/I_DECODER/ce_out_i_6 (FF)
  Destination:          system_i/axi4lite_0/axi4lite_0/crossbar_samd/gen_sasd.crossbar_sasd_0/gen_crossbar.addr_arbiter_inst/m_valid_i (FF)
  Requirement:          20.000ns
  Data Path Delay:      6.001ns (Levels of Logic = 6)
  Clock Path Skew:      0.009ns (1.557 - 1.548)
  Source Clock:         system_i/processing_system7_0_FCLK_CLK0 rising at 0.000ns
  Destination Clock:    system_i/processing_system7_0_FCLK_CLK0 rising at 20.000ns
  Clock Uncertainty:    0.035ns

  Clock Uncertainty:          0.035ns  ((TSJ^2 + TIJ^2)^1/2 + DJ) / 2 + PE
    Total System Jitter (TSJ):  0.070ns
    Total Input Jitter (TIJ):   0.000ns
    Discrete Jitter (DJ):       0.000ns
    Phase Error (PE):           0.000ns

  Maximum Data Path at Slow Process Corner: system_i/axi_timer_0/axi_timer_0/AXI4_LITE_I/I_SLAVE_ATTACHMENT/I_DECODER/ce_out_i_6 to system_i/axi4lite_0/axi4lite_0/crossbar_samd/gen_sasd.crossbar_sasd_0/gen_crossbar.addr_arbiter_inst/m_valid_i
    Location             Delay type         Delay(ns)  Physical Resource
                                                       Logical Resource(s)
    -------------------------------------------------  -------------------
    SLICE_X28Y98.BQ      Tcko                  0.456   system_i/axi_timer_0/axi_timer_0/AXI4_LITE_I/I_SLAVE_ATTACHMENT/I_DECODER/ce_out_i_6
                                                       system_i/axi_timer_0/axi_timer_0/AXI4_LITE_I/I_SLAVE_ATTACHMENT/I_DECODER/ce_out_i_6
    SLICE_X31Y97.B2      net (fanout=5)        0.848   system_i/axi_timer_0/axi_timer_0/AXI4_LITE_I/I_SLAVE_ATTACHMENT/I_DECODER/ce_out_i_6
    SLICE_X31Y97.B       Tilo                  0.124   system_i/axi_timer_0/axi_timer_0/TC_CORE_I/tCSR0_Reg[28]
                                                       system_i/axi_timer_0/axi_timer_0/AXI4_LITE_I/I_SLAVE_ATTACHMENT/wr_done1
    SLICE_X28Y101.C1     net (fanout=6)        1.149   system_i/axi4lite_0_M_AWREADY
    SLICE_X28Y101.C      Tilo                  0.124   system_i/axi4lite_0/axi4lite_0/mi_protocol_conv_bank/gen_protocol_slot[0].gen_prot_conv.conv_inst/gen_axilite.gen_axilite_conv.axilite_conv_inst/write_active
                                                       system_i/axi4lite_0/axi4lite_0/mi_protocol_conv_bank/gen_protocol_slot[0].gen_prot_conv.conv_inst/gen_axilite.gen_axilite_conv.axilite_conv_inst/_n011611_SW1_F
    SLICE_X28Y102.B6     net (fanout=1)        0.300   system_i/axi4lite_0/N31
    SLICE_X28Y102.B      Tilo                  0.124   system_i/axi4lite_0/N15
                                                       system_i/axi4lite_0/axi4lite_0/mi_protocol_conv_bank/gen_protocol_slot[0].gen_prot_conv.conv_inst/gen_axilite.gen_axilite_conv.axilite_conv_inst/_n011611_SW11
    SLICE_X28Y102.C6     net (fanout=2)        0.169   system_i/axi4lite_0/N15
    SLICE_X28Y102.CMUX   Tilo                  0.543   system_i/axi4lite_0/N15
                                                       system_i/axi4lite_0/axi4lite_0/crossbar_samd/gen_sasd.crossbar_sasd_0/gen_crossbar.mi_awready_mux_inst/O1_G
                                                       system_i/axi4lite_0/axi4lite_0/crossbar_samd/gen_sasd.crossbar_sasd_0/gen_crossbar.mi_awready_mux_inst/O1
    SLICE_X27Y105.D1     net (fanout=4)        1.128   system_i/axi4lite_0/axi4lite_0/crossbar_samd/gen_sasd.crossbar_sasd_0/mi_awready_mux
    SLICE_X27Y105.D      Tilo                  0.124   system_i/axi4lite_0/axi4lite_0/crossbar_samd/gen_sasd.crossbar_sasd_0/gen_crossbar.addr_arbiter_inst/m_grant_hot_i_0
                                                       system_i/axi4lite_0/axi4lite_0/crossbar_samd/gen_sasd.crossbar_sasd_0/gen_crossbar.splitter_aw/out1
    SLICE_X27Y104.A1     net (fanout=2)        0.817   system_i/axi4lite_0/axi4lite_0/crossbar_samd/gen_sasd.crossbar_sasd_0/aa_awready
    SLICE_X27Y104.CLK    Tas                   0.095   system_i/axi4lite_0/axi4lite_0/crossbar_samd/gen_sasd.crossbar_sasd_0/gen_crossbar.addr_arbiter_inst/m_valid_i
                                                       system_i/axi4lite_0/axi4lite_0/crossbar_samd/gen_sasd.crossbar_sasd_0/gen_crossbar.addr_arbiter_inst/m_valid_i_glue_set
                                                       system_i/axi4lite_0/axi4lite_0/crossbar_samd/gen_sasd.crossbar_sasd_0/gen_crossbar.addr_arbiter_inst/m_valid_i
    -------------------------------------------------  ---------------------------
    Total                                      6.001ns (1.590ns logic, 4.411ns route)
                                                       (26.5% logic, 73.5% route)

--------------------------------------------------------------------------------
Slack:                  13.977ns (requirement - (data path - clock path skew + uncertainty))
  Source:               system_i/axi_timer_0/axi_timer_0/AXI4_LITE_I/I_SLAVE_ATTACHMENT/I_DECODER/ce_out_i_6 (FF)
  Destination:          system_i/axi4lite_0/axi4lite_0/crossbar_samd/gen_sasd.crossbar_sasd_0/gen_crossbar.addr_arbiter_inst/m_valid_i (FF)
  Requirement:          20.000ns
  Data Path Delay:      5.997ns (Levels of Logic = 6)
  Clock Path Skew:      0.009ns (1.557 - 1.548)
  Source Clock:         system_i/processing_system7_0_FCLK_CLK0 rising at 0.000ns
  Destination Clock:    system_i/processing_system7_0_FCLK_CLK0 rising at 20.000ns
  Clock Uncertainty:    0.035ns

  Clock Uncertainty:          0.035ns  ((TSJ^2 + TIJ^2)^1/2 + DJ) / 2 + PE
    Total System Jitter (TSJ):  0.070ns
    Total Input Jitter (TIJ):   0.000ns
    Discrete Jitter (DJ):       0.000ns
    Phase Error (PE):           0.000ns

  Maximum Data Path at Slow Process Corner: system_i/axi_timer_0/axi_timer_0/AXI4_LITE_I/I_SLAVE_ATTACHMENT/I_DECODER/ce_out_i_6 to system_i/axi4lite_0/axi4lite_0/crossbar_samd/gen_sasd.crossbar_sasd_0/gen_crossbar.addr_arbiter_inst/m_valid_i
    Location             Delay type         Delay(ns)  Physical Resource
                                                       Logical Resource(s)
    -------------------------------------------------  -------------------
    SLICE_X28Y98.BQ      Tcko                  0.456   system_i/axi_timer_0/axi_timer_0/AXI4_LITE_I/I_SLAVE_ATTACHMENT/I_DECODER/ce_out_i_6
                                                       system_i/axi_timer_0/axi_timer_0/AXI4_LITE_I/I_SLAVE_ATTACHMENT/I_DECODER/ce_out_i_6
    SLICE_X31Y97.B2      net (fanout=5)        0.848   system_i/axi_timer_0/axi_timer_0/AXI4_LITE_I/I_SLAVE_ATTACHMENT/I_DECODER/ce_out_i_6
    SLICE_X31Y97.B       Tilo                  0.124   system_i/axi_timer_0/axi_timer_0/TC_CORE_I/tCSR0_Reg[28]
                                                       system_i/axi_timer_0/axi_timer_0/AXI4_LITE_I/I_SLAVE_ATTACHMENT/wr_done1
    SLICE_X28Y101.C1     net (fanout=6)        1.149   system_i/axi4lite_0_M_AWREADY
    SLICE_X28Y101.C      Tilo                  0.124   system_i/axi4lite_0/axi4lite_0/mi_protocol_conv_bank/gen_protocol_slot[0].gen_prot_conv.conv_inst/gen_axilite.gen_axilite_conv.axilite_conv_inst/write_active
                                                       system_i/axi4lite_0/axi4lite_0/mi_protocol_conv_bank/gen_protocol_slot[0].gen_prot_conv.conv_inst/gen_axilite.gen_axilite_conv.axilite_conv_inst/_n011611_SW1_F
    SLICE_X28Y102.B6     net (fanout=1)        0.300   system_i/axi4lite_0/N31
    SLICE_X28Y102.B      Tilo                  0.124   system_i/axi4lite_0/N15
                                                       system_i/axi4lite_0/axi4lite_0/mi_protocol_conv_bank/gen_protocol_slot[0].gen_prot_conv.conv_inst/gen_axilite.gen_axilite_conv.axilite_conv_inst/_n011611_SW11
    SLICE_X28Y102.D6     net (fanout=2)        0.172   system_i/axi4lite_0/N15
    SLICE_X28Y102.CMUX   Topdc                 0.536   system_i/axi4lite_0/N15
                                                       system_i/axi4lite_0/axi4lite_0/crossbar_samd/gen_sasd.crossbar_sasd_0/gen_crossbar.mi_awready_mux_inst/O1_F
                                                       system_i/axi4lite_0/axi4lite_0/crossbar_samd/gen_sasd.crossbar_sasd_0/gen_crossbar.mi_awready_mux_inst/O1
    SLICE_X27Y105.D1     net (fanout=4)        1.128   system_i/axi4lite_0/axi4lite_0/crossbar_samd/gen_sasd.crossbar_sasd_0/mi_awready_mux
    SLICE_X27Y105.D      Tilo                  0.124   system_i/axi4lite_0/axi4lite_0/crossbar_samd/gen_sasd.crossbar_sasd_0/gen_crossbar.addr_arbiter_inst/m_grant_hot_i_0
                                                       system_i/axi4lite_0/axi4lite_0/crossbar_samd/gen_sasd.crossbar_sasd_0/gen_crossbar.splitter_aw/out1
    SLICE_X27Y104.A1     net (fanout=2)        0.817   system_i/axi4lite_0/axi4lite_0/crossbar_samd/gen_sasd.crossbar_sasd_0/aa_awready
    SLICE_X27Y104.CLK    Tas                   0.095   system_i/axi4lite_0/axi4lite_0/crossbar_samd/gen_sasd.crossbar_sasd_0/gen_crossbar.addr_arbiter_inst/m_valid_i
                                                       system_i/axi4lite_0/axi4lite_0/crossbar_samd/gen_sasd.crossbar_sasd_0/gen_crossbar.addr_arbiter_inst/m_valid_i_glue_set
                                                       system_i/axi4lite_0/axi4lite_0/crossbar_samd/gen_sasd.crossbar_sasd_0/gen_crossbar.addr_arbiter_inst/m_valid_i
    -------------------------------------------------  ---------------------------
    Total                                      5.997ns (1.583ns logic, 4.414ns route)
                                                       (26.4% logic, 73.6% route)

--------------------------------------------------------------------------------
Slack:                  13.980ns (requirement - (data path - clock path skew + uncertainty))
  Source:               system_i/axi_timer_0/axi_timer_0/AXI4_LITE_I/I_SLAVE_ATTACHMENT/INCLUDE_DPHASE_TIMER.dpto_cnt_5 (FF)
  Destination:          system_i/axi4lite_0/axi4lite_0/crossbar_samd/gen_sasd.crossbar_sasd_0/gen_crossbar.addr_arbiter_inst/m_valid_i (FF)
  Requirement:          20.000ns
  Data Path Delay:      6.042ns (Levels of Logic = 5)
  Clock Path Skew:      0.057ns (1.557 - 1.500)
  Source Clock:         system_i/processing_system7_0_FCLK_CLK0 rising at 0.000ns
  Destination Clock:    system_i/processing_system7_0_FCLK_CLK0 rising at 20.000ns
  Clock Uncertainty:    0.035ns

  Clock Uncertainty:          0.035ns  ((TSJ^2 + TIJ^2)^1/2 + DJ) / 2 + PE
    Total System Jitter (TSJ):  0.070ns
    Total Input Jitter (TIJ):   0.000ns
    Discrete Jitter (DJ):       0.000ns
    Phase Error (PE):           0.000ns

  Maximum Data Path at Slow Process Corner: system_i/axi_timer_0/axi_timer_0/AXI4_LITE_I/I_SLAVE_ATTACHMENT/INCLUDE_DPHASE_TIMER.dpto_cnt_5 to system_i/axi4lite_0/axi4lite_0/crossbar_samd/gen_sasd.crossbar_sasd_0/gen_crossbar.addr_arbiter_inst/m_valid_i
    Location             Delay type         Delay(ns)  Physical Resource
                                                       Logical Resource(s)
    -------------------------------------------------  -------------------
    SLICE_X34Y95.DQ      Tcko                  0.518   system_i/axi_timer_0/axi_timer_0/AXI4_LITE_I/I_SLAVE_ATTACHMENT/INCLUDE_DPHASE_TIMER.dpto_cnt[5]
                                                       system_i/axi_timer_0/axi_timer_0/AXI4_LITE_I/I_SLAVE_ATTACHMENT/INCLUDE_DPHASE_TIMER.dpto_cnt_5
    SLICE_X31Y97.B3      net (fanout=4)        1.052   system_i/axi_timer_0/axi_timer_0/AXI4_LITE_I/I_SLAVE_ATTACHMENT/INCLUDE_DPHASE_TIMER.dpto_cnt[5]
    SLICE_X31Y97.B       Tilo                  0.124   system_i/axi_timer_0/axi_timer_0/TC_CORE_I/tCSR0_Reg[28]
                                                       system_i/axi_timer_0/axi_timer_0/AXI4_LITE_I/I_SLAVE_ATTACHMENT/wr_done1
    SLICE_X30Y101.C1     net (fanout=6)        1.126   system_i/axi4lite_0_M_AWREADY
    SLICE_X30Y101.C      Tilo                  0.124   system_i/axi4lite_0/N14
                                                       system_i/axi4lite_0/axi4lite_0/mi_protocol_conv_bank/gen_protocol_slot[0].gen_prot_conv.conv_inst/gen_axilite.gen_axilite_conv.axilite_conv_inst/_n011611_SW0
    SLICE_X28Y102.CX     net (fanout=1)        0.464   system_i/axi4lite_0/N14
    SLICE_X28Y102.CMUX   Tcxc                  0.470   system_i/axi4lite_0/N15
                                                       system_i/axi4lite_0/axi4lite_0/crossbar_samd/gen_sasd.crossbar_sasd_0/gen_crossbar.mi_awready_mux_inst/O1
    SLICE_X27Y105.D1     net (fanout=4)        1.128   system_i/axi4lite_0/axi4lite_0/crossbar_samd/gen_sasd.crossbar_sasd_0/mi_awready_mux
    SLICE_X27Y105.D      Tilo                  0.124   system_i/axi4lite_0/axi4lite_0/crossbar_samd/gen_sasd.crossbar_sasd_0/gen_crossbar.addr_arbiter_inst/m_grant_hot_i_0
                                                       system_i/axi4lite_0/axi4lite_0/crossbar_samd/gen_sasd.crossbar_sasd_0/gen_crossbar.splitter_aw/out1
    SLICE_X27Y104.A1     net (fanout=2)        0.817   system_i/axi4lite_0/axi4lite_0/crossbar_samd/gen_sasd.crossbar_sasd_0/aa_awready
    SLICE_X27Y104.CLK    Tas                   0.095   system_i/axi4lite_0/axi4lite_0/crossbar_samd/gen_sasd.crossbar_sasd_0/gen_crossbar.addr_arbiter_inst/m_valid_i
                                                       system_i/axi4lite_0/axi4lite_0/crossbar_samd/gen_sasd.crossbar_sasd_0/gen_crossbar.addr_arbiter_inst/m_valid_i_glue_set
                                                       system_i/axi4lite_0/axi4lite_0/crossbar_samd/gen_sasd.crossbar_sasd_0/gen_crossbar.addr_arbiter_inst/m_valid_i
    -------------------------------------------------  ---------------------------
    Total                                      6.042ns (1.455ns logic, 4.587ns route)
                                                       (24.1% logic, 75.9% route)

--------------------------------------------------------------------------------
Slack:                  14.048ns (requirement - (data path - clock path skew + uncertainty))
  Source:               system_i/axi_timer_0/axi_timer_0/AXI4_LITE_I/I_SLAVE_ATTACHMENT/I_DECODER/Bus_RNW_reg (FF)
  Destination:          system_i/axi4lite_0/axi4lite_0/crossbar_samd/gen_sasd.crossbar_sasd_0/gen_crossbar.addr_arbiter_inst/m_valid_i (FF)
  Requirement:          20.000ns
  Data Path Delay:      5.926ns (Levels of Logic = 6)
  Clock Path Skew:      0.009ns (1.557 - 1.548)
  Source Clock:         system_i/processing_system7_0_FCLK_CLK0 rising at 0.000ns
  Destination Clock:    system_i/processing_system7_0_FCLK_CLK0 rising at 20.000ns
  Clock Uncertainty:    0.035ns

  Clock Uncertainty:          0.035ns  ((TSJ^2 + TIJ^2)^1/2 + DJ) / 2 + PE
    Total System Jitter (TSJ):  0.070ns
    Total Input Jitter (TIJ):   0.000ns
    Discrete Jitter (DJ):       0.000ns
    Phase Error (PE):           0.000ns

  Maximum Data Path at Slow Process Corner: system_i/axi_timer_0/axi_timer_0/AXI4_LITE_I/I_SLAVE_ATTACHMENT/I_DECODER/Bus_RNW_reg to system_i/axi4lite_0/axi4lite_0/crossbar_samd/gen_sasd.crossbar_sasd_0/gen_crossbar.addr_arbiter_inst/m_valid_i
    Location             Delay type         Delay(ns)  Physical Resource
                                                       Logical Resource(s)
    -------------------------------------------------  -------------------
    SLICE_X29Y99.BQ      Tcko                  0.456   system_i/axi_timer_0/axi_timer_0/AXI4_LITE_I/I_SLAVE_ATTACHMENT/I_DECODER/Bus_RNW_reg
                                                       system_i/axi_timer_0/axi_timer_0/AXI4_LITE_I/I_SLAVE_ATTACHMENT/I_DECODER/Bus_RNW_reg
    SLICE_X31Y97.D2      net (fanout=98)       1.044   system_i/axi_timer_0/axi_timer_0/AXI4_LITE_I/I_SLAVE_ATTACHMENT/I_DECODER/Bus_RNW_reg
    SLICE_X31Y97.DMUX    Tilo                  0.358   system_i/axi_timer_0/axi_timer_0/TC_CORE_I/tCSR0_Reg[28]
                                                       system_i/axi_timer_0/axi_timer_0/AXI4_LITE_I/I_SLAVE_ATTACHMENT/rd_done1_SW0
    SLICE_X31Y97.C2      net (fanout=1)        0.848   system_i/axi_timer_0/N91
    SLICE_X31Y97.C       Tilo                  0.124   system_i/axi_timer_0/axi_timer_0/TC_CORE_I/tCSR0_Reg[28]
                                                       system_i/axi_timer_0/axi_timer_0/AXI4_LITE_I/I_SLAVE_ATTACHMENT/rd_done1
    SLICE_X29Y104.C2     net (fanout=4)        1.021   system_i/axi4lite_0_M_ARREADY
    SLICE_X29Y104.C      Tilo                  0.124   system_i/axi4lite_0_M_RDATA[31]
                                                       system_i/axi4lite_0/axi4lite_0/mi_protocol_conv_bank/gen_protocol_slot[0].gen_prot_conv.conv_inst/gen_axilite.gen_axilite_conv.axilite_conv_inst/_n011811_SW0
    SLICE_X29Y104.D4     net (fanout=1)        0.433   system_i/axi4lite_0/N19
    SLICE_X29Y104.D      Tilo                  0.124   system_i/axi4lite_0_M_RDATA[31]
                                                       system_i/axi4lite_0/axi4lite_0/crossbar_samd/gen_sasd.crossbar_sasd_0/gen_crossbar.mi_arready_mux_inst/O1
    SLICE_X28Y104.D3     net (fanout=3)        0.507   system_i/axi4lite_0/axi4lite_0/crossbar_samd/gen_sasd.crossbar_sasd_0/mi_arready_mux
    SLICE_X28Y104.D      Tilo                  0.124   system_i/axi4lite_0_M_RDATA[30]
                                                       system_i/axi4lite_0/axi4lite_0/crossbar_samd/gen_sasd.crossbar_sasd_0/gen_crossbar.splitter_ar/out1
    SLICE_X27Y104.A3     net (fanout=2)        0.668   system_i/axi4lite_0/axi4lite_0/crossbar_samd/gen_sasd.crossbar_sasd_0/aa_arready
    SLICE_X27Y104.CLK    Tas                   0.095   system_i/axi4lite_0/axi4lite_0/crossbar_samd/gen_sasd.crossbar_sasd_0/gen_crossbar.addr_arbiter_inst/m_valid_i
                                                       system_i/axi4lite_0/axi4lite_0/crossbar_samd/gen_sasd.crossbar_sasd_0/gen_crossbar.addr_arbiter_inst/m_valid_i_glue_set
                                                       system_i/axi4lite_0/axi4lite_0/crossbar_samd/gen_sasd.crossbar_sasd_0/gen_crossbar.addr_arbiter_inst/m_valid_i
    -------------------------------------------------  ---------------------------
    Total                                      5.926ns (1.405ns logic, 4.521ns route)
                                                       (23.7% logic, 76.3% route)

--------------------------------------------------------------------------------
Slack:                  14.064ns (requirement - (data path - clock path skew + uncertainty))
  Source:               system_i/axi_timer_0/axi_timer_0/AXI4_LITE_I/I_SLAVE_ATTACHMENT/I_DECODER/ce_out_i_1 (FF)
  Destination:          system_i/axi4lite_0/axi4lite_0/crossbar_samd/gen_sasd.crossbar_sasd_0/gen_crossbar.addr_arbiter_inst/m_grant_hot_i_0 (FF)
  Requirement:          20.000ns
  Data Path Delay:      5.910ns (Levels of Logic = 6)
  Clock Path Skew:      0.009ns (1.557 - 1.548)
  Source Clock:         system_i/processing_system7_0_FCLK_CLK0 rising at 0.000ns
  Destination Clock:    system_i/processing_system7_0_FCLK_CLK0 rising at 20.000ns
  Clock Uncertainty:    0.035ns

  Clock Uncertainty:          0.035ns  ((TSJ^2 + TIJ^2)^1/2 + DJ) / 2 + PE
    Total System Jitter (TSJ):  0.070ns
    Total Input Jitter (TIJ):   0.000ns
    Discrete Jitter (DJ):       0.000ns
    Phase Error (PE):           0.000ns

  Maximum Data Path at Slow Process Corner: system_i/axi_timer_0/axi_timer_0/AXI4_LITE_I/I_SLAVE_ATTACHMENT/I_DECODER/ce_out_i_1 to system_i/axi4lite_0/axi4lite_0/crossbar_samd/gen_sasd.crossbar_sasd_0/gen_crossbar.addr_arbiter_inst/m_grant_hot_i_0
    Location             Delay type         Delay(ns)  Physical Resource
                                                       Logical Resource(s)
    -------------------------------------------------  -------------------
    SLICE_X29Y98.BQ      Tcko                  0.456   system_i/axi_timer_0/axi_timer_0/AXI4_LITE_I/I_SLAVE_ATTACHMENT/I_DECODER/ce_out_i_4
                                                       system_i/axi_timer_0/axi_timer_0/AXI4_LITE_I/I_SLAVE_ATTACHMENT/I_DECODER/ce_out_i_1
    SLICE_X31Y97.D3      net (fanout=58)       0.735   system_i/axi_timer_0/axi_timer_0/AXI4_LITE_I/I_SLAVE_ATTACHMENT/I_DECODER/ce_out_i_1
    SLICE_X31Y97.D       Tilo                  0.124   system_i/axi_timer_0/axi_timer_0/TC_CORE_I/tCSR0_Reg[28]
                                                       system_i/axi_timer_0/axi_timer_0/AXI4_LITE_I/I_SLAVE_ATTACHMENT/wr_done1_SW0
    SLICE_X31Y97.B1      net (fanout=1)        0.667   system_i/axi_timer_0/N89
    SLICE_X31Y97.B       Tilo                  0.124   system_i/axi_timer_0/axi_timer_0/TC_CORE_I/tCSR0_Reg[28]
                                                       system_i/axi_timer_0/axi_timer_0/AXI4_LITE_I/I_SLAVE_ATTACHMENT/wr_done1
    SLICE_X30Y101.C1     net (fanout=6)        1.126   system_i/axi4lite_0_M_AWREADY
    SLICE_X30Y101.C      Tilo                  0.124   system_i/axi4lite_0/N14
                                                       system_i/axi4lite_0/axi4lite_0/mi_protocol_conv_bank/gen_protocol_slot[0].gen_prot_conv.conv_inst/gen_axilite.gen_axilite_conv.axilite_conv_inst/_n011611_SW0
    SLICE_X28Y102.CX     net (fanout=1)        0.464   system_i/axi4lite_0/N14
    SLICE_X28Y102.CMUX   Tcxc                  0.470   system_i/axi4lite_0/N15
                                                       system_i/axi4lite_0/axi4lite_0/crossbar_samd/gen_sasd.crossbar_sasd_0/gen_crossbar.mi_awready_mux_inst/O1
    SLICE_X27Y105.D1     net (fanout=4)        1.128   system_i/axi4lite_0/axi4lite_0/crossbar_samd/gen_sasd.crossbar_sasd_0/mi_awready_mux
    SLICE_X27Y105.D      Tilo                  0.124   system_i/axi4lite_0/axi4lite_0/crossbar_samd/gen_sasd.crossbar_sasd_0/gen_crossbar.addr_arbiter_inst/m_grant_hot_i_0
                                                       system_i/axi4lite_0/axi4lite_0/crossbar_samd/gen_sasd.crossbar_sasd_0/gen_crossbar.splitter_aw/out1
    SLICE_X27Y105.C5     net (fanout=2)        0.275   system_i/axi4lite_0/axi4lite_0/crossbar_samd/gen_sasd.crossbar_sasd_0/aa_awready
    SLICE_X27Y105.CLK    Tas                   0.093   system_i/axi4lite_0/axi4lite_0/crossbar_samd/gen_sasd.crossbar_sasd_0/gen_crossbar.addr_arbiter_inst/m_grant_hot_i_0
                                                       system_i/axi4lite_0/axi4lite_0/crossbar_samd/gen_sasd.crossbar_sasd_0/gen_crossbar.addr_arbiter_inst/m_grant_hot_i_0_glue_set
                                                       system_i/axi4lite_0/axi4lite_0/crossbar_samd/gen_sasd.crossbar_sasd_0/gen_crossbar.addr_arbiter_inst/m_grant_hot_i_0
    -------------------------------------------------  ---------------------------
    Total                                      5.910ns (1.515ns logic, 4.395ns route)
                                                       (25.6% logic, 74.4% route)

--------------------------------------------------------------------------------

Component Switching Limit Checks: TS_clk_fpga_0 = PERIOD TIMEGRP "clk_fpga_0" 50 MHz HIGH 50%;
--------------------------------------------------------------------------------
Slack: 19.000ns (period - (min low pulse limit / (low pulse / period)))
  Period: 20.000ns
  Low pulse: 10.000ns
  Low pulse limit: 0.500ns (Tcl)
  Physical resource: system_i/axi_timer_0/axi_timer_0/TC_CORE_I/counterReg_DBus[29]/CLK
  Logical resource: system_i/axi_timer_0/axi_timer_0/TC_CORE_I/COUNTER_0_I/COUNTER_I/STRUCTURAL_A_GEN.I_ADDSUB_GEN[0].FDRE_I/CK
  Location pin: SLICE_X32Y94.CLK
  Clock network: system_i/processing_system7_0_FCLK_CLK0
--------------------------------------------------------------------------------
Slack: 19.000ns (period - (min high pulse limit / (high pulse / period)))
  Period: 20.000ns
  High pulse: 10.000ns
  High pulse limit: 0.500ns (Tch)
  Physical resource: system_i/axi_timer_0/axi_timer_0/TC_CORE_I/counterReg_DBus[29]/CLK
  Logical resource: system_i/axi_timer_0/axi_timer_0/TC_CORE_I/COUNTER_0_I/COUNTER_I/STRUCTURAL_A_GEN.I_ADDSUB_GEN[0].FDRE_I/CK
  Location pin: SLICE_X32Y94.CLK
  Clock network: system_i/processing_system7_0_FCLK_CLK0
--------------------------------------------------------------------------------
Slack: 19.000ns (period - min period limit)
  Period: 20.000ns
  Min period limit: 1.000ns (1000.000MHz) (Tcp)
  Physical resource: system_i/axi_timer_0/axi_timer_0/TC_CORE_I/counterReg_DBus[29]/CLK
  Logical resource: system_i/axi_timer_0/axi_timer_0/TC_CORE_I/COUNTER_0_I/COUNTER_I/STRUCTURAL_A_GEN.I_ADDSUB_GEN[0].FDRE_I/CK
  Location pin: SLICE_X32Y94.CLK
  Clock network: system_i/processing_system7_0_FCLK_CLK0
--------------------------------------------------------------------------------
Slack: 19.000ns (period - (min low pulse limit / (low pulse / period)))
  Period: 20.000ns
  Low pulse: 10.000ns
  Low pulse limit: 0.500ns (Tcl)
  Physical resource: system_i/axi_timer_0/axi_timer_0/TC_CORE_I/counterReg_DBus[29]/CLK
  Logical resource: system_i/axi_timer_0/axi_timer_0/TC_CORE_I/COUNTER_0_I/COUNTER_I/STRUCTURAL_A_GEN.I_ADDSUB_GEN[1].FDRE_I/CK
  Location pin: SLICE_X32Y94.CLK
  Clock network: system_i/processing_system7_0_FCLK_CLK0
--------------------------------------------------------------------------------
Slack: 19.000ns (period - (min high pulse limit / (high pulse / period)))
  Period: 20.000ns
  High pulse: 10.000ns
  High pulse limit: 0.500ns (Tch)
  Physical resource: system_i/axi_timer_0/axi_timer_0/TC_CORE_I/counterReg_DBus[29]/CLK
  Logical resource: system_i/axi_timer_0/axi_timer_0/TC_CORE_I/COUNTER_0_I/COUNTER_I/STRUCTURAL_A_GEN.I_ADDSUB_GEN[1].FDRE_I/CK
  Location pin: SLICE_X32Y94.CLK
  Clock network: system_i/processing_system7_0_FCLK_CLK0
--------------------------------------------------------------------------------
Slack: 19.000ns (period - min period limit)
  Period: 20.000ns
  Min period limit: 1.000ns (1000.000MHz) (Tcp)
  Physical resource: system_i/axi_timer_0/axi_timer_0/TC_CORE_I/counterReg_DBus[29]/CLK
  Logical resource: system_i/axi_timer_0/axi_timer_0/TC_CORE_I/COUNTER_0_I/COUNTER_I/STRUCTURAL_A_GEN.I_ADDSUB_GEN[1].FDRE_I/CK
  Location pin: SLICE_X32Y94.CLK
  Clock network: system_i/processing_system7_0_FCLK_CLK0
--------------------------------------------------------------------------------
Slack: 19.000ns (period - (min low pulse limit / (low pulse / period)))
  Period: 20.000ns
  Low pulse: 10.000ns
  Low pulse limit: 0.500ns (Tcl)
  Physical resource: system_i/axi_timer_0/axi_timer_0/TC_CORE_I/counterReg_DBus[29]/CLK
  Logical resource: system_i/axi_timer_0/axi_timer_0/TC_CORE_I/COUNTER_0_I/COUNTER_I/STRUCTURAL_A_GEN.I_ADDSUB_GEN[2].FDRE_I/CK
  Location pin: SLICE_X32Y94.CLK
  Clock network: system_i/processing_system7_0_FCLK_CLK0
--------------------------------------------------------------------------------
Slack: 19.000ns (period - (min high pulse limit / (high pulse / period)))
  Period: 20.000ns
  High pulse: 10.000ns
  High pulse limit: 0.500ns (Tch)
  Physical resource: system_i/axi_timer_0/axi_timer_0/TC_CORE_I/counterReg_DBus[29]/CLK
  Logical resource: system_i/axi_timer_0/axi_timer_0/TC_CORE_I/COUNTER_0_I/COUNTER_I/STRUCTURAL_A_GEN.I_ADDSUB_GEN[2].FDRE_I/CK
  Location pin: SLICE_X32Y94.CLK
  Clock network: system_i/processing_system7_0_FCLK_CLK0
--------------------------------------------------------------------------------
Slack: 19.000ns (period - min period limit)
  Period: 20.000ns
  Min period limit: 1.000ns (1000.000MHz) (Tcp)
  Physical resource: system_i/axi_timer_0/axi_timer_0/TC_CORE_I/counterReg_DBus[29]/CLK
  Logical resource: system_i/axi_timer_0/axi_timer_0/TC_CORE_I/COUNTER_0_I/COUNTER_I/STRUCTURAL_A_GEN.I_ADDSUB_GEN[2].FDRE_I/CK
  Location pin: SLICE_X32Y94.CLK
  Clock network: system_i/processing_system7_0_FCLK_CLK0
--------------------------------------------------------------------------------
Slack: 19.000ns (period - (min low pulse limit / (low pulse / period)))
  Period: 20.000ns
  Low pulse: 10.000ns
  Low pulse limit: 0.500ns (Tcl)
  Physical resource: system_i/axi_timer_0/axi_timer_0/TC_CORE_I/counterReg_DBus[25]/CLK
  Logical resource: system_i/axi_timer_0/axi_timer_0/TC_CORE_I/COUNTER_0_I/COUNTER_I/STRUCTURAL_A_GEN.I_ADDSUB_GEN[3].FDRE_I/CK
  Location pin: SLICE_X32Y95.CLK
  Clock network: system_i/processing_system7_0_FCLK_CLK0
--------------------------------------------------------------------------------
Slack: 19.000ns (period - (min high pulse limit / (high pulse / period)))
  Period: 20.000ns
  High pulse: 10.000ns
  High pulse limit: 0.500ns (Tch)
  Physical resource: system_i/axi_timer_0/axi_timer_0/TC_CORE_I/counterReg_DBus[25]/CLK
  Logical resource: system_i/axi_timer_0/axi_timer_0/TC_CORE_I/COUNTER_0_I/COUNTER_I/STRUCTURAL_A_GEN.I_ADDSUB_GEN[3].FDRE_I/CK
  Location pin: SLICE_X32Y95.CLK
  Clock network: system_i/processing_system7_0_FCLK_CLK0
--------------------------------------------------------------------------------
Slack: 19.000ns (period - min period limit)
  Period: 20.000ns
  Min period limit: 1.000ns (1000.000MHz) (Tcp)
  Physical resource: system_i/axi_timer_0/axi_timer_0/TC_CORE_I/counterReg_DBus[25]/CLK
  Logical resource: system_i/axi_timer_0/axi_timer_0/TC_CORE_I/COUNTER_0_I/COUNTER_I/STRUCTURAL_A_GEN.I_ADDSUB_GEN[3].FDRE_I/CK
  Location pin: SLICE_X32Y95.CLK
  Clock network: system_i/processing_system7_0_FCLK_CLK0
--------------------------------------------------------------------------------
Slack: 19.000ns (period - (min low pulse limit / (low pulse / period)))
  Period: 20.000ns
  Low pulse: 10.000ns
  Low pulse limit: 0.500ns (Tcl)
  Physical resource: system_i/axi_timer_0/axi_timer_0/TC_CORE_I/counterReg_DBus[25]/CLK
  Logical resource: system_i/axi_timer_0/axi_timer_0/TC_CORE_I/COUNTER_0_I/COUNTER_I/STRUCTURAL_A_GEN.I_ADDSUB_GEN[4].FDRE_I/CK
  Location pin: SLICE_X32Y95.CLK
  Clock network: system_i/processing_system7_0_FCLK_CLK0
--------------------------------------------------------------------------------
Slack: 19.000ns (period - (min high pulse limit / (high pulse / period)))
  Period: 20.000ns
  High pulse: 10.000ns
  High pulse limit: 0.500ns (Tch)
  Physical resource: system_i/axi_timer_0/axi_timer_0/TC_CORE_I/counterReg_DBus[25]/CLK
  Logical resource: system_i/axi_timer_0/axi_timer_0/TC_CORE_I/COUNTER_0_I/COUNTER_I/STRUCTURAL_A_GEN.I_ADDSUB_GEN[4].FDRE_I/CK
  Location pin: SLICE_X32Y95.CLK
  Clock network: system_i/processing_system7_0_FCLK_CLK0
--------------------------------------------------------------------------------
Slack: 19.000ns (period - min period limit)
  Period: 20.000ns
  Min period limit: 1.000ns (1000.000MHz) (Tcp)
  Physical resource: system_i/axi_timer_0/axi_timer_0/TC_CORE_I/counterReg_DBus[25]/CLK
  Logical resource: system_i/axi_timer_0/axi_timer_0/TC_CORE_I/COUNTER_0_I/COUNTER_I/STRUCTURAL_A_GEN.I_ADDSUB_GEN[4].FDRE_I/CK
  Location pin: SLICE_X32Y95.CLK
  Clock network: system_i/processing_system7_0_FCLK_CLK0
--------------------------------------------------------------------------------
Slack: 19.000ns (period - (min low pulse limit / (low pulse / period)))
  Period: 20.000ns
  Low pulse: 10.000ns
  Low pulse limit: 0.500ns (Tcl)
  Physical resource: system_i/axi_timer_0/axi_timer_0/TC_CORE_I/counterReg_DBus[25]/CLK
  Logical resource: system_i/axi_timer_0/axi_timer_0/TC_CORE_I/COUNTER_0_I/COUNTER_I/STRUCTURAL_A_GEN.I_ADDSUB_GEN[5].FDRE_I/CK
  Location pin: SLICE_X32Y95.CLK
  Clock network: system_i/processing_system7_0_FCLK_CLK0
--------------------------------------------------------------------------------
Slack: 19.000ns (period - (min high pulse limit / (high pulse / period)))
  Period: 20.000ns
  High pulse: 10.000ns
  High pulse limit: 0.500ns (Tch)
  Physical resource: system_i/axi_timer_0/axi_timer_0/TC_CORE_I/counterReg_DBus[25]/CLK
  Logical resource: system_i/axi_timer_0/axi_timer_0/TC_CORE_I/COUNTER_0_I/COUNTER_I/STRUCTURAL_A_GEN.I_ADDSUB_GEN[5].FDRE_I/CK
  Location pin: SLICE_X32Y95.CLK
  Clock network: system_i/processing_system7_0_FCLK_CLK0
--------------------------------------------------------------------------------
Slack: 19.000ns (period - min period limit)
  Period: 20.000ns
  Min period limit: 1.000ns (1000.000MHz) (Tcp)
  Physical resource: system_i/axi_timer_0/axi_timer_0/TC_CORE_I/counterReg_DBus[25]/CLK
  Logical resource: system_i/axi_timer_0/axi_timer_0/TC_CORE_I/COUNTER_0_I/COUNTER_I/STRUCTURAL_A_GEN.I_ADDSUB_GEN[5].FDRE_I/CK
  Location pin: SLICE_X32Y95.CLK
  Clock network: system_i/processing_system7_0_FCLK_CLK0
--------------------------------------------------------------------------------
Slack: 19.000ns (period - (min low pulse limit / (low pulse / period)))
  Period: 20.000ns
  Low pulse: 10.000ns
  Low pulse limit: 0.500ns (Tcl)
  Physical resource: system_i/axi_timer_0/axi_timer_0/TC_CORE_I/counterReg_DBus[25]/CLK
  Logical resource: system_i/axi_timer_0/axi_timer_0/TC_CORE_I/COUNTER_0_I/COUNTER_I/STRUCTURAL_A_GEN.I_ADDSUB_GEN[6].FDRE_I/CK
  Location pin: SLICE_X32Y95.CLK
  Clock network: system_i/processing_system7_0_FCLK_CLK0
--------------------------------------------------------------------------------
Slack: 19.000ns (period - (min high pulse limit / (high pulse / period)))
  Period: 20.000ns
  High pulse: 10.000ns
  High pulse limit: 0.500ns (Tch)
  Physical resource: system_i/axi_timer_0/axi_timer_0/TC_CORE_I/counterReg_DBus[25]/CLK
  Logical resource: system_i/axi_timer_0/axi_timer_0/TC_CORE_I/COUNTER_0_I/COUNTER_I/STRUCTURAL_A_GEN.I_ADDSUB_GEN[6].FDRE_I/CK
  Location pin: SLICE_X32Y95.CLK
  Clock network: system_i/processing_system7_0_FCLK_CLK0
--------------------------------------------------------------------------------
Slack: 19.000ns (period - min period limit)
  Period: 20.000ns
  Min period limit: 1.000ns (1000.000MHz) (Tcp)
  Physical resource: system_i/axi_timer_0/axi_timer_0/TC_CORE_I/counterReg_DBus[25]/CLK
  Logical resource: system_i/axi_timer_0/axi_timer_0/TC_CORE_I/COUNTER_0_I/COUNTER_I/STRUCTURAL_A_GEN.I_ADDSUB_GEN[6].FDRE_I/CK
  Location pin: SLICE_X32Y95.CLK
  Clock network: system_i/processing_system7_0_FCLK_CLK0
--------------------------------------------------------------------------------
Slack: 19.000ns (period - (min low pulse limit / (low pulse / period)))
  Period: 20.000ns
  Low pulse: 10.000ns
  Low pulse limit: 0.500ns (Tcl)
  Physical resource: system_i/axi_timer_0/axi_timer_0/TC_CORE_I/counterReg_DBus[21]/CLK
  Logical resource: system_i/axi_timer_0/axi_timer_0/TC_CORE_I/COUNTER_0_I/COUNTER_I/STRUCTURAL_A_GEN.I_ADDSUB_GEN[7].FDRE_I/CK
  Location pin: SLICE_X32Y96.CLK
  Clock network: system_i/processing_system7_0_FCLK_CLK0
--------------------------------------------------------------------------------
Slack: 19.000ns (period - (min high pulse limit / (high pulse / period)))
  Period: 20.000ns
  High pulse: 10.000ns
  High pulse limit: 0.500ns (Tch)
  Physical resource: system_i/axi_timer_0/axi_timer_0/TC_CORE_I/counterReg_DBus[21]/CLK
  Logical resource: system_i/axi_timer_0/axi_timer_0/TC_CORE_I/COUNTER_0_I/COUNTER_I/STRUCTURAL_A_GEN.I_ADDSUB_GEN[7].FDRE_I/CK
  Location pin: SLICE_X32Y96.CLK
  Clock network: system_i/processing_system7_0_FCLK_CLK0
--------------------------------------------------------------------------------
Slack: 19.000ns (period - min period limit)
  Period: 20.000ns
  Min period limit: 1.000ns (1000.000MHz) (Tcp)
  Physical resource: system_i/axi_timer_0/axi_timer_0/TC_CORE_I/counterReg_DBus[21]/CLK
  Logical resource: system_i/axi_timer_0/axi_timer_0/TC_CORE_I/COUNTER_0_I/COUNTER_I/STRUCTURAL_A_GEN.I_ADDSUB_GEN[7].FDRE_I/CK
  Location pin: SLICE_X32Y96.CLK
  Clock network: system_i/processing_system7_0_FCLK_CLK0
--------------------------------------------------------------------------------
Slack: 19.000ns (period - (min low pulse limit / (low pulse / period)))
  Period: 20.000ns
  Low pulse: 10.000ns
  Low pulse limit: 0.500ns (Tcl)
  Physical resource: system_i/axi_timer_0/axi_timer_0/TC_CORE_I/counterReg_DBus[21]/CLK
  Logical resource: system_i/axi_timer_0/axi_timer_0/TC_CORE_I/COUNTER_0_I/COUNTER_I/STRUCTURAL_A_GEN.I_ADDSUB_GEN[8].FDRE_I/CK
  Location pin: SLICE_X32Y96.CLK
  Clock network: system_i/processing_system7_0_FCLK_CLK0
--------------------------------------------------------------------------------
Slack: 19.000ns (period - (min high pulse limit / (high pulse / period)))
  Period: 20.000ns
  High pulse: 10.000ns
  High pulse limit: 0.500ns (Tch)
  Physical resource: system_i/axi_timer_0/axi_timer_0/TC_CORE_I/counterReg_DBus[21]/CLK
  Logical resource: system_i/axi_timer_0/axi_timer_0/TC_CORE_I/COUNTER_0_I/COUNTER_I/STRUCTURAL_A_GEN.I_ADDSUB_GEN[8].FDRE_I/CK
  Location pin: SLICE_X32Y96.CLK
  Clock network: system_i/processing_system7_0_FCLK_CLK0
--------------------------------------------------------------------------------
Slack: 19.000ns (period - min period limit)
  Period: 20.000ns
  Min period limit: 1.000ns (1000.000MHz) (Tcp)
  Physical resource: system_i/axi_timer_0/axi_timer_0/TC_CORE_I/counterReg_DBus[21]/CLK
  Logical resource: system_i/axi_timer_0/axi_timer_0/TC_CORE_I/COUNTER_0_I/COUNTER_I/STRUCTURAL_A_GEN.I_ADDSUB_GEN[8].FDRE_I/CK
  Location pin: SLICE_X32Y96.CLK
  Clock network: system_i/processing_system7_0_FCLK_CLK0
--------------------------------------------------------------------------------
Slack: 19.000ns (period - (min low pulse limit / (low pulse / period)))
  Period: 20.000ns
  Low pulse: 10.000ns
  Low pulse limit: 0.500ns (Tcl)
  Physical resource: system_i/axi_timer_0/axi_timer_0/TC_CORE_I/counterReg_DBus[21]/CLK
  Logical resource: system_i/axi_timer_0/axi_timer_0/TC_CORE_I/COUNTER_0_I/COUNTER_I/STRUCTURAL_A_GEN.I_ADDSUB_GEN[9].FDRE_I/CK
  Location pin: SLICE_X32Y96.CLK
  Clock network: system_i/processing_system7_0_FCLK_CLK0
--------------------------------------------------------------------------------
Slack: 19.000ns (period - (min high pulse limit / (high pulse / period)))
  Period: 20.000ns
  High pulse: 10.000ns
  High pulse limit: 0.500ns (Tch)
  Physical resource: system_i/axi_timer_0/axi_timer_0/TC_CORE_I/counterReg_DBus[21]/CLK
  Logical resource: system_i/axi_timer_0/axi_timer_0/TC_CORE_I/COUNTER_0_I/COUNTER_I/STRUCTURAL_A_GEN.I_ADDSUB_GEN[9].FDRE_I/CK
  Location pin: SLICE_X32Y96.CLK
  Clock network: system_i/processing_system7_0_FCLK_CLK0
--------------------------------------------------------------------------------
Slack: 19.000ns (period - min period limit)
  Period: 20.000ns
  Min period limit: 1.000ns (1000.000MHz) (Tcp)
  Physical resource: system_i/axi_timer_0/axi_timer_0/TC_CORE_I/counterReg_DBus[21]/CLK
  Logical resource: system_i/axi_timer_0/axi_timer_0/TC_CORE_I/COUNTER_0_I/COUNTER_I/STRUCTURAL_A_GEN.I_ADDSUB_GEN[9].FDRE_I/CK
  Location pin: SLICE_X32Y96.CLK
  Clock network: system_i/processing_system7_0_FCLK_CLK0
--------------------------------------------------------------------------------


All constraints were met.


Data Sheet report:
-----------------
No constraints were found to generate data for the Data Sheet Report section.
Use the Advanced Analysis (-a) option or generate global constraints for each
clock, its pad to setup and clock to pad paths, and a pad to pad constraint.

Timing summary:
---------------

Timing errors: 0  Score: 0  (Setup/Max: 0, Hold: 0)

Constraints cover 22288 paths, 0 nets, and 2422 connections

Design statistics:
   Minimum period:   6.877ns{1}   (Maximum frequency: 145.412MHz)


------------------------------------Footnotes-----------------------------------
1)  The minimum period statistic assumes all single cycle delays.

Analysis completed Thu Mar 26 16:03:14 2026 
--------------------------------------------------------------------------------

Trace Settings:
-------------------------
Trace Settings 

Peak Memory Usage: 778 MB



