--------------------------------------------------------------------------------
Release 14.7 Trace  (lin64)
Copyright (c) 1995-2013 Xilinx, Inc.  All rights reserved.

/nfs/sw_cmc/x86_64.EL7/tools/xilinx_14.7/14.7/ISE_DS/ISE/bin/lin64/unwrapped/trce
-intstyle ise -o system_stub.twr -v 30 -l 30 system_stub_routed.ncd
system_stub.pcf

Design file:              system_stub_routed.ncd
Physical constraint file: system_stub.pcf
Device,package,speed:     xc7z020,clg484,C,-1 (PRODUCTION 1.08 2013-10-13)
Report level:             verbose report, limited to 30 items per constraint

Environment Variable      Effect 
--------------------      ------ 
NONE                      No environment variables were set
--------------------------------------------------------------------------------

INFO:Timing:3386 - Intersecting Constraints found and resolved.  For more 
   information, see the TSI report.  Please consult the Xilinx Command Line 
   Tools User Guide for information on generating a TSI report.
INFO:Timing:3412 - To improve timing, see the Timing Closure User Guide (UG612).
INFO:Timing:2752 - To get complete path coverage, use the unconstrained paths 
   option. All paths that are not constrained will be reported in the 
   unconstrained paths section(s) of the report.
INFO:Timing:3339 - The clock-to-out numbers in this timing report are based on 
   a 50 Ohm transmission line loading model.  For the details of this model, 
   and for more information on accounting for different loading conditions, 
   please see the device datasheet.

================================================================================
Timing constraint: TS_clk_fpga_0 = PERIOD TIMEGRP "clk_fpga_0" 50 MHz HIGH 50%;
For more information, see Period Analysis in the Timing Closure User Guide (UG612).

 16797 paths analyzed, 2367 endpoints analyzed, 0 failing endpoints
 0 timing errors detected. (0 setup errors, 0 hold errors, 0 component switching limit errors)
 Minimum period is   7.124ns.
--------------------------------------------------------------------------------
Slack:                  12.876ns (requirement - (data path - clock path skew + uncertainty))
  Source:               system_i/axi_gpio_for_output/axi_gpio_for_output/AXI_LITE_IPIF_I/I_SLAVE_ATTACHMENT/INCLUDE_DPHASE_TIMER.dpto_cnt_3 (FF)
  Destination:          system_i/axi_interconnect_1/axi_interconnect_1/crossbar_samd/gen_sasd.crossbar_sasd_0/gen_crossbar.addr_arbiter_inst/m_valid_i_1 (FF)
  Requirement:          20.000ns
  Data Path Delay:      6.751ns (Levels of Logic = 6)
  Clock Path Skew:      -0.338ns (1.342 - 1.680)
  Source Clock:         system_i/processing_system7_0_FCLK_CLK0 rising at 0.000ns
  Destination Clock:    system_i/processing_system7_0_FCLK_CLK0 rising at 20.000ns
  Clock Uncertainty:    0.035ns

  Clock Uncertainty:          0.035ns  ((TSJ^2 + TIJ^2)^1/2 + DJ) / 2 + PE
    Total System Jitter (TSJ):  0.070ns
    Total Input Jitter (TIJ):   0.000ns
    Discrete Jitter (DJ):       0.000ns
    Phase Error (PE):           0.000ns

  Maximum Data Path at Slow Process Corner: system_i/axi_gpio_for_output/axi_gpio_for_output/AXI_LITE_IPIF_I/I_SLAVE_ATTACHMENT/INCLUDE_DPHASE_TIMER.dpto_cnt_3 to system_i/axi_interconnect_1/axi_interconnect_1/crossbar_samd/gen_sasd.crossbar_sasd_0/gen_crossbar.addr_arbiter_inst/m_valid_i_1
    Location             Delay type         Delay(ns)  Physical Resource
                                                       Logical Resource(s)
    -------------------------------------------------  -------------------
    SLICE_X51Y100.CQ     Tcko                  0.456   system_i/axi_gpio_for_output/axi_gpio_for_output/AXI_LITE_IPIF_I/I_SLAVE_ATTACHMENT/INCLUDE_DPHASE_TIMER.dpto_cnt[3]
                                                       system_i/axi_gpio_for_output/axi_gpio_for_output/AXI_LITE_IPIF_I/I_SLAVE_ATTACHMENT/INCLUDE_DPHASE_TIMER.dpto_cnt_3
    SLICE_X48Y99.A4      net (fanout=7)        0.783   system_i/axi_gpio_for_output/axi_gpio_for_output/AXI_LITE_IPIF_I/I_SLAVE_ATTACHMENT/INCLUDE_DPHASE_TIMER.dpto_cnt[3]
    SLICE_X48Y99.AMUX    Tilo                  0.352   system_i/axi_gpio_for_output/axi_gpio_for_output/ip2bus_wrack_i_D1
                                                       system_i/axi_gpio_for_output/axi_gpio_for_output/AXI_LITE_IPIF_I/I_SLAVE_ATTACHMENT/wr_done1
    SLICE_X48Y99.B2      net (fanout=3)        0.865   system_i/axi_interconnect_1_M_AWREADY[1]
    SLICE_X48Y99.B       Tilo                  0.124   system_i/axi_gpio_for_output/axi_gpio_for_output/ip2bus_wrack_i_D1
                                                       system_i/axi_interconnect_1/axi_interconnect_1/crossbar_samd/gen_sasd.crossbar_sasd_0/gen_crossbar.mi_wready_mux_inst/o_i_SW0
    SLICE_X39Y99.C1      net (fanout=1)        1.123   system_i/axi_interconnect_1/N14
    SLICE_X39Y99.C       Tilo                  0.124   system_i/axi_interconnect_1/axi_interconnect_1/crossbar_samd/gen_sasd.crossbar_sasd_0/w_complete_mux
                                                       system_i/axi_interconnect_1/axi_interconnect_1/crossbar_samd/gen_sasd.crossbar_sasd_0/gen_crossbar.mi_wready_mux_inst/o_i
    SLICE_X39Y99.D4      net (fanout=4)        0.458   system_i/axi_interconnect_1/axi_interconnect_1/crossbar_samd/gen_sasd.crossbar_sasd_0/gen_crossbar.mi_wready_mux_inst/o_i
    SLICE_X39Y99.D       Tilo                  0.124   system_i/axi_interconnect_1/axi_interconnect_1/crossbar_samd/gen_sasd.crossbar_sasd_0/w_complete_mux
                                                       system_i/axi_interconnect_1/axi_interconnect_1/crossbar_samd/gen_sasd.crossbar_sasd_0/w_complete_mux1
    SLICE_X40Y100.C1     net (fanout=3)        0.842   system_i/axi_interconnect_1/axi_interconnect_1/crossbar_samd/gen_sasd.crossbar_sasd_0/w_complete_mux
    SLICE_X40Y100.C      Tilo                  0.124   system_i/axi_interconnect_1/axi_interconnect_1/crossbar_samd/gen_sasd.crossbar_sasd_0/gen_crossbar.addr_arbiter_inst/m_grant_hot_i_0
                                                       system_i/axi_interconnect_1/axi_interconnect_1/crossbar_samd/gen_sasd.crossbar_sasd_0/gen_crossbar.addr_arbiter_inst/m_valid_i_glue_set_SW2
    SLICE_X41Y100.D2     net (fanout=1)        0.658   system_i/axi_interconnect_1/N59
    SLICE_X41Y100.D      Tilo                  0.124   system_i/axi_interconnect_1/axi_interconnect_1/crossbar_samd/gen_sasd.crossbar_sasd_0/gen_crossbar.addr_arbiter_inst/m_valid_i
                                                       system_i/axi_interconnect_1/axi_interconnect_1/crossbar_samd/gen_sasd.crossbar_sasd_0/gen_crossbar.addr_arbiter_inst/m_valid_i_glue_set
    SLICE_X40Y99.AX      net (fanout=1)        0.527   system_i/axi_interconnect_1/axi_interconnect_1/crossbar_samd/gen_sasd.crossbar_sasd_0/gen_crossbar.addr_arbiter_inst/m_valid_i_glue_set
    SLICE_X40Y99.CLK     Tdick                 0.067   system_i/axi_interconnect_1/axi_interconnect_1/crossbar_samd/gen_sasd.crossbar_sasd_0/gen_crossbar.addr_arbiter_inst/m_valid_i_1
                                                       system_i/axi_interconnect_1/axi_interconnect_1/crossbar_samd/gen_sasd.crossbar_sasd_0/gen_crossbar.addr_arbiter_inst/m_valid_i_1
    -------------------------------------------------  ---------------------------
    Total                                      6.751ns (1.495ns logic, 5.256ns route)
                                                       (22.1% logic, 77.9% route)

--------------------------------------------------------------------------------
Slack:                  13.034ns (requirement - (data path - clock path skew + uncertainty))
  Source:               system_i/axi_gpio_for_output/axi_gpio_for_output/ip2bus_wrack_i_D1 (FF)
  Destination:          system_i/axi_interconnect_1/axi_interconnect_1/crossbar_samd/gen_sasd.crossbar_sasd_0/gen_crossbar.addr_arbiter_inst/m_valid_i_1 (FF)
  Requirement:          20.000ns
  Data Path Delay:      6.874ns (Levels of Logic = 6)
  Clock Path Skew:      -0.057ns (0.772 - 0.829)
  Source Clock:         system_i/processing_system7_0_FCLK_CLK0 rising at 0.000ns
  Destination Clock:    system_i/processing_system7_0_FCLK_CLK0 rising at 20.000ns
  Clock Uncertainty:    0.035ns

  Clock Uncertainty:          0.035ns  ((TSJ^2 + TIJ^2)^1/2 + DJ) / 2 + PE
    Total System Jitter (TSJ):  0.070ns
    Total Input Jitter (TIJ):   0.000ns
    Discrete Jitter (DJ):       0.000ns
    Phase Error (PE):           0.000ns

  Maximum Data Path at Slow Process Corner: system_i/axi_gpio_for_output/axi_gpio_for_output/ip2bus_wrack_i_D1 to system_i/axi_interconnect_1/axi_interconnect_1/crossbar_samd/gen_sasd.crossbar_sasd_0/gen_crossbar.addr_arbiter_inst/m_valid_i_1
    Location             Delay type         Delay(ns)  Physical Resource
                                                       Logical Resource(s)
    -------------------------------------------------  -------------------
    SLICE_X48Y99.CQ      Tcko                  0.456   system_i/axi_gpio_for_output/axi_gpio_for_output/ip2bus_wrack_i_D1
                                                       system_i/axi_gpio_for_output/axi_gpio_for_output/ip2bus_wrack_i_D1
    SLICE_X48Y99.A1      net (fanout=4)        0.904   system_i/axi_gpio_for_output/axi_gpio_for_output/ip2bus_wrack_i_D1
    SLICE_X48Y99.AMUX    Tilo                  0.354   system_i/axi_gpio_for_output/axi_gpio_for_output/ip2bus_wrack_i_D1
                                                       system_i/axi_gpio_for_output/axi_gpio_for_output/AXI_LITE_IPIF_I/I_SLAVE_ATTACHMENT/wr_done1
    SLICE_X48Y99.B2      net (fanout=3)        0.865   system_i/axi_interconnect_1_M_AWREADY[1]
    SLICE_X48Y99.B       Tilo                  0.124   system_i/axi_gpio_for_output/axi_gpio_for_output/ip2bus_wrack_i_D1
                                                       system_i/axi_interconnect_1/axi_interconnect_1/crossbar_samd/gen_sasd.crossbar_sasd_0/gen_crossbar.mi_wready_mux_inst/o_i_SW0
    SLICE_X39Y99.C1      net (fanout=1)        1.123   system_i/axi_interconnect_1/N14
    SLICE_X39Y99.C       Tilo                  0.124   system_i/axi_interconnect_1/axi_interconnect_1/crossbar_samd/gen_sasd.crossbar_sasd_0/w_complete_mux
                                                       system_i/axi_interconnect_1/axi_interconnect_1/crossbar_samd/gen_sasd.crossbar_sasd_0/gen_crossbar.mi_wready_mux_inst/o_i
    SLICE_X39Y99.D4      net (fanout=4)        0.458   system_i/axi_interconnect_1/axi_interconnect_1/crossbar_samd/gen_sasd.crossbar_sasd_0/gen_crossbar.mi_wready_mux_inst/o_i
    SLICE_X39Y99.D       Tilo                  0.124   system_i/axi_interconnect_1/axi_interconnect_1/crossbar_samd/gen_sasd.crossbar_sasd_0/w_complete_mux
                                                       system_i/axi_interconnect_1/axi_interconnect_1/crossbar_samd/gen_sasd.crossbar_sasd_0/w_complete_mux1
    SLICE_X40Y100.C1     net (fanout=3)        0.842   system_i/axi_interconnect_1/axi_interconnect_1/crossbar_samd/gen_sasd.crossbar_sasd_0/w_complete_mux
    SLICE_X40Y100.C      Tilo                  0.124   system_i/axi_interconnect_1/axi_interconnect_1/crossbar_samd/gen_sasd.crossbar_sasd_0/gen_crossbar.addr_arbiter_inst/m_grant_hot_i_0
                                                       system_i/axi_interconnect_1/axi_interconnect_1/crossbar_samd/gen_sasd.crossbar_sasd_0/gen_crossbar.addr_arbiter_inst/m_valid_i_glue_set_SW2
    SLICE_X41Y100.D2     net (fanout=1)        0.658   system_i/axi_interconnect_1/N59
    SLICE_X41Y100.D      Tilo                  0.124   system_i/axi_interconnect_1/axi_interconnect_1/crossbar_samd/gen_sasd.crossbar_sasd_0/gen_crossbar.addr_arbiter_inst/m_valid_i
                                                       system_i/axi_interconnect_1/axi_interconnect_1/crossbar_samd/gen_sasd.crossbar_sasd_0/gen_crossbar.addr_arbiter_inst/m_valid_i_glue_set
    SLICE_X40Y99.AX      net (fanout=1)        0.527   system_i/axi_interconnect_1/axi_interconnect_1/crossbar_samd/gen_sasd.crossbar_sasd_0/gen_crossbar.addr_arbiter_inst/m_valid_i_glue_set
    SLICE_X40Y99.CLK     Tdick                 0.067   system_i/axi_interconnect_1/axi_interconnect_1/crossbar_samd/gen_sasd.crossbar_sasd_0/gen_crossbar.addr_arbiter_inst/m_valid_i_1
                                                       system_i/axi_interconnect_1/axi_interconnect_1/crossbar_samd/gen_sasd.crossbar_sasd_0/gen_crossbar.addr_arbiter_inst/m_valid_i_1
    -------------------------------------------------  ---------------------------
    Total                                      6.874ns (1.497ns logic, 5.377ns route)
                                                       (21.8% logic, 78.2% route)

--------------------------------------------------------------------------------
Slack:                  13.084ns (requirement - (data path - clock path skew + uncertainty))
  Source:               system_i/axi_gpio_for_output/axi_gpio_for_output/AXI_LITE_IPIF_I/I_SLAVE_ATTACHMENT/INCLUDE_DPHASE_TIMER.dpto_cnt_3 (FF)
  Destination:          system_i/processing_system7_0/processing_system7_0/PS7_i (OTHER)
  Requirement:          20.000ns
  Data Path Delay:      6.625ns (Levels of Logic = 4)
  Clock Path Skew:      -0.256ns (1.424 - 1.680)
  Source Clock:         system_i/processing_system7_0_FCLK_CLK0 rising at 0.000ns
  Destination Clock:    system_i/processing_system7_0_FCLK_CLK0 rising at 20.000ns
  Clock Uncertainty:    0.035ns

  Clock Uncertainty:          0.035ns  ((TSJ^2 + TIJ^2)^1/2 + DJ) / 2 + PE
    Total System Jitter (TSJ):  0.070ns
    Total Input Jitter (TIJ):   0.000ns
    Discrete Jitter (DJ):       0.000ns
    Phase Error (PE):           0.000ns

  Maximum Data Path at Slow Process Corner: system_i/axi_gpio_for_output/axi_gpio_for_output/AXI_LITE_IPIF_I/I_SLAVE_ATTACHMENT/INCLUDE_DPHASE_TIMER.dpto_cnt_3 to system_i/processing_system7_0/processing_system7_0/PS7_i
    Location               Delay type         Delay(ns)  Physical Resource
                                                         Logical Resource(s)
    ---------------------------------------------------  -------------------
    SLICE_X51Y100.CQ       Tcko                  0.456   system_i/axi_gpio_for_output/axi_gpio_for_output/AXI_LITE_IPIF_I/I_SLAVE_ATTACHMENT/INCLUDE_DPHASE_TIMER.dpto_cnt[3]
                                                         system_i/axi_gpio_for_output/axi_gpio_for_output/AXI_LITE_IPIF_I/I_SLAVE_ATTACHMENT/INCLUDE_DPHASE_TIMER.dpto_cnt_3
    SLICE_X48Y99.A4        net (fanout=7)        0.783   system_i/axi_gpio_for_output/axi_gpio_for_output/AXI_LITE_IPIF_I/I_SLAVE_ATTACHMENT/INCLUDE_DPHASE_TIMER.dpto_cnt[3]
    SLICE_X48Y99.AMUX      Tilo                  0.352   system_i/axi_gpio_for_output/axi_gpio_for_output/ip2bus_wrack_i_D1
                                                         system_i/axi_gpio_for_output/axi_gpio_for_output/AXI_LITE_IPIF_I/I_SLAVE_ATTACHMENT/wr_done1
    SLICE_X48Y99.B2        net (fanout=3)        0.865   system_i/axi_interconnect_1_M_AWREADY[1]
    SLICE_X48Y99.B         Tilo                  0.124   system_i/axi_gpio_for_output/axi_gpio_for_output/ip2bus_wrack_i_D1
                                                         system_i/axi_interconnect_1/axi_interconnect_1/crossbar_samd/gen_sasd.crossbar_sasd_0/gen_crossbar.mi_wready_mux_inst/o_i_SW0
    SLICE_X39Y99.C1        net (fanout=1)        1.123   system_i/axi_interconnect_1/N14
    SLICE_X39Y99.C         Tilo                  0.124   system_i/axi_interconnect_1/axi_interconnect_1/crossbar_samd/gen_sasd.crossbar_sasd_0/w_complete_mux
                                                         system_i/axi_interconnect_1/axi_interconnect_1/crossbar_samd/gen_sasd.crossbar_sasd_0/gen_crossbar.mi_wready_mux_inst/o_i
    SLICE_X37Y100.A2       net (fanout=4)        0.832   system_i/axi_interconnect_1/axi_interconnect_1/crossbar_samd/gen_sasd.crossbar_sasd_0/gen_crossbar.mi_wready_mux_inst/o_i
    SLICE_X37Y100.A        Tilo                  0.124   system_i/axi_interconnect_1_S_BVALID
                                                         system_i/axi_interconnect_1/axi_interconnect_1/crossbar_samd/gen_sasd.crossbar_sasd_0/si_wready1
    PS7_X0Y0.MAXIGP0WREADY net (fanout=1)        0.959   system_i/axi_interconnect_1_S_WREADY
    PS7_X0Y0.MAXIGP0ACLK   Tpssdck_MAXIGP0WREADY  0.883   system_i/processing_system7_0/processing_system7_0/PS7_i
                                                         system_i/processing_system7_0/processing_system7_0/PS7_i
    ---------------------------------------------------  ---------------------------
    Total                                        6.625ns (2.063ns logic, 4.562ns route)
                                                         (31.1% logic, 68.9% route)

--------------------------------------------------------------------------------
Slack:                  13.242ns (requirement - (data path - clock path skew + uncertainty))
  Source:               system_i/axi_gpio_for_output/axi_gpio_for_output/ip2bus_wrack_i_D1 (FF)
  Destination:          system_i/processing_system7_0/processing_system7_0/PS7_i (OTHER)
  Requirement:          20.000ns
  Data Path Delay:      6.748ns (Levels of Logic = 4)
  Clock Path Skew:      0.025ns (0.854 - 0.829)
  Source Clock:         system_i/processing_system7_0_FCLK_CLK0 rising at 0.000ns
  Destination Clock:    system_i/processing_system7_0_FCLK_CLK0 rising at 20.000ns
  Clock Uncertainty:    0.035ns

  Clock Uncertainty:          0.035ns  ((TSJ^2 + TIJ^2)^1/2 + DJ) / 2 + PE
    Total System Jitter (TSJ):  0.070ns
    Total Input Jitter (TIJ):   0.000ns
    Discrete Jitter (DJ):       0.000ns
    Phase Error (PE):           0.000ns

  Maximum Data Path at Slow Process Corner: system_i/axi_gpio_for_output/axi_gpio_for_output/ip2bus_wrack_i_D1 to system_i/processing_system7_0/processing_system7_0/PS7_i
    Location               Delay type         Delay(ns)  Physical Resource
                                                         Logical Resource(s)
    ---------------------------------------------------  -------------------
    SLICE_X48Y99.CQ        Tcko                  0.456   system_i/axi_gpio_for_output/axi_gpio_for_output/ip2bus_wrack_i_D1
                                                         system_i/axi_gpio_for_output/axi_gpio_for_output/ip2bus_wrack_i_D1
    SLICE_X48Y99.A1        net (fanout=4)        0.904   system_i/axi_gpio_for_output/axi_gpio_for_output/ip2bus_wrack_i_D1
    SLICE_X48Y99.AMUX      Tilo                  0.354   system_i/axi_gpio_for_output/axi_gpio_for_output/ip2bus_wrack_i_D1
                                                         system_i/axi_gpio_for_output/axi_gpio_for_output/AXI_LITE_IPIF_I/I_SLAVE_ATTACHMENT/wr_done1
    SLICE_X48Y99.B2        net (fanout=3)        0.865   system_i/axi_interconnect_1_M_AWREADY[1]
    SLICE_X48Y99.B         Tilo                  0.124   system_i/axi_gpio_for_output/axi_gpio_for_output/ip2bus_wrack_i_D1
                                                         system_i/axi_interconnect_1/axi_interconnect_1/crossbar_samd/gen_sasd.crossbar_sasd_0/gen_crossbar.mi_wready_mux_inst/o_i_SW0
    SLICE_X39Y99.C1        net (fanout=1)        1.123   system_i/axi_interconnect_1/N14
    SLICE_X39Y99.C         Tilo                  0.124   system_i/axi_interconnect_1/axi_interconnect_1/crossbar_samd/gen_sasd.crossbar_sasd_0/w_complete_mux
                                                         system_i/axi_interconnect_1/axi_interconnect_1/crossbar_samd/gen_sasd.crossbar_sasd_0/gen_crossbar.mi_wready_mux_inst/o_i
    SLICE_X37Y100.A2       net (fanout=4)        0.832   system_i/axi_interconnect_1/axi_interconnect_1/crossbar_samd/gen_sasd.crossbar_sasd_0/gen_crossbar.mi_wready_mux_inst/o_i
    SLICE_X37Y100.A        Tilo                  0.124   system_i/axi_interconnect_1_S_BVALID
                                                         system_i/axi_interconnect_1/axi_interconnect_1/crossbar_samd/gen_sasd.crossbar_sasd_0/si_wready1
    PS7_X0Y0.MAXIGP0WREADY net (fanout=1)        0.959   system_i/axi_interconnect_1_S_WREADY
    PS7_X0Y0.MAXIGP0ACLK   Tpssdck_MAXIGP0WREADY  0.883   system_i/processing_system7_0/processing_system7_0/PS7_i
                                                         system_i/processing_system7_0/processing_system7_0/PS7_i
    ---------------------------------------------------  ---------------------------
    Total                                        6.748ns (2.065ns logic, 4.683ns route)
                                                         (30.6% logic, 69.4% route)

--------------------------------------------------------------------------------
Slack:                  13.348ns (requirement - (data path - clock path skew + uncertainty))
  Source:               system_i/axi_timer_0/axi_timer_0/AXI4_LITE_I/I_SLAVE_ATTACHMENT/I_DECODER/ce_out_i_4 (FF)
  Destination:          system_i/axi_interconnect_1/axi_interconnect_1/crossbar_samd/gen_sasd.crossbar_sasd_0/gen_crossbar.addr_arbiter_inst/m_valid_i_1 (FF)
  Requirement:          20.000ns
  Data Path Delay:      6.559ns (Levels of Logic = 7)
  Clock Path Skew:      -0.058ns (0.772 - 0.830)
  Source Clock:         system_i/processing_system7_0_FCLK_CLK0 rising at 0.000ns
  Destination Clock:    system_i/processing_system7_0_FCLK_CLK0 rising at 20.000ns
  Clock Uncertainty:    0.035ns

  Clock Uncertainty:          0.035ns  ((TSJ^2 + TIJ^2)^1/2 + DJ) / 2 + PE
    Total System Jitter (TSJ):  0.070ns
    Total Input Jitter (TIJ):   0.000ns
    Discrete Jitter (DJ):       0.000ns
    Phase Error (PE):           0.000ns

  Maximum Data Path at Slow Process Corner: system_i/axi_timer_0/axi_timer_0/AXI4_LITE_I/I_SLAVE_ATTACHMENT/I_DECODER/ce_out_i_4 to system_i/axi_interconnect_1/axi_interconnect_1/crossbar_samd/gen_sasd.crossbar_sasd_0/gen_crossbar.addr_arbiter_inst/m_valid_i_1
    Location             Delay type         Delay(ns)  Physical Resource
                                                       Logical Resource(s)
    -------------------------------------------------  -------------------
    SLICE_X34Y96.DQ      Tcko                  0.518   system_i/axi_timer_0/axi_timer_0/AXI4_LITE_I/I_SLAVE_ATTACHMENT/I_DECODER/ce_out_i_4
                                                       system_i/axi_timer_0/axi_timer_0/AXI4_LITE_I/I_SLAVE_ATTACHMENT/I_DECODER/ce_out_i_4
    SLICE_X38Y97.A1      net (fanout=7)        1.049   system_i/axi_timer_0/axi_timer_0/AXI4_LITE_I/I_SLAVE_ATTACHMENT/I_DECODER/ce_out_i_4
    SLICE_X38Y97.AMUX    Tilo                  0.354   system_i/axi_timer_0/axi_timer_0/AXI4_LITE_I/I_SLAVE_ATTACHMENT/I_DECODER/Bus_RNW_reg_1
                                                       system_i/axi_timer_0/axi_timer_0/AXI4_LITE_I/I_SLAVE_ATTACHMENT/rd_done1_SW0
    SLICE_X39Y97.A3      net (fanout=1)        0.647   system_i/axi_timer_0/N79
    SLICE_X39Y97.A       Tilo                  0.124   system_i/axi_interconnect_1/DEBUG_MC_MP_RDATACONTROL[0]
                                                       system_i/axi_timer_0/axi_timer_0/AXI4_LITE_I/I_SLAVE_ATTACHMENT/rd_done1
    SLICE_X39Y97.B5      net (fanout=4)        0.276   system_i/axi_interconnect_1_M_ARREADY[0]
    SLICE_X39Y97.BMUX    Tilo                  0.327   system_i/axi_interconnect_1/DEBUG_MC_MP_RDATACONTROL[0]
                                                       system_i/axi_interconnect_1/axi_interconnect_1/crossbar_samd/gen_sasd.crossbar_sasd_0/mi_arvalid<0>1_SW0
    SLICE_X42Y99.C5      net (fanout=1)        0.573   system_i/axi_interconnect_1/N41
    SLICE_X42Y99.C       Tilo                  0.124   system_i/axi_interconnect_1/N39
                                                       system_i/axi_interconnect_1/axi_interconnect_1/mi_protocol_conv_bank/gen_protocol_slot[0].gen_prot_conv.conv_inst/gen_axilite.gen_axilite_conv.axilite_conv_inst/S_AXI_ARREADY1
    SLICE_X42Y99.D4      net (fanout=2)        0.477   system_i/axi_interconnect_1/DEBUG_MC_MP_ARADDRCONTROL[1]
    SLICE_X42Y99.D       Tilo                  0.124   system_i/axi_interconnect_1/N39
                                                       system_i/axi_interconnect_1/axi_interconnect_1/crossbar_samd/gen_sasd.crossbar_sasd_0/gen_crossbar.splitter_ar/out1_SW0
    SLICE_X44Y100.A2     net (fanout=2)        0.817   system_i/axi_interconnect_1/N39
    SLICE_X44Y100.A      Tilo                  0.124   system_i/axi_interconnect_1/N58
                                                       system_i/axi_interconnect_1/axi_interconnect_1/crossbar_samd/gen_sasd.crossbar_sasd_0/gen_crossbar.addr_arbiter_inst/m_valid_i_glue_set_SW1
    SLICE_X41Y100.D6     net (fanout=1)        0.307   system_i/axi_interconnect_1/N58
    SLICE_X41Y100.D      Tilo                  0.124   system_i/axi_interconnect_1/axi_interconnect_1/crossbar_samd/gen_sasd.crossbar_sasd_0/gen_crossbar.addr_arbiter_inst/m_valid_i
                                                       system_i/axi_interconnect_1/axi_interconnect_1/crossbar_samd/gen_sasd.crossbar_sasd_0/gen_crossbar.addr_arbiter_inst/m_valid_i_glue_set
    SLICE_X40Y99.AX      net (fanout=1)        0.527   system_i/axi_interconnect_1/axi_interconnect_1/crossbar_samd/gen_sasd.crossbar_sasd_0/gen_crossbar.addr_arbiter_inst/m_valid_i_glue_set
    SLICE_X40Y99.CLK     Tdick                 0.067   system_i/axi_interconnect_1/axi_interconnect_1/crossbar_samd/gen_sasd.crossbar_sasd_0/gen_crossbar.addr_arbiter_inst/m_valid_i_1
                                                       system_i/axi_interconnect_1/axi_interconnect_1/crossbar_samd/gen_sasd.crossbar_sasd_0/gen_crossbar.addr_arbiter_inst/m_valid_i_1
    -------------------------------------------------  ---------------------------
    Total                                      6.559ns (1.886ns logic, 4.673ns route)
                                                       (28.8% logic, 71.2% route)

--------------------------------------------------------------------------------
Slack:                  13.357ns (requirement - (data path - clock path skew + uncertainty))
  Source:               system_i/axi_timer_0/axi_timer_0/AXI4_LITE_I/I_SLAVE_ATTACHMENT/I_DECODER/ce_out_i_5 (FF)
  Destination:          system_i/axi_interconnect_1/axi_interconnect_1/crossbar_samd/gen_sasd.crossbar_sasd_0/gen_crossbar.addr_arbiter_inst/m_valid_i_1 (FF)
  Requirement:          20.000ns
  Data Path Delay:      6.550ns (Levels of Logic = 7)
  Clock Path Skew:      -0.058ns (0.772 - 0.830)
  Source Clock:         system_i/processing_system7_0_FCLK_CLK0 rising at 0.000ns
  Destination Clock:    system_i/processing_system7_0_FCLK_CLK0 rising at 20.000ns
  Clock Uncertainty:    0.035ns

  Clock Uncertainty:          0.035ns  ((TSJ^2 + TIJ^2)^1/2 + DJ) / 2 + PE
    Total System Jitter (TSJ):  0.070ns
    Total Input Jitter (TIJ):   0.000ns
    Discrete Jitter (DJ):       0.000ns
    Phase Error (PE):           0.000ns

  Maximum Data Path at Slow Process Corner: system_i/axi_timer_0/axi_timer_0/AXI4_LITE_I/I_SLAVE_ATTACHMENT/I_DECODER/ce_out_i_5 to system_i/axi_interconnect_1/axi_interconnect_1/crossbar_samd/gen_sasd.crossbar_sasd_0/gen_crossbar.addr_arbiter_inst/m_valid_i_1
    Location             Delay type         Delay(ns)  Physical Resource
                                                       Logical Resource(s)
    -------------------------------------------------  -------------------
    SLICE_X37Y96.AQ      Tcko                  0.456   system_i/axi_timer_0/axi_timer_0/AXI4_LITE_I/I_SLAVE_ATTACHMENT/I_DECODER/ce_out_i_6
                                                       system_i/axi_timer_0/axi_timer_0/AXI4_LITE_I/I_SLAVE_ATTACHMENT/I_DECODER/ce_out_i_5
    SLICE_X38Y97.A4      net (fanout=30)       1.102   system_i/axi_timer_0/axi_timer_0/AXI4_LITE_I/I_SLAVE_ATTACHMENT/I_DECODER/ce_out_i_5
    SLICE_X38Y97.AMUX    Tilo                  0.354   system_i/axi_timer_0/axi_timer_0/AXI4_LITE_I/I_SLAVE_ATTACHMENT/I_DECODER/Bus_RNW_reg_1
                                                       system_i/axi_timer_0/axi_timer_0/AXI4_LITE_I/I_SLAVE_ATTACHMENT/rd_done1_SW0
    SLICE_X39Y97.A3      net (fanout=1)        0.647   system_i/axi_timer_0/N79
    SLICE_X39Y97.A       Tilo                  0.124   system_i/axi_interconnect_1/DEBUG_MC_MP_RDATACONTROL[0]
                                                       system_i/axi_timer_0/axi_timer_0/AXI4_LITE_I/I_SLAVE_ATTACHMENT/rd_done1
    SLICE_X39Y97.B5      net (fanout=4)        0.276   system_i/axi_interconnect_1_M_ARREADY[0]
    SLICE_X39Y97.BMUX    Tilo                  0.327   system_i/axi_interconnect_1/DEBUG_MC_MP_RDATACONTROL[0]
                                                       system_i/axi_interconnect_1/axi_interconnect_1/crossbar_samd/gen_sasd.crossbar_sasd_0/mi_arvalid<0>1_SW0
    SLICE_X42Y99.C5      net (fanout=1)        0.573   system_i/axi_interconnect_1/N41
    SLICE_X42Y99.C       Tilo                  0.124   system_i/axi_interconnect_1/N39
                                                       system_i/axi_interconnect_1/axi_interconnect_1/mi_protocol_conv_bank/gen_protocol_slot[0].gen_prot_conv.conv_inst/gen_axilite.gen_axilite_conv.axilite_conv_inst/S_AXI_ARREADY1
    SLICE_X42Y99.D4      net (fanout=2)        0.477   system_i/axi_interconnect_1/DEBUG_MC_MP_ARADDRCONTROL[1]
    SLICE_X42Y99.D       Tilo                  0.124   system_i/axi_interconnect_1/N39
                                                       system_i/axi_interconnect_1/axi_interconnect_1/crossbar_samd/gen_sasd.crossbar_sasd_0/gen_crossbar.splitter_ar/out1_SW0
    SLICE_X44Y100.A2     net (fanout=2)        0.817   system_i/axi_interconnect_1/N39
    SLICE_X44Y100.A      Tilo                  0.124   system_i/axi_interconnect_1/N58
                                                       system_i/axi_interconnect_1/axi_interconnect_1/crossbar_samd/gen_sasd.crossbar_sasd_0/gen_crossbar.addr_arbiter_inst/m_valid_i_glue_set_SW1
    SLICE_X41Y100.D6     net (fanout=1)        0.307   system_i/axi_interconnect_1/N58
    SLICE_X41Y100.D      Tilo                  0.124   system_i/axi_interconnect_1/axi_interconnect_1/crossbar_samd/gen_sasd.crossbar_sasd_0/gen_crossbar.addr_arbiter_inst/m_valid_i
                                                       system_i/axi_interconnect_1/axi_interconnect_1/crossbar_samd/gen_sasd.crossbar_sasd_0/gen_crossbar.addr_arbiter_inst/m_valid_i_glue_set
    SLICE_X40Y99.AX      net (fanout=1)        0.527   system_i/axi_interconnect_1/axi_interconnect_1/crossbar_samd/gen_sasd.crossbar_sasd_0/gen_crossbar.addr_arbiter_inst/m_valid_i_glue_set
    SLICE_X40Y99.CLK     Tdick                 0.067   system_i/axi_interconnect_1/axi_interconnect_1/crossbar_samd/gen_sasd.crossbar_sasd_0/gen_crossbar.addr_arbiter_inst/m_valid_i_1
                                                       system_i/axi_interconnect_1/axi_interconnect_1/crossbar_samd/gen_sasd.crossbar_sasd_0/gen_crossbar.addr_arbiter_inst/m_valid_i_1
    -------------------------------------------------  ---------------------------
    Total                                      6.550ns (1.824ns logic, 4.726ns route)
                                                       (27.8% logic, 72.2% route)

--------------------------------------------------------------------------------
Slack:                  13.395ns (requirement - (data path - clock path skew + uncertainty))
  Source:               system_i/axi_timer_0/axi_timer_0/AXI4_LITE_I/I_SLAVE_ATTACHMENT/I_DECODER/ce_out_i_1 (FF)
  Destination:          system_i/axi_interconnect_1/axi_interconnect_1/crossbar_samd/gen_sasd.crossbar_sasd_0/gen_crossbar.addr_arbiter_inst/m_valid_i_1 (FF)
  Requirement:          20.000ns
  Data Path Delay:      6.512ns (Levels of Logic = 7)
  Clock Path Skew:      -0.058ns (0.772 - 0.830)
  Source Clock:         system_i/processing_system7_0_FCLK_CLK0 rising at 0.000ns
  Destination Clock:    system_i/processing_system7_0_FCLK_CLK0 rising at 20.000ns
  Clock Uncertainty:    0.035ns

  Clock Uncertainty:          0.035ns  ((TSJ^2 + TIJ^2)^1/2 + DJ) / 2 + PE
    Total System Jitter (TSJ):  0.070ns
    Total Input Jitter (TIJ):   0.000ns
    Discrete Jitter (DJ):       0.000ns
    Phase Error (PE):           0.000ns

  Maximum Data Path at Slow Process Corner: system_i/axi_timer_0/axi_timer_0/AXI4_LITE_I/I_SLAVE_ATTACHMENT/I_DECODER/ce_out_i_1 to system_i/axi_interconnect_1/axi_interconnect_1/crossbar_samd/gen_sasd.crossbar_sasd_0/gen_crossbar.addr_arbiter_inst/m_valid_i_1
    Location             Delay type         Delay(ns)  Physical Resource
                                                       Logical Resource(s)
    -------------------------------------------------  -------------------
    SLICE_X34Y96.BQ      Tcko                  0.518   system_i/axi_timer_0/axi_timer_0/AXI4_LITE_I/I_SLAVE_ATTACHMENT/I_DECODER/ce_out_i_4
                                                       system_i/axi_timer_0/axi_timer_0/AXI4_LITE_I/I_SLAVE_ATTACHMENT/I_DECODER/ce_out_i_1
    SLICE_X38Y97.A2      net (fanout=46)       1.006   system_i/axi_timer_0/axi_timer_0/AXI4_LITE_I/I_SLAVE_ATTACHMENT/I_DECODER/ce_out_i_1
    SLICE_X38Y97.AMUX    Tilo                  0.350   system_i/axi_timer_0/axi_timer_0/AXI4_LITE_I/I_SLAVE_ATTACHMENT/I_DECODER/Bus_RNW_reg_1
                                                       system_i/axi_timer_0/axi_timer_0/AXI4_LITE_I/I_SLAVE_ATTACHMENT/rd_done1_SW0
    SLICE_X39Y97.A3      net (fanout=1)        0.647   system_i/axi_timer_0/N79
    SLICE_X39Y97.A       Tilo                  0.124   system_i/axi_interconnect_1/DEBUG_MC_MP_RDATACONTROL[0]
                                                       system_i/axi_timer_0/axi_timer_0/AXI4_LITE_I/I_SLAVE_ATTACHMENT/rd_done1
    SLICE_X39Y97.B5      net (fanout=4)        0.276   system_i/axi_interconnect_1_M_ARREADY[0]
    SLICE_X39Y97.BMUX    Tilo                  0.327   system_i/axi_interconnect_1/DEBUG_MC_MP_RDATACONTROL[0]
                                                       system_i/axi_interconnect_1/axi_interconnect_1/crossbar_samd/gen_sasd.crossbar_sasd_0/mi_arvalid<0>1_SW0
    SLICE_X42Y99.C5      net (fanout=1)        0.573   system_i/axi_interconnect_1/N41
    SLICE_X42Y99.C       Tilo                  0.124   system_i/axi_interconnect_1/N39
                                                       system_i/axi_interconnect_1/axi_interconnect_1/mi_protocol_conv_bank/gen_protocol_slot[0].gen_prot_conv.conv_inst/gen_axilite.gen_axilite_conv.axilite_conv_inst/S_AXI_ARREADY1
    SLICE_X42Y99.D4      net (fanout=2)        0.477   system_i/axi_interconnect_1/DEBUG_MC_MP_ARADDRCONTROL[1]
    SLICE_X42Y99.D       Tilo                  0.124   system_i/axi_interconnect_1/N39
                                                       system_i/axi_interconnect_1/axi_interconnect_1/crossbar_samd/gen_sasd.crossbar_sasd_0/gen_crossbar.splitter_ar/out1_SW0
    SLICE_X44Y100.A2     net (fanout=2)        0.817   system_i/axi_interconnect_1/N39
    SLICE_X44Y100.A      Tilo                  0.124   system_i/axi_interconnect_1/N58
                                                       system_i/axi_interconnect_1/axi_interconnect_1/crossbar_samd/gen_sasd.crossbar_sasd_0/gen_crossbar.addr_arbiter_inst/m_valid_i_glue_set_SW1
    SLICE_X41Y100.D6     net (fanout=1)        0.307   system_i/axi_interconnect_1/N58
    SLICE_X41Y100.D      Tilo                  0.124   system_i/axi_interconnect_1/axi_interconnect_1/crossbar_samd/gen_sasd.crossbar_sasd_0/gen_crossbar.addr_arbiter_inst/m_valid_i
                                                       system_i/axi_interconnect_1/axi_interconnect_1/crossbar_samd/gen_sasd.crossbar_sasd_0/gen_crossbar.addr_arbiter_inst/m_valid_i_glue_set
    SLICE_X40Y99.AX      net (fanout=1)        0.527   system_i/axi_interconnect_1/axi_interconnect_1/crossbar_samd/gen_sasd.crossbar_sasd_0/gen_crossbar.addr_arbiter_inst/m_valid_i_glue_set
    SLICE_X40Y99.CLK     Tdick                 0.067   system_i/axi_interconnect_1/axi_interconnect_1/crossbar_samd/gen_sasd.crossbar_sasd_0/gen_crossbar.addr_arbiter_inst/m_valid_i_1
                                                       system_i/axi_interconnect_1/axi_interconnect_1/crossbar_samd/gen_sasd.crossbar_sasd_0/gen_crossbar.addr_arbiter_inst/m_valid_i_1
    -------------------------------------------------  ---------------------------
    Total                                      6.512ns (1.882ns logic, 4.630ns route)
                                                       (28.9% logic, 71.1% route)

--------------------------------------------------------------------------------
Slack:                  13.510ns (requirement - (data path - clock path skew + uncertainty))
  Source:               system_i/axi_timer_0/axi_timer_0/AXI4_LITE_I/I_SLAVE_ATTACHMENT/I_DECODER/ce_out_i_0 (FF)
  Destination:          system_i/axi_interconnect_1/axi_interconnect_1/crossbar_samd/gen_sasd.crossbar_sasd_0/gen_crossbar.addr_arbiter_inst/m_valid_i_1 (FF)
  Requirement:          20.000ns
  Data Path Delay:      6.397ns (Levels of Logic = 7)
  Clock Path Skew:      -0.058ns (0.772 - 0.830)
  Source Clock:         system_i/processing_system7_0_FCLK_CLK0 rising at 0.000ns
  Destination Clock:    system_i/processing_system7_0_FCLK_CLK0 rising at 20.000ns
  Clock Uncertainty:    0.035ns

  Clock Uncertainty:          0.035ns  ((TSJ^2 + TIJ^2)^1/2 + DJ) / 2 + PE
    Total System Jitter (TSJ):  0.070ns
    Total Input Jitter (TIJ):   0.000ns
    Discrete Jitter (DJ):       0.000ns
    Phase Error (PE):           0.000ns

  Maximum Data Path at Slow Process Corner: system_i/axi_timer_0/axi_timer_0/AXI4_LITE_I/I_SLAVE_ATTACHMENT/I_DECODER/ce_out_i_0 to system_i/axi_interconnect_1/axi_interconnect_1/crossbar_samd/gen_sasd.crossbar_sasd_0/gen_crossbar.addr_arbiter_inst/m_valid_i_1
    Location             Delay type         Delay(ns)  Physical Resource
                                                       Logical Resource(s)
    -------------------------------------------------  -------------------
    SLICE_X34Y96.AQ      Tcko                  0.518   system_i/axi_timer_0/axi_timer_0/AXI4_LITE_I/I_SLAVE_ATTACHMENT/I_DECODER/ce_out_i_4
                                                       system_i/axi_timer_0/axi_timer_0/AXI4_LITE_I/I_SLAVE_ATTACHMENT/I_DECODER/ce_out_i_0
    SLICE_X38Y97.A3      net (fanout=8)        0.889   system_i/axi_timer_0/axi_timer_0/AXI4_LITE_I/I_SLAVE_ATTACHMENT/I_DECODER/ce_out_i_0
    SLICE_X38Y97.AMUX    Tilo                  0.352   system_i/axi_timer_0/axi_timer_0/AXI4_LITE_I/I_SLAVE_ATTACHMENT/I_DECODER/Bus_RNW_reg_1
                                                       system_i/axi_timer_0/axi_timer_0/AXI4_LITE_I/I_SLAVE_ATTACHMENT/rd_done1_SW0
    SLICE_X39Y97.A3      net (fanout=1)        0.647   system_i/axi_timer_0/N79
    SLICE_X39Y97.A       Tilo                  0.124   system_i/axi_interconnect_1/DEBUG_MC_MP_RDATACONTROL[0]
                                                       system_i/axi_timer_0/axi_timer_0/AXI4_LITE_I/I_SLAVE_ATTACHMENT/rd_done1
    SLICE_X39Y97.B5      net (fanout=4)        0.276   system_i/axi_interconnect_1_M_ARREADY[0]
    SLICE_X39Y97.BMUX    Tilo                  0.327   system_i/axi_interconnect_1/DEBUG_MC_MP_RDATACONTROL[0]
                                                       system_i/axi_interconnect_1/axi_interconnect_1/crossbar_samd/gen_sasd.crossbar_sasd_0/mi_arvalid<0>1_SW0
    SLICE_X42Y99.C5      net (fanout=1)        0.573   system_i/axi_interconnect_1/N41
    SLICE_X42Y99.C       Tilo                  0.124   system_i/axi_interconnect_1/N39
                                                       system_i/axi_interconnect_1/axi_interconnect_1/mi_protocol_conv_bank/gen_protocol_slot[0].gen_prot_conv.conv_inst/gen_axilite.gen_axilite_conv.axilite_conv_inst/S_AXI_ARREADY1
    SLICE_X42Y99.D4      net (fanout=2)        0.477   system_i/axi_interconnect_1/DEBUG_MC_MP_ARADDRCONTROL[1]
    SLICE_X42Y99.D       Tilo                  0.124   system_i/axi_interconnect_1/N39
                                                       system_i/axi_interconnect_1/axi_interconnect_1/crossbar_samd/gen_sasd.crossbar_sasd_0/gen_crossbar.splitter_ar/out1_SW0
    SLICE_X44Y100.A2     net (fanout=2)        0.817   system_i/axi_interconnect_1/N39
    SLICE_X44Y100.A      Tilo                  0.124   system_i/axi_interconnect_1/N58
                                                       system_i/axi_interconnect_1/axi_interconnect_1/crossbar_samd/gen_sasd.crossbar_sasd_0/gen_crossbar.addr_arbiter_inst/m_valid_i_glue_set_SW1
    SLICE_X41Y100.D6     net (fanout=1)        0.307   system_i/axi_interconnect_1/N58
    SLICE_X41Y100.D      Tilo                  0.124   system_i/axi_interconnect_1/axi_interconnect_1/crossbar_samd/gen_sasd.crossbar_sasd_0/gen_crossbar.addr_arbiter_inst/m_valid_i
                                                       system_i/axi_interconnect_1/axi_interconnect_1/crossbar_samd/gen_sasd.crossbar_sasd_0/gen_crossbar.addr_arbiter_inst/m_valid_i_glue_set
    SLICE_X40Y99.AX      net (fanout=1)        0.527   system_i/axi_interconnect_1/axi_interconnect_1/crossbar_samd/gen_sasd.crossbar_sasd_0/gen_crossbar.addr_arbiter_inst/m_valid_i_glue_set
    SLICE_X40Y99.CLK     Tdick                 0.067   system_i/axi_interconnect_1/axi_interconnect_1/crossbar_samd/gen_sasd.crossbar_sasd_0/gen_crossbar.addr_arbiter_inst/m_valid_i_1
                                                       system_i/axi_interconnect_1/axi_interconnect_1/crossbar_samd/gen_sasd.crossbar_sasd_0/gen_crossbar.addr_arbiter_inst/m_valid_i_1
    -------------------------------------------------  ---------------------------
    Total                                      6.397ns (1.884ns logic, 4.513ns route)
                                                       (29.5% logic, 70.5% route)

--------------------------------------------------------------------------------
Slack:                  13.518ns (requirement - (data path - clock path skew + uncertainty))
  Source:               system_i/axi_timer_0/axi_timer_0/AXI4_LITE_I/I_SLAVE_ATTACHMENT/I_DECODER/ce_out_i_4 (FF)
  Destination:          system_i/axi_interconnect_1/axi_interconnect_1/crossbar_samd/gen_sasd.crossbar_sasd_0/gen_crossbar.addr_arbiter_inst/m_valid_i_1 (FF)
  Requirement:          20.000ns
  Data Path Delay:      6.389ns (Levels of Logic = 7)
  Clock Path Skew:      -0.058ns (0.772 - 0.830)
  Source Clock:         system_i/processing_system7_0_FCLK_CLK0 rising at 0.000ns
  Destination Clock:    system_i/processing_system7_0_FCLK_CLK0 rising at 20.000ns
  Clock Uncertainty:    0.035ns

  Clock Uncertainty:          0.035ns  ((TSJ^2 + TIJ^2)^1/2 + DJ) / 2 + PE
    Total System Jitter (TSJ):  0.070ns
    Total Input Jitter (TIJ):   0.000ns
    Discrete Jitter (DJ):       0.000ns
    Phase Error (PE):           0.000ns

  Maximum Data Path at Slow Process Corner: system_i/axi_timer_0/axi_timer_0/AXI4_LITE_I/I_SLAVE_ATTACHMENT/I_DECODER/ce_out_i_4 to system_i/axi_interconnect_1/axi_interconnect_1/crossbar_samd/gen_sasd.crossbar_sasd_0/gen_crossbar.addr_arbiter_inst/m_valid_i_1
    Location             Delay type         Delay(ns)  Physical Resource
                                                       Logical Resource(s)
    -------------------------------------------------  -------------------
    SLICE_X34Y96.DQ      Tcko                  0.518   system_i/axi_timer_0/axi_timer_0/AXI4_LITE_I/I_SLAVE_ATTACHMENT/I_DECODER/ce_out_i_4
                                                       system_i/axi_timer_0/axi_timer_0/AXI4_LITE_I/I_SLAVE_ATTACHMENT/I_DECODER/ce_out_i_4
    SLICE_X38Y97.A1      net (fanout=7)        1.049   system_i/axi_timer_0/axi_timer_0/AXI4_LITE_I/I_SLAVE_ATTACHMENT/I_DECODER/ce_out_i_4
    SLICE_X38Y97.A       Tilo                  0.124   system_i/axi_timer_0/axi_timer_0/AXI4_LITE_I/I_SLAVE_ATTACHMENT/I_DECODER/Bus_RNW_reg_1
                                                       system_i/axi_timer_0/axi_timer_0/AXI4_LITE_I/I_SLAVE_ATTACHMENT/wr_done1_SW0
    SLICE_X39Y97.C5      net (fanout=1)        0.404   system_i/axi_timer_0/N77
    SLICE_X39Y97.C       Tilo                  0.124   system_i/axi_interconnect_1/DEBUG_MC_MP_RDATACONTROL[0]
                                                       system_i/axi_timer_0/axi_timer_0/AXI4_LITE_I/I_SLAVE_ATTACHMENT/wr_done1
    SLICE_X39Y97.D4      net (fanout=5)        0.470   system_i/axi_interconnect_1_M_AWREADY[0]
    SLICE_X39Y97.DMUX    Tilo                  0.357   system_i/axi_interconnect_1/DEBUG_MC_MP_RDATACONTROL[0]
                                                       system_i/axi_interconnect_1/axi_interconnect_1/mi_protocol_conv_bank/gen_protocol_slot[0].gen_prot_conv.conv_inst/gen_axilite.gen_axilite_conv.axilite_conv_inst/S_AXI_WREADY1
    SLICE_X39Y99.C6      net (fanout=1)        0.295   system_i/axi_interconnect_1/DEBUG_MC_MP_WDATACONTROL[1]
    SLICE_X39Y99.C       Tilo                  0.124   system_i/axi_interconnect_1/axi_interconnect_1/crossbar_samd/gen_sasd.crossbar_sasd_0/w_complete_mux
                                                       system_i/axi_interconnect_1/axi_interconnect_1/crossbar_samd/gen_sasd.crossbar_sasd_0/gen_crossbar.mi_wready_mux_inst/o_i
    SLICE_X39Y99.D4      net (fanout=4)        0.458   system_i/axi_interconnect_1/axi_interconnect_1/crossbar_samd/gen_sasd.crossbar_sasd_0/gen_crossbar.mi_wready_mux_inst/o_i
    SLICE_X39Y99.D       Tilo                  0.124   system_i/axi_interconnect_1/axi_interconnect_1/crossbar_samd/gen_sasd.crossbar_sasd_0/w_complete_mux
                                                       system_i/axi_interconnect_1/axi_interconnect_1/crossbar_samd/gen_sasd.crossbar_sasd_0/w_complete_mux1
    SLICE_X40Y100.C1     net (fanout=3)        0.842   system_i/axi_interconnect_1/axi_interconnect_1/crossbar_samd/gen_sasd.crossbar_sasd_0/w_complete_mux
    SLICE_X40Y100.C      Tilo                  0.124   system_i/axi_interconnect_1/axi_interconnect_1/crossbar_samd/gen_sasd.crossbar_sasd_0/gen_crossbar.addr_arbiter_inst/m_grant_hot_i_0
                                                       system_i/axi_interconnect_1/axi_interconnect_1/crossbar_samd/gen_sasd.crossbar_sasd_0/gen_crossbar.addr_arbiter_inst/m_valid_i_glue_set_SW2
    SLICE_X41Y100.D2     net (fanout=1)        0.658   system_i/axi_interconnect_1/N59
    SLICE_X41Y100.D      Tilo                  0.124   system_i/axi_interconnect_1/axi_interconnect_1/crossbar_samd/gen_sasd.crossbar_sasd_0/gen_crossbar.addr_arbiter_inst/m_valid_i
                                                       system_i/axi_interconnect_1/axi_interconnect_1/crossbar_samd/gen_sasd.crossbar_sasd_0/gen_crossbar.addr_arbiter_inst/m_valid_i_glue_set
    SLICE_X40Y99.AX      net (fanout=1)        0.527   system_i/axi_interconnect_1/axi_interconnect_1/crossbar_samd/gen_sasd.crossbar_sasd_0/gen_crossbar.addr_arbiter_inst/m_valid_i_glue_set
    SLICE_X40Y99.CLK     Tdick                 0.067   system_i/axi_interconnect_1/axi_interconnect_1/crossbar_samd/gen_sasd.crossbar_sasd_0/gen_crossbar.addr_arbiter_inst/m_valid_i_1
                                                       system_i/axi_interconnect_1/axi_interconnect_1/crossbar_samd/gen_sasd.crossbar_sasd_0/gen_crossbar.addr_arbiter_inst/m_valid_i_1
    -------------------------------------------------  ---------------------------
    Total                                      6.389ns (1.686ns logic, 4.703ns route)
                                                       (26.4% logic, 73.6% route)

--------------------------------------------------------------------------------
Slack:                  13.527ns (requirement - (data path - clock path skew + uncertainty))
  Source:               system_i/axi_timer_0/axi_timer_0/AXI4_LITE_I/I_SLAVE_ATTACHMENT/I_DECODER/ce_out_i_5 (FF)
  Destination:          system_i/axi_interconnect_1/axi_interconnect_1/crossbar_samd/gen_sasd.crossbar_sasd_0/gen_crossbar.addr_arbiter_inst/m_valid_i_1 (FF)
  Requirement:          20.000ns
  Data Path Delay:      6.380ns (Levels of Logic = 7)
  Clock Path Skew:      -0.058ns (0.772 - 0.830)
  Source Clock:         system_i/processing_system7_0_FCLK_CLK0 rising at 0.000ns
  Destination Clock:    system_i/processing_system7_0_FCLK_CLK0 rising at 20.000ns
  Clock Uncertainty:    0.035ns

  Clock Uncertainty:          0.035ns  ((TSJ^2 + TIJ^2)^1/2 + DJ) / 2 + PE
    Total System Jitter (TSJ):  0.070ns
    Total Input Jitter (TIJ):   0.000ns
    Discrete Jitter (DJ):       0.000ns
    Phase Error (PE):           0.000ns

  Maximum Data Path at Slow Process Corner: system_i/axi_timer_0/axi_timer_0/AXI4_LITE_I/I_SLAVE_ATTACHMENT/I_DECODER/ce_out_i_5 to system_i/axi_interconnect_1/axi_interconnect_1/crossbar_samd/gen_sasd.crossbar_sasd_0/gen_crossbar.addr_arbiter_inst/m_valid_i_1
    Location             Delay type         Delay(ns)  Physical Resource
                                                       Logical Resource(s)
    -------------------------------------------------  -------------------
    SLICE_X37Y96.AQ      Tcko                  0.456   system_i/axi_timer_0/axi_timer_0/AXI4_LITE_I/I_SLAVE_ATTACHMENT/I_DECODER/ce_out_i_6
                                                       system_i/axi_timer_0/axi_timer_0/AXI4_LITE_I/I_SLAVE_ATTACHMENT/I_DECODER/ce_out_i_5
    SLICE_X38Y97.A4      net (fanout=30)       1.102   system_i/axi_timer_0/axi_timer_0/AXI4_LITE_I/I_SLAVE_ATTACHMENT/I_DECODER/ce_out_i_5
    SLICE_X38Y97.A       Tilo                  0.124   system_i/axi_timer_0/axi_timer_0/AXI4_LITE_I/I_SLAVE_ATTACHMENT/I_DECODER/Bus_RNW_reg_1
                                                       system_i/axi_timer_0/axi_timer_0/AXI4_LITE_I/I_SLAVE_ATTACHMENT/wr_done1_SW0
    SLICE_X39Y97.C5      net (fanout=1)        0.404   system_i/axi_timer_0/N77
    SLICE_X39Y97.C       Tilo                  0.124   system_i/axi_interconnect_1/DEBUG_MC_MP_RDATACONTROL[0]
                                                       system_i/axi_timer_0/axi_timer_0/AXI4_LITE_I/I_SLAVE_ATTACHMENT/wr_done1
    SLICE_X39Y97.D4      net (fanout=5)        0.470   system_i/axi_interconnect_1_M_AWREADY[0]
    SLICE_X39Y97.DMUX    Tilo                  0.357   system_i/axi_interconnect_1/DEBUG_MC_MP_RDATACONTROL[0]
                                                       system_i/axi_interconnect_1/axi_interconnect_1/mi_protocol_conv_bank/gen_protocol_slot[0].gen_prot_conv.conv_inst/gen_axilite.gen_axilite_conv.axilite_conv_inst/S_AXI_WREADY1
    SLICE_X39Y99.C6      net (fanout=1)        0.295   system_i/axi_interconnect_1/DEBUG_MC_MP_WDATACONTROL[1]
    SLICE_X39Y99.C       Tilo                  0.124   system_i/axi_interconnect_1/axi_interconnect_1/crossbar_samd/gen_sasd.crossbar_sasd_0/w_complete_mux
                                                       system_i/axi_interconnect_1/axi_interconnect_1/crossbar_samd/gen_sasd.crossbar_sasd_0/gen_crossbar.mi_wready_mux_inst/o_i
    SLICE_X39Y99.D4      net (fanout=4)        0.458   system_i/axi_interconnect_1/axi_interconnect_1/crossbar_samd/gen_sasd.crossbar_sasd_0/gen_crossbar.mi_wready_mux_inst/o_i
    SLICE_X39Y99.D       Tilo                  0.124   system_i/axi_interconnect_1/axi_interconnect_1/crossbar_samd/gen_sasd.crossbar_sasd_0/w_complete_mux
                                                       system_i/axi_interconnect_1/axi_interconnect_1/crossbar_samd/gen_sasd.crossbar_sasd_0/w_complete_mux1
    SLICE_X40Y100.C1     net (fanout=3)        0.842   system_i/axi_interconnect_1/axi_interconnect_1/crossbar_samd/gen_sasd.crossbar_sasd_0/w_complete_mux
    SLICE_X40Y100.C      Tilo                  0.124   system_i/axi_interconnect_1/axi_interconnect_1/crossbar_samd/gen_sasd.crossbar_sasd_0/gen_crossbar.addr_arbiter_inst/m_grant_hot_i_0
                                                       system_i/axi_interconnect_1/axi_interconnect_1/crossbar_samd/gen_sasd.crossbar_sasd_0/gen_crossbar.addr_arbiter_inst/m_valid_i_glue_set_SW2
    SLICE_X41Y100.D2     net (fanout=1)        0.658   system_i/axi_interconnect_1/N59
    SLICE_X41Y100.D      Tilo                  0.124   system_i/axi_interconnect_1/axi_interconnect_1/crossbar_samd/gen_sasd.crossbar_sasd_0/gen_crossbar.addr_arbiter_inst/m_valid_i
                                                       system_i/axi_interconnect_1/axi_interconnect_1/crossbar_samd/gen_sasd.crossbar_sasd_0/gen_crossbar.addr_arbiter_inst/m_valid_i_glue_set
    SLICE_X40Y99.AX      net (fanout=1)        0.527   system_i/axi_interconnect_1/axi_interconnect_1/crossbar_samd/gen_sasd.crossbar_sasd_0/gen_crossbar.addr_arbiter_inst/m_valid_i_glue_set
    SLICE_X40Y99.CLK     Tdick                 0.067   system_i/axi_interconnect_1/axi_interconnect_1/crossbar_samd/gen_sasd.crossbar_sasd_0/gen_crossbar.addr_arbiter_inst/m_valid_i_1
                                                       system_i/axi_interconnect_1/axi_interconnect_1/crossbar_samd/gen_sasd.crossbar_sasd_0/gen_crossbar.addr_arbiter_inst/m_valid_i_1
    -------------------------------------------------  ---------------------------
    Total                                      6.380ns (1.624ns logic, 4.756ns route)
                                                       (25.5% logic, 74.5% route)

--------------------------------------------------------------------------------
Slack:                  13.561ns (requirement - (data path - clock path skew + uncertainty))
  Source:               system_i/axi_timer_0/axi_timer_0/AXI4_LITE_I/I_SLAVE_ATTACHMENT/I_DECODER/ce_out_i_1 (FF)
  Destination:          system_i/axi_interconnect_1/axi_interconnect_1/crossbar_samd/gen_sasd.crossbar_sasd_0/gen_crossbar.addr_arbiter_inst/m_valid_i_1 (FF)
  Requirement:          20.000ns
  Data Path Delay:      6.346ns (Levels of Logic = 7)
  Clock Path Skew:      -0.058ns (0.772 - 0.830)
  Source Clock:         system_i/processing_system7_0_FCLK_CLK0 rising at 0.000ns
  Destination Clock:    system_i/processing_system7_0_FCLK_CLK0 rising at 20.000ns
  Clock Uncertainty:    0.035ns

  Clock Uncertainty:          0.035ns  ((TSJ^2 + TIJ^2)^1/2 + DJ) / 2 + PE
    Total System Jitter (TSJ):  0.070ns
    Total Input Jitter (TIJ):   0.000ns
    Discrete Jitter (DJ):       0.000ns
    Phase Error (PE):           0.000ns

  Maximum Data Path at Slow Process Corner: system_i/axi_timer_0/axi_timer_0/AXI4_LITE_I/I_SLAVE_ATTACHMENT/I_DECODER/ce_out_i_1 to system_i/axi_interconnect_1/axi_interconnect_1/crossbar_samd/gen_sasd.crossbar_sasd_0/gen_crossbar.addr_arbiter_inst/m_valid_i_1
    Location             Delay type         Delay(ns)  Physical Resource
                                                       Logical Resource(s)
    -------------------------------------------------  -------------------
    SLICE_X34Y96.BQ      Tcko                  0.518   system_i/axi_timer_0/axi_timer_0/AXI4_LITE_I/I_SLAVE_ATTACHMENT/I_DECODER/ce_out_i_4
                                                       system_i/axi_timer_0/axi_timer_0/AXI4_LITE_I/I_SLAVE_ATTACHMENT/I_DECODER/ce_out_i_1
    SLICE_X38Y97.A2      net (fanout=46)       1.006   system_i/axi_timer_0/axi_timer_0/AXI4_LITE_I/I_SLAVE_ATTACHMENT/I_DECODER/ce_out_i_1
    SLICE_X38Y97.A       Tilo                  0.124   system_i/axi_timer_0/axi_timer_0/AXI4_LITE_I/I_SLAVE_ATTACHMENT/I_DECODER/Bus_RNW_reg_1
                                                       system_i/axi_timer_0/axi_timer_0/AXI4_LITE_I/I_SLAVE_ATTACHMENT/wr_done1_SW0
    SLICE_X39Y97.C5      net (fanout=1)        0.404   system_i/axi_timer_0/N77
    SLICE_X39Y97.C       Tilo                  0.124   system_i/axi_interconnect_1/DEBUG_MC_MP_RDATACONTROL[0]
                                                       system_i/axi_timer_0/axi_timer_0/AXI4_LITE_I/I_SLAVE_ATTACHMENT/wr_done1
    SLICE_X39Y97.D4      net (fanout=5)        0.470   system_i/axi_interconnect_1_M_AWREADY[0]
    SLICE_X39Y97.DMUX    Tilo                  0.357   system_i/axi_interconnect_1/DEBUG_MC_MP_RDATACONTROL[0]
                                                       system_i/axi_interconnect_1/axi_interconnect_1/mi_protocol_conv_bank/gen_protocol_slot[0].gen_prot_conv.conv_inst/gen_axilite.gen_axilite_conv.axilite_conv_inst/S_AXI_WREADY1
    SLICE_X39Y99.C6      net (fanout=1)        0.295   system_i/axi_interconnect_1/DEBUG_MC_MP_WDATACONTROL[1]
    SLICE_X39Y99.C       Tilo                  0.124   system_i/axi_interconnect_1/axi_interconnect_1/crossbar_samd/gen_sasd.crossbar_sasd_0/w_complete_mux
                                                       system_i/axi_interconnect_1/axi_interconnect_1/crossbar_samd/gen_sasd.crossbar_sasd_0/gen_crossbar.mi_wready_mux_inst/o_i
    SLICE_X39Y99.D4      net (fanout=4)        0.458   system_i/axi_interconnect_1/axi_interconnect_1/crossbar_samd/gen_sasd.crossbar_sasd_0/gen_crossbar.mi_wready_mux_inst/o_i
    SLICE_X39Y99.D       Tilo                  0.124   system_i/axi_interconnect_1/axi_interconnect_1/crossbar_samd/gen_sasd.crossbar_sasd_0/w_complete_mux
                                                       system_i/axi_interconnect_1/axi_interconnect_1/crossbar_samd/gen_sasd.crossbar_sasd_0/w_complete_mux1
    SLICE_X40Y100.C1     net (fanout=3)        0.842   system_i/axi_interconnect_1/axi_interconnect_1/crossbar_samd/gen_sasd.crossbar_sasd_0/w_complete_mux
    SLICE_X40Y100.C      Tilo                  0.124   system_i/axi_interconnect_1/axi_interconnect_1/crossbar_samd/gen_sasd.crossbar_sasd_0/gen_crossbar.addr_arbiter_inst/m_grant_hot_i_0
                                                       system_i/axi_interconnect_1/axi_interconnect_1/crossbar_samd/gen_sasd.crossbar_sasd_0/gen_crossbar.addr_arbiter_inst/m_valid_i_glue_set_SW2
    SLICE_X41Y100.D2     net (fanout=1)        0.658   system_i/axi_interconnect_1/N59
    SLICE_X41Y100.D      Tilo                  0.124   system_i/axi_interconnect_1/axi_interconnect_1/crossbar_samd/gen_sasd.crossbar_sasd_0/gen_crossbar.addr_arbiter_inst/m_valid_i
                                                       system_i/axi_interconnect_1/axi_interconnect_1/crossbar_samd/gen_sasd.crossbar_sasd_0/gen_crossbar.addr_arbiter_inst/m_valid_i_glue_set
    SLICE_X40Y99.AX      net (fanout=1)        0.527   system_i/axi_interconnect_1/axi_interconnect_1/crossbar_samd/gen_sasd.crossbar_sasd_0/gen_crossbar.addr_arbiter_inst/m_valid_i_glue_set
    SLICE_X40Y99.CLK     Tdick                 0.067   system_i/axi_interconnect_1/axi_interconnect_1/crossbar_samd/gen_sasd.crossbar_sasd_0/gen_crossbar.addr_arbiter_inst/m_valid_i_1
                                                       system_i/axi_interconnect_1/axi_interconnect_1/crossbar_samd/gen_sasd.crossbar_sasd_0/gen_crossbar.addr_arbiter_inst/m_valid_i_1
    -------------------------------------------------  ---------------------------
    Total                                      6.346ns (1.686ns logic, 4.660ns route)
                                                       (26.6% logic, 73.4% route)

--------------------------------------------------------------------------------
Slack:                  13.632ns (requirement - (data path - clock path skew + uncertainty))
  Source:               system_i/axi_timer_0/axi_timer_0/AXI4_LITE_I/I_SLAVE_ATTACHMENT/I_DECODER/ce_out_i_4 (FF)
  Destination:          system_i/axi_interconnect_1/axi_interconnect_1/crossbar_samd/gen_sasd.crossbar_sasd_0/gen_crossbar.addr_arbiter_inst/m_grant_hot_i_0 (FF)
  Requirement:          20.000ns
  Data Path Delay:      6.349ns (Levels of Logic = 7)
  Clock Path Skew:      0.016ns (1.516 - 1.500)
  Source Clock:         system_i/processing_system7_0_FCLK_CLK0 rising at 0.000ns
  Destination Clock:    system_i/processing_system7_0_FCLK_CLK0 rising at 20.000ns
  Clock Uncertainty:    0.035ns

  Clock Uncertainty:          0.035ns  ((TSJ^2 + TIJ^2)^1/2 + DJ) / 2 + PE
    Total System Jitter (TSJ):  0.070ns
    Total Input Jitter (TIJ):   0.000ns
    Discrete Jitter (DJ):       0.000ns
    Phase Error (PE):           0.000ns

  Maximum Data Path at Slow Process Corner: system_i/axi_timer_0/axi_timer_0/AXI4_LITE_I/I_SLAVE_ATTACHMENT/I_DECODER/ce_out_i_4 to system_i/axi_interconnect_1/axi_interconnect_1/crossbar_samd/gen_sasd.crossbar_sasd_0/gen_crossbar.addr_arbiter_inst/m_grant_hot_i_0
    Location             Delay type         Delay(ns)  Physical Resource
                                                       Logical Resource(s)
    -------------------------------------------------  -------------------
    SLICE_X34Y96.DQ      Tcko                  0.518   system_i/axi_timer_0/axi_timer_0/AXI4_LITE_I/I_SLAVE_ATTACHMENT/I_DECODER/ce_out_i_4
                                                       system_i/axi_timer_0/axi_timer_0/AXI4_LITE_I/I_SLAVE_ATTACHMENT/I_DECODER/ce_out_i_4
    SLICE_X38Y97.A1      net (fanout=7)        1.049   system_i/axi_timer_0/axi_timer_0/AXI4_LITE_I/I_SLAVE_ATTACHMENT/I_DECODER/ce_out_i_4
    SLICE_X38Y97.AMUX    Tilo                  0.354   system_i/axi_timer_0/axi_timer_0/AXI4_LITE_I/I_SLAVE_ATTACHMENT/I_DECODER/Bus_RNW_reg_1
                                                       system_i/axi_timer_0/axi_timer_0/AXI4_LITE_I/I_SLAVE_ATTACHMENT/rd_done1_SW0
    SLICE_X39Y97.A3      net (fanout=1)        0.647   system_i/axi_timer_0/N79
    SLICE_X39Y97.A       Tilo                  0.124   system_i/axi_interconnect_1/DEBUG_MC_MP_RDATACONTROL[0]
                                                       system_i/axi_timer_0/axi_timer_0/AXI4_LITE_I/I_SLAVE_ATTACHMENT/rd_done1
    SLICE_X39Y97.B5      net (fanout=4)        0.276   system_i/axi_interconnect_1_M_ARREADY[0]
    SLICE_X39Y97.BMUX    Tilo                  0.327   system_i/axi_interconnect_1/DEBUG_MC_MP_RDATACONTROL[0]
                                                       system_i/axi_interconnect_1/axi_interconnect_1/crossbar_samd/gen_sasd.crossbar_sasd_0/mi_arvalid<0>1_SW0
    SLICE_X42Y99.C5      net (fanout=1)        0.573   system_i/axi_interconnect_1/N41
    SLICE_X42Y99.C       Tilo                  0.124   system_i/axi_interconnect_1/N39
                                                       system_i/axi_interconnect_1/axi_interconnect_1/mi_protocol_conv_bank/gen_protocol_slot[0].gen_prot_conv.conv_inst/gen_axilite.gen_axilite_conv.axilite_conv_inst/S_AXI_ARREADY1
    SLICE_X42Y99.D4      net (fanout=2)        0.477   system_i/axi_interconnect_1/DEBUG_MC_MP_ARADDRCONTROL[1]
    SLICE_X42Y99.D       Tilo                  0.124   system_i/axi_interconnect_1/N39
                                                       system_i/axi_interconnect_1/axi_interconnect_1/crossbar_samd/gen_sasd.crossbar_sasd_0/gen_crossbar.splitter_ar/out1_SW0
    SLICE_X42Y100.A3     net (fanout=2)        0.724   system_i/axi_interconnect_1/N39
    SLICE_X42Y100.A      Tilo                  0.124   system_i/axi_interconnect_1/axi_interconnect_1/crossbar_samd/gen_sasd.crossbar_sasd_0/gen_crossbar.splitter_ar/m_ready_d[1]
                                                       system_i/axi_interconnect_1/axi_interconnect_1/crossbar_samd/gen_sasd.crossbar_sasd_0/gen_crossbar.splitter_ar/out1
    SLICE_X40Y100.A2     net (fanout=3)        0.813   system_i/axi_interconnect_1/axi_interconnect_1/crossbar_samd/gen_sasd.crossbar_sasd_0/aa_arready
    SLICE_X40Y100.CLK    Tas                   0.095   system_i/axi_interconnect_1/axi_interconnect_1/crossbar_samd/gen_sasd.crossbar_sasd_0/gen_crossbar.addr_arbiter_inst/m_grant_hot_i_0
                                                       system_i/axi_interconnect_1/axi_interconnect_1/crossbar_samd/gen_sasd.crossbar_sasd_0/gen_crossbar.addr_arbiter_inst/m_grant_hot_i_0_glue_set
                                                       system_i/axi_interconnect_1/axi_interconnect_1/crossbar_samd/gen_sasd.crossbar_sasd_0/gen_crossbar.addr_arbiter_inst/m_grant_hot_i_0
    -------------------------------------------------  ---------------------------
    Total                                      6.349ns (1.790ns logic, 4.559ns route)
                                                       (28.2% logic, 71.8% route)

--------------------------------------------------------------------------------
Slack:                  13.641ns (requirement - (data path - clock path skew + uncertainty))
  Source:               system_i/axi_timer_0/axi_timer_0/AXI4_LITE_I/I_SLAVE_ATTACHMENT/I_DECODER/ce_out_i_5 (FF)
  Destination:          system_i/axi_interconnect_1/axi_interconnect_1/crossbar_samd/gen_sasd.crossbar_sasd_0/gen_crossbar.addr_arbiter_inst/m_grant_hot_i_0 (FF)
  Requirement:          20.000ns
  Data Path Delay:      6.340ns (Levels of Logic = 7)
  Clock Path Skew:      0.016ns (1.516 - 1.500)
  Source Clock:         system_i/processing_system7_0_FCLK_CLK0 rising at 0.000ns
  Destination Clock:    system_i/processing_system7_0_FCLK_CLK0 rising at 20.000ns
  Clock Uncertainty:    0.035ns

  Clock Uncertainty:          0.035ns  ((TSJ^2 + TIJ^2)^1/2 + DJ) / 2 + PE
    Total System Jitter (TSJ):  0.070ns
    Total Input Jitter (TIJ):   0.000ns
    Discrete Jitter (DJ):       0.000ns
    Phase Error (PE):           0.000ns

  Maximum Data Path at Slow Process Corner: system_i/axi_timer_0/axi_timer_0/AXI4_LITE_I/I_SLAVE_ATTACHMENT/I_DECODER/ce_out_i_5 to system_i/axi_interconnect_1/axi_interconnect_1/crossbar_samd/gen_sasd.crossbar_sasd_0/gen_crossbar.addr_arbiter_inst/m_grant_hot_i_0
    Location             Delay type         Delay(ns)  Physical Resource
                                                       Logical Resource(s)
    -------------------------------------------------  -------------------
    SLICE_X37Y96.AQ      Tcko                  0.456   system_i/axi_timer_0/axi_timer_0/AXI4_LITE_I/I_SLAVE_ATTACHMENT/I_DECODER/ce_out_i_6
                                                       system_i/axi_timer_0/axi_timer_0/AXI4_LITE_I/I_SLAVE_ATTACHMENT/I_DECODER/ce_out_i_5
    SLICE_X38Y97.A4      net (fanout=30)       1.102   system_i/axi_timer_0/axi_timer_0/AXI4_LITE_I/I_SLAVE_ATTACHMENT/I_DECODER/ce_out_i_5
    SLICE_X38Y97.AMUX    Tilo                  0.354   system_i/axi_timer_0/axi_timer_0/AXI4_LITE_I/I_SLAVE_ATTACHMENT/I_DECODER/Bus_RNW_reg_1
                                                       system_i/axi_timer_0/axi_timer_0/AXI4_LITE_I/I_SLAVE_ATTACHMENT/rd_done1_SW0
    SLICE_X39Y97.A3      net (fanout=1)        0.647   system_i/axi_timer_0/N79
    SLICE_X39Y97.A       Tilo                  0.124   system_i/axi_interconnect_1/DEBUG_MC_MP_RDATACONTROL[0]
                                                       system_i/axi_timer_0/axi_timer_0/AXI4_LITE_I/I_SLAVE_ATTACHMENT/rd_done1
    SLICE_X39Y97.B5      net (fanout=4)        0.276   system_i/axi_interconnect_1_M_ARREADY[0]
    SLICE_X39Y97.BMUX    Tilo                  0.327   system_i/axi_interconnect_1/DEBUG_MC_MP_RDATACONTROL[0]
                                                       system_i/axi_interconnect_1/axi_interconnect_1/crossbar_samd/gen_sasd.crossbar_sasd_0/mi_arvalid<0>1_SW0
    SLICE_X42Y99.C5      net (fanout=1)        0.573   system_i/axi_interconnect_1/N41
    SLICE_X42Y99.C       Tilo                  0.124   system_i/axi_interconnect_1/N39
                                                       system_i/axi_interconnect_1/axi_interconnect_1/mi_protocol_conv_bank/gen_protocol_slot[0].gen_prot_conv.conv_inst/gen_axilite.gen_axilite_conv.axilite_conv_inst/S_AXI_ARREADY1
    SLICE_X42Y99.D4      net (fanout=2)        0.477   system_i/axi_interconnect_1/DEBUG_MC_MP_ARADDRCONTROL[1]
    SLICE_X42Y99.D       Tilo                  0.124   system_i/axi_interconnect_1/N39
                                                       system_i/axi_interconnect_1/axi_interconnect_1/crossbar_samd/gen_sasd.crossbar_sasd_0/gen_crossbar.splitter_ar/out1_SW0
    SLICE_X42Y100.A3     net (fanout=2)        0.724   system_i/axi_interconnect_1/N39
    SLICE_X42Y100.A      Tilo                  0.124   system_i/axi_interconnect_1/axi_interconnect_1/crossbar_samd/gen_sasd.crossbar_sasd_0/gen_crossbar.splitter_ar/m_ready_d[1]
                                                       system_i/axi_interconnect_1/axi_interconnect_1/crossbar_samd/gen_sasd.crossbar_sasd_0/gen_crossbar.splitter_ar/out1
    SLICE_X40Y100.A2     net (fanout=3)        0.813   system_i/axi_interconnect_1/axi_interconnect_1/crossbar_samd/gen_sasd.crossbar_sasd_0/aa_arready
    SLICE_X40Y100.CLK    Tas                   0.095   system_i/axi_interconnect_1/axi_interconnect_1/crossbar_samd/gen_sasd.crossbar_sasd_0/gen_crossbar.addr_arbiter_inst/m_grant_hot_i_0
                                                       system_i/axi_interconnect_1/axi_interconnect_1/crossbar_samd/gen_sasd.crossbar_sasd_0/gen_crossbar.addr_arbiter_inst/m_grant_hot_i_0_glue_set
                                                       system_i/axi_interconnect_1/axi_interconnect_1/crossbar_samd/gen_sasd.crossbar_sasd_0/gen_crossbar.addr_arbiter_inst/m_grant_hot_i_0
    -------------------------------------------------  ---------------------------
    Total                                      6.340ns (1.728ns logic, 4.612ns route)
                                                       (27.3% logic, 72.7% route)

--------------------------------------------------------------------------------
Slack:                  13.678ns (requirement - (data path - clock path skew + uncertainty))
  Source:               system_i/axi_timer_0/axi_timer_0/AXI4_LITE_I/I_SLAVE_ATTACHMENT/I_DECODER/ce_out_i_0 (FF)
  Destination:          system_i/axi_interconnect_1/axi_interconnect_1/crossbar_samd/gen_sasd.crossbar_sasd_0/gen_crossbar.addr_arbiter_inst/m_valid_i_1 (FF)
  Requirement:          20.000ns
  Data Path Delay:      6.229ns (Levels of Logic = 7)
  Clock Path Skew:      -0.058ns (0.772 - 0.830)
  Source Clock:         system_i/processing_system7_0_FCLK_CLK0 rising at 0.000ns
  Destination Clock:    system_i/processing_system7_0_FCLK_CLK0 rising at 20.000ns
  Clock Uncertainty:    0.035ns

  Clock Uncertainty:          0.035ns  ((TSJ^2 + TIJ^2)^1/2 + DJ) / 2 + PE
    Total System Jitter (TSJ):  0.070ns
    Total Input Jitter (TIJ):   0.000ns
    Discrete Jitter (DJ):       0.000ns
    Phase Error (PE):           0.000ns

  Maximum Data Path at Slow Process Corner: system_i/axi_timer_0/axi_timer_0/AXI4_LITE_I/I_SLAVE_ATTACHMENT/I_DECODER/ce_out_i_0 to system_i/axi_interconnect_1/axi_interconnect_1/crossbar_samd/gen_sasd.crossbar_sasd_0/gen_crossbar.addr_arbiter_inst/m_valid_i_1
    Location             Delay type         Delay(ns)  Physical Resource
                                                       Logical Resource(s)
    -------------------------------------------------  -------------------
    SLICE_X34Y96.AQ      Tcko                  0.518   system_i/axi_timer_0/axi_timer_0/AXI4_LITE_I/I_SLAVE_ATTACHMENT/I_DECODER/ce_out_i_4
                                                       system_i/axi_timer_0/axi_timer_0/AXI4_LITE_I/I_SLAVE_ATTACHMENT/I_DECODER/ce_out_i_0
    SLICE_X38Y97.A3      net (fanout=8)        0.889   system_i/axi_timer_0/axi_timer_0/AXI4_LITE_I/I_SLAVE_ATTACHMENT/I_DECODER/ce_out_i_0
    SLICE_X38Y97.A       Tilo                  0.124   system_i/axi_timer_0/axi_timer_0/AXI4_LITE_I/I_SLAVE_ATTACHMENT/I_DECODER/Bus_RNW_reg_1
                                                       system_i/axi_timer_0/axi_timer_0/AXI4_LITE_I/I_SLAVE_ATTACHMENT/wr_done1_SW0
    SLICE_X39Y97.C5      net (fanout=1)        0.404   system_i/axi_timer_0/N77
    SLICE_X39Y97.C       Tilo                  0.124   system_i/axi_interconnect_1/DEBUG_MC_MP_RDATACONTROL[0]
                                                       system_i/axi_timer_0/axi_timer_0/AXI4_LITE_I/I_SLAVE_ATTACHMENT/wr_done1
    SLICE_X39Y97.D4      net (fanout=5)        0.470   system_i/axi_interconnect_1_M_AWREADY[0]
    SLICE_X39Y97.DMUX    Tilo                  0.357   system_i/axi_interconnect_1/DEBUG_MC_MP_RDATACONTROL[0]
                                                       system_i/axi_interconnect_1/axi_interconnect_1/mi_protocol_conv_bank/gen_protocol_slot[0].gen_prot_conv.conv_inst/gen_axilite.gen_axilite_conv.axilite_conv_inst/S_AXI_WREADY1
    SLICE_X39Y99.C6      net (fanout=1)        0.295   system_i/axi_interconnect_1/DEBUG_MC_MP_WDATACONTROL[1]
    SLICE_X39Y99.C       Tilo                  0.124   system_i/axi_interconnect_1/axi_interconnect_1/crossbar_samd/gen_sasd.crossbar_sasd_0/w_complete_mux
                                                       system_i/axi_interconnect_1/axi_interconnect_1/crossbar_samd/gen_sasd.crossbar_sasd_0/gen_crossbar.mi_wready_mux_inst/o_i
    SLICE_X39Y99.D4      net (fanout=4)        0.458   system_i/axi_interconnect_1/axi_interconnect_1/crossbar_samd/gen_sasd.crossbar_sasd_0/gen_crossbar.mi_wready_mux_inst/o_i
    SLICE_X39Y99.D       Tilo                  0.124   system_i/axi_interconnect_1/axi_interconnect_1/crossbar_samd/gen_sasd.crossbar_sasd_0/w_complete_mux
                                                       system_i/axi_interconnect_1/axi_interconnect_1/crossbar_samd/gen_sasd.crossbar_sasd_0/w_complete_mux1
    SLICE_X40Y100.C1     net (fanout=3)        0.842   system_i/axi_interconnect_1/axi_interconnect_1/crossbar_samd/gen_sasd.crossbar_sasd_0/w_complete_mux
    SLICE_X40Y100.C      Tilo                  0.124   system_i/axi_interconnect_1/axi_interconnect_1/crossbar_samd/gen_sasd.crossbar_sasd_0/gen_crossbar.addr_arbiter_inst/m_grant_hot_i_0
                                                       system_i/axi_interconnect_1/axi_interconnect_1/crossbar_samd/gen_sasd.crossbar_sasd_0/gen_crossbar.addr_arbiter_inst/m_valid_i_glue_set_SW2
    SLICE_X41Y100.D2     net (fanout=1)        0.658   system_i/axi_interconnect_1/N59
    SLICE_X41Y100.D      Tilo                  0.124   system_i/axi_interconnect_1/axi_interconnect_1/crossbar_samd/gen_sasd.crossbar_sasd_0/gen_crossbar.addr_arbiter_inst/m_valid_i
                                                       system_i/axi_interconnect_1/axi_interconnect_1/crossbar_samd/gen_sasd.crossbar_sasd_0/gen_crossbar.addr_arbiter_inst/m_valid_i_glue_set
    SLICE_X40Y99.AX      net (fanout=1)        0.527   system_i/axi_interconnect_1/axi_interconnect_1/crossbar_samd/gen_sasd.crossbar_sasd_0/gen_crossbar.addr_arbiter_inst/m_valid_i_glue_set
    SLICE_X40Y99.CLK     Tdick                 0.067   system_i/axi_interconnect_1/axi_interconnect_1/crossbar_samd/gen_sasd.crossbar_sasd_0/gen_crossbar.addr_arbiter_inst/m_valid_i_1
                                                       system_i/axi_interconnect_1/axi_interconnect_1/crossbar_samd/gen_sasd.crossbar_sasd_0/gen_crossbar.addr_arbiter_inst/m_valid_i_1
    -------------------------------------------------  ---------------------------
    Total                                      6.229ns (1.686ns logic, 4.543ns route)
                                                       (27.1% logic, 72.9% route)

--------------------------------------------------------------------------------
Slack:                  13.679ns (requirement - (data path - clock path skew + uncertainty))
  Source:               system_i/axi_timer_0/axi_timer_0/AXI4_LITE_I/I_SLAVE_ATTACHMENT/I_DECODER/ce_out_i_1 (FF)
  Destination:          system_i/axi_interconnect_1/axi_interconnect_1/crossbar_samd/gen_sasd.crossbar_sasd_0/gen_crossbar.addr_arbiter_inst/m_grant_hot_i_0 (FF)
  Requirement:          20.000ns
  Data Path Delay:      6.302ns (Levels of Logic = 7)
  Clock Path Skew:      0.016ns (1.516 - 1.500)
  Source Clock:         system_i/processing_system7_0_FCLK_CLK0 rising at 0.000ns
  Destination Clock:    system_i/processing_system7_0_FCLK_CLK0 rising at 20.000ns
  Clock Uncertainty:    0.035ns

  Clock Uncertainty:          0.035ns  ((TSJ^2 + TIJ^2)^1/2 + DJ) / 2 + PE
    Total System Jitter (TSJ):  0.070ns
    Total Input Jitter (TIJ):   0.000ns
    Discrete Jitter (DJ):       0.000ns
    Phase Error (PE):           0.000ns

  Maximum Data Path at Slow Process Corner: system_i/axi_timer_0/axi_timer_0/AXI4_LITE_I/I_SLAVE_ATTACHMENT/I_DECODER/ce_out_i_1 to system_i/axi_interconnect_1/axi_interconnect_1/crossbar_samd/gen_sasd.crossbar_sasd_0/gen_crossbar.addr_arbiter_inst/m_grant_hot_i_0
    Location             Delay type         Delay(ns)  Physical Resource
                                                       Logical Resource(s)
    -------------------------------------------------  -------------------
    SLICE_X34Y96.BQ      Tcko                  0.518   system_i/axi_timer_0/axi_timer_0/AXI4_LITE_I/I_SLAVE_ATTACHMENT/I_DECODER/ce_out_i_4
                                                       system_i/axi_timer_0/axi_timer_0/AXI4_LITE_I/I_SLAVE_ATTACHMENT/I_DECODER/ce_out_i_1
    SLICE_X38Y97.A2      net (fanout=46)       1.006   system_i/axi_timer_0/axi_timer_0/AXI4_LITE_I/I_SLAVE_ATTACHMENT/I_DECODER/ce_out_i_1
    SLICE_X38Y97.AMUX    Tilo                  0.350   system_i/axi_timer_0/axi_timer_0/AXI4_LITE_I/I_SLAVE_ATTACHMENT/I_DECODER/Bus_RNW_reg_1
                                                       system_i/axi_timer_0/axi_timer_0/AXI4_LITE_I/I_SLAVE_ATTACHMENT/rd_done1_SW0
    SLICE_X39Y97.A3      net (fanout=1)        0.647   system_i/axi_timer_0/N79
    SLICE_X39Y97.A       Tilo                  0.124   system_i/axi_interconnect_1/DEBUG_MC_MP_RDATACONTROL[0]
                                                       system_i/axi_timer_0/axi_timer_0/AXI4_LITE_I/I_SLAVE_ATTACHMENT/rd_done1
    SLICE_X39Y97.B5      net (fanout=4)        0.276   system_i/axi_interconnect_1_M_ARREADY[0]
    SLICE_X39Y97.BMUX    Tilo                  0.327   system_i/axi_interconnect_1/DEBUG_MC_MP_RDATACONTROL[0]
                                                       system_i/axi_interconnect_1/axi_interconnect_1/crossbar_samd/gen_sasd.crossbar_sasd_0/mi_arvalid<0>1_SW0
    SLICE_X42Y99.C5      net (fanout=1)        0.573   system_i/axi_interconnect_1/N41
    SLICE_X42Y99.C       Tilo                  0.124   system_i/axi_interconnect_1/N39
                                                       system_i/axi_interconnect_1/axi_interconnect_1/mi_protocol_conv_bank/gen_protocol_slot[0].gen_prot_conv.conv_inst/gen_axilite.gen_axilite_conv.axilite_conv_inst/S_AXI_ARREADY1
    SLICE_X42Y99.D4      net (fanout=2)        0.477   system_i/axi_interconnect_1/DEBUG_MC_MP_ARADDRCONTROL[1]
    SLICE_X42Y99.D       Tilo                  0.124   system_i/axi_interconnect_1/N39
                                                       system_i/axi_interconnect_1/axi_interconnect_1/crossbar_samd/gen_sasd.crossbar_sasd_0/gen_crossbar.splitter_ar/out1_SW0
    SLICE_X42Y100.A3     net (fanout=2)        0.724   system_i/axi_interconnect_1/N39
    SLICE_X42Y100.A      Tilo                  0.124   system_i/axi_interconnect_1/axi_interconnect_1/crossbar_samd/gen_sasd.crossbar_sasd_0/gen_crossbar.splitter_ar/m_ready_d[1]
                                                       system_i/axi_interconnect_1/axi_interconnect_1/crossbar_samd/gen_sasd.crossbar_sasd_0/gen_crossbar.splitter_ar/out1
    SLICE_X40Y100.A2     net (fanout=3)        0.813   system_i/axi_interconnect_1/axi_interconnect_1/crossbar_samd/gen_sasd.crossbar_sasd_0/aa_arready
    SLICE_X40Y100.CLK    Tas                   0.095   system_i/axi_interconnect_1/axi_interconnect_1/crossbar_samd/gen_sasd.crossbar_sasd_0/gen_crossbar.addr_arbiter_inst/m_grant_hot_i_0
                                                       system_i/axi_interconnect_1/axi_interconnect_1/crossbar_samd/gen_sasd.crossbar_sasd_0/gen_crossbar.addr_arbiter_inst/m_grant_hot_i_0_glue_set
                                                       system_i/axi_interconnect_1/axi_interconnect_1/crossbar_samd/gen_sasd.crossbar_sasd_0/gen_crossbar.addr_arbiter_inst/m_grant_hot_i_0
    -------------------------------------------------  ---------------------------
    Total                                      6.302ns (1.786ns logic, 4.516ns route)
                                                       (28.3% logic, 71.7% route)

--------------------------------------------------------------------------------
Slack:                  13.694ns (requirement - (data path - clock path skew + uncertainty))
  Source:               system_i/axi_gpio_for_output/axi_gpio_for_output/AXI_LITE_IPIF_I/I_SLAVE_ATTACHMENT/INCLUDE_DPHASE_TIMER.dpto_cnt_3 (FF)
  Destination:          system_i/axi_interconnect_1/axi_interconnect_1/crossbar_samd/gen_sasd.crossbar_sasd_0/gen_crossbar.addr_arbiter_inst/m_valid_i (FF)
  Requirement:          20.000ns
  Data Path Delay:      6.125ns (Levels of Logic = 6)
  Clock Path Skew:      -0.146ns (1.342 - 1.488)
  Source Clock:         system_i/processing_system7_0_FCLK_CLK0 rising at 0.000ns
  Destination Clock:    system_i/processing_system7_0_FCLK_CLK0 rising at 20.000ns
  Clock Uncertainty:    0.035ns

  Clock Uncertainty:          0.035ns  ((TSJ^2 + TIJ^2)^1/2 + DJ) / 2 + PE
    Total System Jitter (TSJ):  0.070ns
    Total Input Jitter (TIJ):   0.000ns
    Discrete Jitter (DJ):       0.000ns
    Phase Error (PE):           0.000ns

  Maximum Data Path at Slow Process Corner: system_i/axi_gpio_for_output/axi_gpio_for_output/AXI_LITE_IPIF_I/I_SLAVE_ATTACHMENT/INCLUDE_DPHASE_TIMER.dpto_cnt_3 to system_i/axi_interconnect_1/axi_interconnect_1/crossbar_samd/gen_sasd.crossbar_sasd_0/gen_crossbar.addr_arbiter_inst/m_valid_i
    Location             Delay type         Delay(ns)  Physical Resource
                                                       Logical Resource(s)
    -------------------------------------------------  -------------------
    SLICE_X51Y100.CQ     Tcko                  0.456   system_i/axi_gpio_for_output/axi_gpio_for_output/AXI_LITE_IPIF_I/I_SLAVE_ATTACHMENT/INCLUDE_DPHASE_TIMER.dpto_cnt[3]
                                                       system_i/axi_gpio_for_output/axi_gpio_for_output/AXI_LITE_IPIF_I/I_SLAVE_ATTACHMENT/INCLUDE_DPHASE_TIMER.dpto_cnt_3
    SLICE_X48Y99.A4      net (fanout=7)        0.783   system_i/axi_gpio_for_output/axi_gpio_for_output/AXI_LITE_IPIF_I/I_SLAVE_ATTACHMENT/INCLUDE_DPHASE_TIMER.dpto_cnt[3]
    SLICE_X48Y99.AMUX    Tilo                  0.352   system_i/axi_gpio_for_output/axi_gpio_for_output/ip2bus_wrack_i_D1
                                                       system_i/axi_gpio_for_output/axi_gpio_for_output/AXI_LITE_IPIF_I/I_SLAVE_ATTACHMENT/wr_done1
    SLICE_X48Y99.B2      net (fanout=3)        0.865   system_i/axi_interconnect_1_M_AWREADY[1]
    SLICE_X48Y99.B       Tilo                  0.124   system_i/axi_gpio_for_output/axi_gpio_for_output/ip2bus_wrack_i_D1
                                                       system_i/axi_interconnect_1/axi_interconnect_1/crossbar_samd/gen_sasd.crossbar_sasd_0/gen_crossbar.mi_wready_mux_inst/o_i_SW0
    SLICE_X39Y99.C1      net (fanout=1)        1.123   system_i/axi_interconnect_1/N14
    SLICE_X39Y99.C       Tilo                  0.124   system_i/axi_interconnect_1/axi_interconnect_1/crossbar_samd/gen_sasd.crossbar_sasd_0/w_complete_mux
                                                       system_i/axi_interconnect_1/axi_interconnect_1/crossbar_samd/gen_sasd.crossbar_sasd_0/gen_crossbar.mi_wready_mux_inst/o_i
    SLICE_X39Y99.D4      net (fanout=4)        0.458   system_i/axi_interconnect_1/axi_interconnect_1/crossbar_samd/gen_sasd.crossbar_sasd_0/gen_crossbar.mi_wready_mux_inst/o_i
    SLICE_X39Y99.D       Tilo                  0.124   system_i/axi_interconnect_1/axi_interconnect_1/crossbar_samd/gen_sasd.crossbar_sasd_0/w_complete_mux
                                                       system_i/axi_interconnect_1/axi_interconnect_1/crossbar_samd/gen_sasd.crossbar_sasd_0/w_complete_mux1
    SLICE_X40Y100.C1     net (fanout=3)        0.842   system_i/axi_interconnect_1/axi_interconnect_1/crossbar_samd/gen_sasd.crossbar_sasd_0/w_complete_mux
    SLICE_X40Y100.C      Tilo                  0.124   system_i/axi_interconnect_1/axi_interconnect_1/crossbar_samd/gen_sasd.crossbar_sasd_0/gen_crossbar.addr_arbiter_inst/m_grant_hot_i_0
                                                       system_i/axi_interconnect_1/axi_interconnect_1/crossbar_samd/gen_sasd.crossbar_sasd_0/gen_crossbar.addr_arbiter_inst/m_valid_i_glue_set_SW2
    SLICE_X41Y100.D2     net (fanout=1)        0.658   system_i/axi_interconnect_1/N59
    SLICE_X41Y100.CLK    Tas                   0.092   system_i/axi_interconnect_1/axi_interconnect_1/crossbar_samd/gen_sasd.crossbar_sasd_0/gen_crossbar.addr_arbiter_inst/m_valid_i
                                                       system_i/axi_interconnect_1/axi_interconnect_1/crossbar_samd/gen_sasd.crossbar_sasd_0/gen_crossbar.addr_arbiter_inst/m_valid_i_glue_set
                                                       system_i/axi_interconnect_1/axi_interconnect_1/crossbar_samd/gen_sasd.crossbar_sasd_0/gen_crossbar.addr_arbiter_inst/m_valid_i
    -------------------------------------------------  ---------------------------
    Total                                      6.125ns (1.396ns logic, 4.729ns route)
                                                       (22.8% logic, 77.2% route)

--------------------------------------------------------------------------------
Slack:                  13.726ns (requirement - (data path - clock path skew + uncertainty))
  Source:               system_i/axi_timer_0/axi_timer_0/AXI4_LITE_I/I_SLAVE_ATTACHMENT/I_DECODER/ce_out_i_4 (FF)
  Destination:          system_i/processing_system7_0/processing_system7_0/PS7_i (OTHER)
  Requirement:          20.000ns
  Data Path Delay:      6.263ns (Levels of Logic = 5)
  Clock Path Skew:      0.024ns (0.854 - 0.830)
  Source Clock:         system_i/processing_system7_0_FCLK_CLK0 rising at 0.000ns
  Destination Clock:    system_i/processing_system7_0_FCLK_CLK0 rising at 20.000ns
  Clock Uncertainty:    0.035ns

  Clock Uncertainty:          0.035ns  ((TSJ^2 + TIJ^2)^1/2 + DJ) / 2 + PE
    Total System Jitter (TSJ):  0.070ns
    Total Input Jitter (TIJ):   0.000ns
    Discrete Jitter (DJ):       0.000ns
    Phase Error (PE):           0.000ns

  Maximum Data Path at Slow Process Corner: system_i/axi_timer_0/axi_timer_0/AXI4_LITE_I/I_SLAVE_ATTACHMENT/I_DECODER/ce_out_i_4 to system_i/processing_system7_0/processing_system7_0/PS7_i
    Location               Delay type         Delay(ns)  Physical Resource
                                                         Logical Resource(s)
    ---------------------------------------------------  -------------------
    SLICE_X34Y96.DQ        Tcko                  0.518   system_i/axi_timer_0/axi_timer_0/AXI4_LITE_I/I_SLAVE_ATTACHMENT/I_DECODER/ce_out_i_4
                                                         system_i/axi_timer_0/axi_timer_0/AXI4_LITE_I/I_SLAVE_ATTACHMENT/I_DECODER/ce_out_i_4
    SLICE_X38Y97.A1        net (fanout=7)        1.049   system_i/axi_timer_0/axi_timer_0/AXI4_LITE_I/I_SLAVE_ATTACHMENT/I_DECODER/ce_out_i_4
    SLICE_X38Y97.A         Tilo                  0.124   system_i/axi_timer_0/axi_timer_0/AXI4_LITE_I/I_SLAVE_ATTACHMENT/I_DECODER/Bus_RNW_reg_1
                                                         system_i/axi_timer_0/axi_timer_0/AXI4_LITE_I/I_SLAVE_ATTACHMENT/wr_done1_SW0
    SLICE_X39Y97.C5        net (fanout=1)        0.404   system_i/axi_timer_0/N77
    SLICE_X39Y97.C         Tilo                  0.124   system_i/axi_interconnect_1/DEBUG_MC_MP_RDATACONTROL[0]
                                                         system_i/axi_timer_0/axi_timer_0/AXI4_LITE_I/I_SLAVE_ATTACHMENT/wr_done1
    SLICE_X39Y97.D4        net (fanout=5)        0.470   system_i/axi_interconnect_1_M_AWREADY[0]
    SLICE_X39Y97.DMUX      Tilo                  0.357   system_i/axi_interconnect_1/DEBUG_MC_MP_RDATACONTROL[0]
                                                         system_i/axi_interconnect_1/axi_interconnect_1/mi_protocol_conv_bank/gen_protocol_slot[0].gen_prot_conv.conv_inst/gen_axilite.gen_axilite_conv.axilite_conv_inst/S_AXI_WREADY1
    SLICE_X39Y99.C6        net (fanout=1)        0.295   system_i/axi_interconnect_1/DEBUG_MC_MP_WDATACONTROL[1]
    SLICE_X39Y99.C         Tilo                  0.124   system_i/axi_interconnect_1/axi_interconnect_1/crossbar_samd/gen_sasd.crossbar_sasd_0/w_complete_mux
                                                         system_i/axi_interconnect_1/axi_interconnect_1/crossbar_samd/gen_sasd.crossbar_sasd_0/gen_crossbar.mi_wready_mux_inst/o_i
    SLICE_X37Y100.A2       net (fanout=4)        0.832   system_i/axi_interconnect_1/axi_interconnect_1/crossbar_samd/gen_sasd.crossbar_sasd_0/gen_crossbar.mi_wready_mux_inst/o_i
    SLICE_X37Y100.A        Tilo                  0.124   system_i/axi_interconnect_1_S_BVALID
                                                         system_i/axi_interconnect_1/axi_interconnect_1/crossbar_samd/gen_sasd.crossbar_sasd_0/si_wready1
    PS7_X0Y0.MAXIGP0WREADY net (fanout=1)        0.959   system_i/axi_interconnect_1_S_WREADY
    PS7_X0Y0.MAXIGP0ACLK   Tpssdck_MAXIGP0WREADY  0.883   system_i/processing_system7_0/processing_system7_0/PS7_i
                                                         system_i/processing_system7_0/processing_system7_0/PS7_i
    ---------------------------------------------------  ---------------------------
    Total                                        6.263ns (2.254ns logic, 4.009ns route)
                                                         (36.0% logic, 64.0% route)

--------------------------------------------------------------------------------
Slack:                  13.734ns (requirement - (data path - clock path skew + uncertainty))
  Source:               system_i/axi_gpio_for_output/axi_gpio_for_output/ip2bus_wrack_i_D1 (FF)
  Destination:          system_i/axi_interconnect_1/axi_interconnect_1/crossbar_samd/gen_sasd.crossbar_sasd_0/gen_crossbar.addr_arbiter_inst/m_valid_i (FF)
  Requirement:          20.000ns
  Data Path Delay:      6.248ns (Levels of Logic = 6)
  Clock Path Skew:      0.017ns (1.516 - 1.499)
  Source Clock:         system_i/processing_system7_0_FCLK_CLK0 rising at 0.000ns
  Destination Clock:    system_i/processing_system7_0_FCLK_CLK0 rising at 20.000ns
  Clock Uncertainty:    0.035ns

  Clock Uncertainty:          0.035ns  ((TSJ^2 + TIJ^2)^1/2 + DJ) / 2 + PE
    Total System Jitter (TSJ):  0.070ns
    Total Input Jitter (TIJ):   0.000ns
    Discrete Jitter (DJ):       0.000ns
    Phase Error (PE):           0.000ns

  Maximum Data Path at Slow Process Corner: system_i/axi_gpio_for_output/axi_gpio_for_output/ip2bus_wrack_i_D1 to system_i/axi_interconnect_1/axi_interconnect_1/crossbar_samd/gen_sasd.crossbar_sasd_0/gen_crossbar.addr_arbiter_inst/m_valid_i
    Location             Delay type         Delay(ns)  Physical Resource
                                                       Logical Resource(s)
    -------------------------------------------------  -------------------
    SLICE_X48Y99.CQ      Tcko                  0.456   system_i/axi_gpio_for_output/axi_gpio_for_output/ip2bus_wrack_i_D1
                                                       system_i/axi_gpio_for_output/axi_gpio_for_output/ip2bus_wrack_i_D1
    SLICE_X48Y99.A1      net (fanout=4)        0.904   system_i/axi_gpio_for_output/axi_gpio_for_output/ip2bus_wrack_i_D1
    SLICE_X48Y99.AMUX    Tilo                  0.354   system_i/axi_gpio_for_output/axi_gpio_for_output/ip2bus_wrack_i_D1
                                                       system_i/axi_gpio_for_output/axi_gpio_for_output/AXI_LITE_IPIF_I/I_SLAVE_ATTACHMENT/wr_done1
    SLICE_X48Y99.B2      net (fanout=3)        0.865   system_i/axi_interconnect_1_M_AWREADY[1]
    SLICE_X48Y99.B       Tilo                  0.124   system_i/axi_gpio_for_output/axi_gpio_for_output/ip2bus_wrack_i_D1
                                                       system_i/axi_interconnect_1/axi_interconnect_1/crossbar_samd/gen_sasd.crossbar_sasd_0/gen_crossbar.mi_wready_mux_inst/o_i_SW0
    SLICE_X39Y99.C1      net (fanout=1)        1.123   system_i/axi_interconnect_1/N14
    SLICE_X39Y99.C       Tilo                  0.124   system_i/axi_interconnect_1/axi_interconnect_1/crossbar_samd/gen_sasd.crossbar_sasd_0/w_complete_mux
                                                       system_i/axi_interconnect_1/axi_interconnect_1/crossbar_samd/gen_sasd.crossbar_sasd_0/gen_crossbar.mi_wready_mux_inst/o_i
    SLICE_X39Y99.D4      net (fanout=4)        0.458   system_i/axi_interconnect_1/axi_interconnect_1/crossbar_samd/gen_sasd.crossbar_sasd_0/gen_crossbar.mi_wready_mux_inst/o_i
    SLICE_X39Y99.D       Tilo                  0.124   system_i/axi_interconnect_1/axi_interconnect_1/crossbar_samd/gen_sasd.crossbar_sasd_0/w_complete_mux
                                                       system_i/axi_interconnect_1/axi_interconnect_1/crossbar_samd/gen_sasd.crossbar_sasd_0/w_complete_mux1
    SLICE_X40Y100.C1     net (fanout=3)        0.842   system_i/axi_interconnect_1/axi_interconnect_1/crossbar_samd/gen_sasd.crossbar_sasd_0/w_complete_mux
    SLICE_X40Y100.C      Tilo                  0.124   system_i/axi_interconnect_1/axi_interconnect_1/crossbar_samd/gen_sasd.crossbar_sasd_0/gen_crossbar.addr_arbiter_inst/m_grant_hot_i_0
                                                       system_i/axi_interconnect_1/axi_interconnect_1/crossbar_samd/gen_sasd.crossbar_sasd_0/gen_crossbar.addr_arbiter_inst/m_valid_i_glue_set_SW2
    SLICE_X41Y100.D2     net (fanout=1)        0.658   system_i/axi_interconnect_1/N59
    SLICE_X41Y100.CLK    Tas                   0.092   system_i/axi_interconnect_1/axi_interconnect_1/crossbar_samd/gen_sasd.crossbar_sasd_0/gen_crossbar.addr_arbiter_inst/m_valid_i
                                                       system_i/axi_interconnect_1/axi_interconnect_1/crossbar_samd/gen_sasd.crossbar_sasd_0/gen_crossbar.addr_arbiter_inst/m_valid_i_glue_set
                                                       system_i/axi_interconnect_1/axi_interconnect_1/crossbar_samd/gen_sasd.crossbar_sasd_0/gen_crossbar.addr_arbiter_inst/m_valid_i
    -------------------------------------------------  ---------------------------
    Total                                      6.248ns (1.398ns logic, 4.850ns route)
                                                       (22.4% logic, 77.6% route)

--------------------------------------------------------------------------------
Slack:                  13.735ns (requirement - (data path - clock path skew + uncertainty))
  Source:               system_i/axi_timer_0/axi_timer_0/AXI4_LITE_I/I_SLAVE_ATTACHMENT/I_DECODER/ce_out_i_5 (FF)
  Destination:          system_i/processing_system7_0/processing_system7_0/PS7_i (OTHER)
  Requirement:          20.000ns
  Data Path Delay:      6.254ns (Levels of Logic = 5)
  Clock Path Skew:      0.024ns (0.854 - 0.830)
  Source Clock:         system_i/processing_system7_0_FCLK_CLK0 rising at 0.000ns
  Destination Clock:    system_i/processing_system7_0_FCLK_CLK0 rising at 20.000ns
  Clock Uncertainty:    0.035ns

  Clock Uncertainty:          0.035ns  ((TSJ^2 + TIJ^2)^1/2 + DJ) / 2 + PE
    Total System Jitter (TSJ):  0.070ns
    Total Input Jitter (TIJ):   0.000ns
    Discrete Jitter (DJ):       0.000ns
    Phase Error (PE):           0.000ns

  Maximum Data Path at Slow Process Corner: system_i/axi_timer_0/axi_timer_0/AXI4_LITE_I/I_SLAVE_ATTACHMENT/I_DECODER/ce_out_i_5 to system_i/processing_system7_0/processing_system7_0/PS7_i
    Location               Delay type         Delay(ns)  Physical Resource
                                                         Logical Resource(s)
    ---------------------------------------------------  -------------------
    SLICE_X37Y96.AQ        Tcko                  0.456   system_i/axi_timer_0/axi_timer_0/AXI4_LITE_I/I_SLAVE_ATTACHMENT/I_DECODER/ce_out_i_6
                                                         system_i/axi_timer_0/axi_timer_0/AXI4_LITE_I/I_SLAVE_ATTACHMENT/I_DECODER/ce_out_i_5
    SLICE_X38Y97.A4        net (fanout=30)       1.102   system_i/axi_timer_0/axi_timer_0/AXI4_LITE_I/I_SLAVE_ATTACHMENT/I_DECODER/ce_out_i_5
    SLICE_X38Y97.A         Tilo                  0.124   system_i/axi_timer_0/axi_timer_0/AXI4_LITE_I/I_SLAVE_ATTACHMENT/I_DECODER/Bus_RNW_reg_1
                                                         system_i/axi_timer_0/axi_timer_0/AXI4_LITE_I/I_SLAVE_ATTACHMENT/wr_done1_SW0
    SLICE_X39Y97.C5        net (fanout=1)        0.404   system_i/axi_timer_0/N77
    SLICE_X39Y97.C         Tilo                  0.124   system_i/axi_interconnect_1/DEBUG_MC_MP_RDATACONTROL[0]
                                                         system_i/axi_timer_0/axi_timer_0/AXI4_LITE_I/I_SLAVE_ATTACHMENT/wr_done1
    SLICE_X39Y97.D4        net (fanout=5)        0.470   system_i/axi_interconnect_1_M_AWREADY[0]
    SLICE_X39Y97.DMUX      Tilo                  0.357   system_i/axi_interconnect_1/DEBUG_MC_MP_RDATACONTROL[0]
                                                         system_i/axi_interconnect_1/axi_interconnect_1/mi_protocol_conv_bank/gen_protocol_slot[0].gen_prot_conv.conv_inst/gen_axilite.gen_axilite_conv.axilite_conv_inst/S_AXI_WREADY1
    SLICE_X39Y99.C6        net (fanout=1)        0.295   system_i/axi_interconnect_1/DEBUG_MC_MP_WDATACONTROL[1]
    SLICE_X39Y99.C         Tilo                  0.124   system_i/axi_interconnect_1/axi_interconnect_1/crossbar_samd/gen_sasd.crossbar_sasd_0/w_complete_mux
                                                         system_i/axi_interconnect_1/axi_interconnect_1/crossbar_samd/gen_sasd.crossbar_sasd_0/gen_crossbar.mi_wready_mux_inst/o_i
    SLICE_X37Y100.A2       net (fanout=4)        0.832   system_i/axi_interconnect_1/axi_interconnect_1/crossbar_samd/gen_sasd.crossbar_sasd_0/gen_crossbar.mi_wready_mux_inst/o_i
    SLICE_X37Y100.A        Tilo                  0.124   system_i/axi_interconnect_1_S_BVALID
                                                         system_i/axi_interconnect_1/axi_interconnect_1/crossbar_samd/gen_sasd.crossbar_sasd_0/si_wready1
    PS7_X0Y0.MAXIGP0WREADY net (fanout=1)        0.959   system_i/axi_interconnect_1_S_WREADY
    PS7_X0Y0.MAXIGP0ACLK   Tpssdck_MAXIGP0WREADY  0.883   system_i/processing_system7_0/processing_system7_0/PS7_i
                                                         system_i/processing_system7_0/processing_system7_0/PS7_i
    ---------------------------------------------------  ---------------------------
    Total                                        6.254ns (2.192ns logic, 4.062ns route)
                                                         (35.0% logic, 65.0% route)

--------------------------------------------------------------------------------
Slack:                  13.769ns (requirement - (data path - clock path skew + uncertainty))
  Source:               system_i/axi_timer_0/axi_timer_0/AXI4_LITE_I/I_SLAVE_ATTACHMENT/I_DECODER/ce_out_i_1 (FF)
  Destination:          system_i/processing_system7_0/processing_system7_0/PS7_i (OTHER)
  Requirement:          20.000ns
  Data Path Delay:      6.220ns (Levels of Logic = 5)
  Clock Path Skew:      0.024ns (0.854 - 0.830)
  Source Clock:         system_i/processing_system7_0_FCLK_CLK0 rising at 0.000ns
  Destination Clock:    system_i/processing_system7_0_FCLK_CLK0 rising at 20.000ns
  Clock Uncertainty:    0.035ns

  Clock Uncertainty:          0.035ns  ((TSJ^2 + TIJ^2)^1/2 + DJ) / 2 + PE
    Total System Jitter (TSJ):  0.070ns
    Total Input Jitter (TIJ):   0.000ns
    Discrete Jitter (DJ):       0.000ns
    Phase Error (PE):           0.000ns

  Maximum Data Path at Slow Process Corner: system_i/axi_timer_0/axi_timer_0/AXI4_LITE_I/I_SLAVE_ATTACHMENT/I_DECODER/ce_out_i_1 to system_i/processing_system7_0/processing_system7_0/PS7_i
    Location               Delay type         Delay(ns)  Physical Resource
                                                         Logical Resource(s)
    ---------------------------------------------------  -------------------
    SLICE_X34Y96.BQ        Tcko                  0.518   system_i/axi_timer_0/axi_timer_0/AXI4_LITE_I/I_SLAVE_ATTACHMENT/I_DECODER/ce_out_i_4
                                                         system_i/axi_timer_0/axi_timer_0/AXI4_LITE_I/I_SLAVE_ATTACHMENT/I_DECODER/ce_out_i_1
    SLICE_X38Y97.A2        net (fanout=46)       1.006   system_i/axi_timer_0/axi_timer_0/AXI4_LITE_I/I_SLAVE_ATTACHMENT/I_DECODER/ce_out_i_1
    SLICE_X38Y97.A         Tilo                  0.124   system_i/axi_timer_0/axi_timer_0/AXI4_LITE_I/I_SLAVE_ATTACHMENT/I_DECODER/Bus_RNW_reg_1
                                                         system_i/axi_timer_0/axi_timer_0/AXI4_LITE_I/I_SLAVE_ATTACHMENT/wr_done1_SW0
    SLICE_X39Y97.C5        net (fanout=1)        0.404   system_i/axi_timer_0/N77
    SLICE_X39Y97.C         Tilo                  0.124   system_i/axi_interconnect_1/DEBUG_MC_MP_RDATACONTROL[0]
                                                         system_i/axi_timer_0/axi_timer_0/AXI4_LITE_I/I_SLAVE_ATTACHMENT/wr_done1
    SLICE_X39Y97.D4        net (fanout=5)        0.470   system_i/axi_interconnect_1_M_AWREADY[0]
    SLICE_X39Y97.DMUX      Tilo                  0.357   system_i/axi_interconnect_1/DEBUG_MC_MP_RDATACONTROL[0]
                                                         system_i/axi_interconnect_1/axi_interconnect_1/mi_protocol_conv_bank/gen_protocol_slot[0].gen_prot_conv.conv_inst/gen_axilite.gen_axilite_conv.axilite_conv_inst/S_AXI_WREADY1
    SLICE_X39Y99.C6        net (fanout=1)        0.295   system_i/axi_interconnect_1/DEBUG_MC_MP_WDATACONTROL[1]
    SLICE_X39Y99.C         Tilo                  0.124   system_i/axi_interconnect_1/axi_interconnect_1/crossbar_samd/gen_sasd.crossbar_sasd_0/w_complete_mux
                                                         system_i/axi_interconnect_1/axi_interconnect_1/crossbar_samd/gen_sasd.crossbar_sasd_0/gen_crossbar.mi_wready_mux_inst/o_i
    SLICE_X37Y100.A2       net (fanout=4)        0.832   system_i/axi_interconnect_1/axi_interconnect_1/crossbar_samd/gen_sasd.crossbar_sasd_0/gen_crossbar.mi_wready_mux_inst/o_i
    SLICE_X37Y100.A        Tilo                  0.124   system_i/axi_interconnect_1_S_BVALID
                                                         system_i/axi_interconnect_1/axi_interconnect_1/crossbar_samd/gen_sasd.crossbar_sasd_0/si_wready1
    PS7_X0Y0.MAXIGP0WREADY net (fanout=1)        0.959   system_i/axi_interconnect_1_S_WREADY
    PS7_X0Y0.MAXIGP0ACLK   Tpssdck_MAXIGP0WREADY  0.883   system_i/processing_system7_0/processing_system7_0/PS7_i
                                                         system_i/processing_system7_0/processing_system7_0/PS7_i
    ---------------------------------------------------  ---------------------------
    Total                                        6.220ns (2.254ns logic, 3.966ns route)
                                                         (36.2% logic, 63.8% route)

--------------------------------------------------------------------------------
Slack:                  13.776ns (requirement - (data path - clock path skew + uncertainty))
  Source:               system_i/axi_timer_0/axi_timer_0/AXI4_LITE_I/I_SLAVE_ATTACHMENT/I_DECODER/Bus_RNW_reg (FF)
  Destination:          system_i/axi_interconnect_1/axi_interconnect_1/crossbar_samd/gen_sasd.crossbar_sasd_0/gen_crossbar.addr_arbiter_inst/m_valid_i_1 (FF)
  Requirement:          20.000ns
  Data Path Delay:      6.130ns (Levels of Logic = 7)
  Clock Path Skew:      -0.059ns (0.772 - 0.831)
  Source Clock:         system_i/processing_system7_0_FCLK_CLK0 rising at 0.000ns
  Destination Clock:    system_i/processing_system7_0_FCLK_CLK0 rising at 20.000ns
  Clock Uncertainty:    0.035ns

  Clock Uncertainty:          0.035ns  ((TSJ^2 + TIJ^2)^1/2 + DJ) / 2 + PE
    Total System Jitter (TSJ):  0.070ns
    Total Input Jitter (TIJ):   0.000ns
    Discrete Jitter (DJ):       0.000ns
    Phase Error (PE):           0.000ns

  Maximum Data Path at Slow Process Corner: system_i/axi_timer_0/axi_timer_0/AXI4_LITE_I/I_SLAVE_ATTACHMENT/I_DECODER/Bus_RNW_reg to system_i/axi_interconnect_1/axi_interconnect_1/crossbar_samd/gen_sasd.crossbar_sasd_0/gen_crossbar.addr_arbiter_inst/m_valid_i_1
    Location             Delay type         Delay(ns)  Physical Resource
                                                       Logical Resource(s)
    -------------------------------------------------  -------------------
    SLICE_X36Y97.DMUX    Tshcko                0.652   system_i/axi_timer_0/N6
                                                       system_i/axi_timer_0/axi_timer_0/AXI4_LITE_I/I_SLAVE_ATTACHMENT/I_DECODER/Bus_RNW_reg
    SLICE_X38Y97.A5      net (fanout=80)       0.520   system_i/axi_timer_0/axi_timer_0/AXI4_LITE_I/I_SLAVE_ATTACHMENT/I_DECODER/Bus_RNW_reg
    SLICE_X38Y97.AMUX    Tilo                  0.320   system_i/axi_timer_0/axi_timer_0/AXI4_LITE_I/I_SLAVE_ATTACHMENT/I_DECODER/Bus_RNW_reg_1
                                                       system_i/axi_timer_0/axi_timer_0/AXI4_LITE_I/I_SLAVE_ATTACHMENT/rd_done1_SW0
    SLICE_X39Y97.A3      net (fanout=1)        0.647   system_i/axi_timer_0/N79
    SLICE_X39Y97.A       Tilo                  0.124   system_i/axi_interconnect_1/DEBUG_MC_MP_RDATACONTROL[0]
                                                       system_i/axi_timer_0/axi_timer_0/AXI4_LITE_I/I_SLAVE_ATTACHMENT/rd_done1
    SLICE_X39Y97.B5      net (fanout=4)        0.276   system_i/axi_interconnect_1_M_ARREADY[0]
    SLICE_X39Y97.BMUX    Tilo                  0.327   system_i/axi_interconnect_1/DEBUG_MC_MP_RDATACONTROL[0]
                                                       system_i/axi_interconnect_1/axi_interconnect_1/crossbar_samd/gen_sasd.crossbar_sasd_0/mi_arvalid<0>1_SW0
    SLICE_X42Y99.C5      net (fanout=1)        0.573   system_i/axi_interconnect_1/N41
    SLICE_X42Y99.C       Tilo                  0.124   system_i/axi_interconnect_1/N39
                                                       system_i/axi_interconnect_1/axi_interconnect_1/mi_protocol_conv_bank/gen_protocol_slot[0].gen_prot_conv.conv_inst/gen_axilite.gen_axilite_conv.axilite_conv_inst/S_AXI_ARREADY1
    SLICE_X42Y99.D4      net (fanout=2)        0.477   system_i/axi_interconnect_1/DEBUG_MC_MP_ARADDRCONTROL[1]
    SLICE_X42Y99.D       Tilo                  0.124   system_i/axi_interconnect_1/N39
                                                       system_i/axi_interconnect_1/axi_interconnect_1/crossbar_samd/gen_sasd.crossbar_sasd_0/gen_crossbar.splitter_ar/out1_SW0
    SLICE_X44Y100.A2     net (fanout=2)        0.817   system_i/axi_interconnect_1/N39
    SLICE_X44Y100.A      Tilo                  0.124   system_i/axi_interconnect_1/N58
                                                       system_i/axi_interconnect_1/axi_interconnect_1/crossbar_samd/gen_sasd.crossbar_sasd_0/gen_crossbar.addr_arbiter_inst/m_valid_i_glue_set_SW1
    SLICE_X41Y100.D6     net (fanout=1)        0.307   system_i/axi_interconnect_1/N58
    SLICE_X41Y100.D      Tilo                  0.124   system_i/axi_interconnect_1/axi_interconnect_1/crossbar_samd/gen_sasd.crossbar_sasd_0/gen_crossbar.addr_arbiter_inst/m_valid_i
                                                       system_i/axi_interconnect_1/axi_interconnect_1/crossbar_samd/gen_sasd.crossbar_sasd_0/gen_crossbar.addr_arbiter_inst/m_valid_i_glue_set
    SLICE_X40Y99.AX      net (fanout=1)        0.527   system_i/axi_interconnect_1/axi_interconnect_1/crossbar_samd/gen_sasd.crossbar_sasd_0/gen_crossbar.addr_arbiter_inst/m_valid_i_glue_set
    SLICE_X40Y99.CLK     Tdick                 0.067   system_i/axi_interconnect_1/axi_interconnect_1/crossbar_samd/gen_sasd.crossbar_sasd_0/gen_crossbar.addr_arbiter_inst/m_valid_i_1
                                                       system_i/axi_interconnect_1/axi_interconnect_1/crossbar_samd/gen_sasd.crossbar_sasd_0/gen_crossbar.addr_arbiter_inst/m_valid_i_1
    -------------------------------------------------  ---------------------------
    Total                                      6.130ns (1.986ns logic, 4.144ns route)
                                                       (32.4% logic, 67.6% route)

--------------------------------------------------------------------------------
Slack:                  13.794ns (requirement - (data path - clock path skew + uncertainty))
  Source:               system_i/axi_timer_0/axi_timer_0/AXI4_LITE_I/I_SLAVE_ATTACHMENT/I_DECODER/ce_out_i_0 (FF)
  Destination:          system_i/axi_interconnect_1/axi_interconnect_1/crossbar_samd/gen_sasd.crossbar_sasd_0/gen_crossbar.addr_arbiter_inst/m_grant_hot_i_0 (FF)
  Requirement:          20.000ns
  Data Path Delay:      6.187ns (Levels of Logic = 7)
  Clock Path Skew:      0.016ns (1.516 - 1.500)
  Source Clock:         system_i/processing_system7_0_FCLK_CLK0 rising at 0.000ns
  Destination Clock:    system_i/processing_system7_0_FCLK_CLK0 rising at 20.000ns
  Clock Uncertainty:    0.035ns

  Clock Uncertainty:          0.035ns  ((TSJ^2 + TIJ^2)^1/2 + DJ) / 2 + PE
    Total System Jitter (TSJ):  0.070ns
    Total Input Jitter (TIJ):   0.000ns
    Discrete Jitter (DJ):       0.000ns
    Phase Error (PE):           0.000ns

  Maximum Data Path at Slow Process Corner: system_i/axi_timer_0/axi_timer_0/AXI4_LITE_I/I_SLAVE_ATTACHMENT/I_DECODER/ce_out_i_0 to system_i/axi_interconnect_1/axi_interconnect_1/crossbar_samd/gen_sasd.crossbar_sasd_0/gen_crossbar.addr_arbiter_inst/m_grant_hot_i_0
    Location             Delay type         Delay(ns)  Physical Resource
                                                       Logical Resource(s)
    -------------------------------------------------  -------------------
    SLICE_X34Y96.AQ      Tcko                  0.518   system_i/axi_timer_0/axi_timer_0/AXI4_LITE_I/I_SLAVE_ATTACHMENT/I_DECODER/ce_out_i_4
                                                       system_i/axi_timer_0/axi_timer_0/AXI4_LITE_I/I_SLAVE_ATTACHMENT/I_DECODER/ce_out_i_0
    SLICE_X38Y97.A3      net (fanout=8)        0.889   system_i/axi_timer_0/axi_timer_0/AXI4_LITE_I/I_SLAVE_ATTACHMENT/I_DECODER/ce_out_i_0
    SLICE_X38Y97.AMUX    Tilo                  0.352   system_i/axi_timer_0/axi_timer_0/AXI4_LITE_I/I_SLAVE_ATTACHMENT/I_DECODER/Bus_RNW_reg_1
                                                       system_i/axi_timer_0/axi_timer_0/AXI4_LITE_I/I_SLAVE_ATTACHMENT/rd_done1_SW0
    SLICE_X39Y97.A3      net (fanout=1)        0.647   system_i/axi_timer_0/N79
    SLICE_X39Y97.A       Tilo                  0.124   system_i/axi_interconnect_1/DEBUG_MC_MP_RDATACONTROL[0]
                                                       system_i/axi_timer_0/axi_timer_0/AXI4_LITE_I/I_SLAVE_ATTACHMENT/rd_done1
    SLICE_X39Y97.B5      net (fanout=4)        0.276   system_i/axi_interconnect_1_M_ARREADY[0]
    SLICE_X39Y97.BMUX    Tilo                  0.327   system_i/axi_interconnect_1/DEBUG_MC_MP_RDATACONTROL[0]
                                                       system_i/axi_interconnect_1/axi_interconnect_1/crossbar_samd/gen_sasd.crossbar_sasd_0/mi_arvalid<0>1_SW0
    SLICE_X42Y99.C5      net (fanout=1)        0.573   system_i/axi_interconnect_1/N41
    SLICE_X42Y99.C       Tilo                  0.124   system_i/axi_interconnect_1/N39
                                                       system_i/axi_interconnect_1/axi_interconnect_1/mi_protocol_conv_bank/gen_protocol_slot[0].gen_prot_conv.conv_inst/gen_axilite.gen_axilite_conv.axilite_conv_inst/S_AXI_ARREADY1
    SLICE_X42Y99.D4      net (fanout=2)        0.477   system_i/axi_interconnect_1/DEBUG_MC_MP_ARADDRCONTROL[1]
    SLICE_X42Y99.D       Tilo                  0.124   system_i/axi_interconnect_1/N39
                                                       system_i/axi_interconnect_1/axi_interconnect_1/crossbar_samd/gen_sasd.crossbar_sasd_0/gen_crossbar.splitter_ar/out1_SW0
    SLICE_X42Y100.A3     net (fanout=2)        0.724   system_i/axi_interconnect_1/N39
    SLICE_X42Y100.A      Tilo                  0.124   system_i/axi_interconnect_1/axi_interconnect_1/crossbar_samd/gen_sasd.crossbar_sasd_0/gen_crossbar.splitter_ar/m_ready_d[1]
                                                       system_i/axi_interconnect_1/axi_interconnect_1/crossbar_samd/gen_sasd.crossbar_sasd_0/gen_crossbar.splitter_ar/out1
    SLICE_X40Y100.A2     net (fanout=3)        0.813   system_i/axi_interconnect_1/axi_interconnect_1/crossbar_samd/gen_sasd.crossbar_sasd_0/aa_arready
    SLICE_X40Y100.CLK    Tas                   0.095   system_i/axi_interconnect_1/axi_interconnect_1/crossbar_samd/gen_sasd.crossbar_sasd_0/gen_crossbar.addr_arbiter_inst/m_grant_hot_i_0
                                                       system_i/axi_interconnect_1/axi_interconnect_1/crossbar_samd/gen_sasd.crossbar_sasd_0/gen_crossbar.addr_arbiter_inst/m_grant_hot_i_0_glue_set
                                                       system_i/axi_interconnect_1/axi_interconnect_1/crossbar_samd/gen_sasd.crossbar_sasd_0/gen_crossbar.addr_arbiter_inst/m_grant_hot_i_0
    -------------------------------------------------  ---------------------------
    Total                                      6.187ns (1.788ns logic, 4.399ns route)
                                                       (28.9% logic, 71.1% route)

--------------------------------------------------------------------------------
Slack:                  13.801ns (requirement - (data path - clock path skew + uncertainty))
  Source:               system_i/axi_timer_0/axi_timer_0/AXI4_LITE_I/I_SLAVE_ATTACHMENT/I_DECODER/ce_out_i_4 (FF)
  Destination:          system_i/axi_interconnect_1/axi_interconnect_1/crossbar_samd/gen_sasd.crossbar_sasd_0/gen_crossbar.splitter_ar/m_ready_d_1 (FF)
  Requirement:          20.000ns
  Data Path Delay:      6.180ns (Levels of Logic = 7)
  Clock Path Skew:      0.016ns (1.516 - 1.500)
  Source Clock:         system_i/processing_system7_0_FCLK_CLK0 rising at 0.000ns
  Destination Clock:    system_i/processing_system7_0_FCLK_CLK0 rising at 20.000ns
  Clock Uncertainty:    0.035ns

  Clock Uncertainty:          0.035ns  ((TSJ^2 + TIJ^2)^1/2 + DJ) / 2 + PE
    Total System Jitter (TSJ):  0.070ns
    Total Input Jitter (TIJ):   0.000ns
    Discrete Jitter (DJ):       0.000ns
    Phase Error (PE):           0.000ns

  Maximum Data Path at Slow Process Corner: system_i/axi_timer_0/axi_timer_0/AXI4_LITE_I/I_SLAVE_ATTACHMENT/I_DECODER/ce_out_i_4 to system_i/axi_interconnect_1/axi_interconnect_1/crossbar_samd/gen_sasd.crossbar_sasd_0/gen_crossbar.splitter_ar/m_ready_d_1
    Location             Delay type         Delay(ns)  Physical Resource
                                                       Logical Resource(s)
    -------------------------------------------------  -------------------
    SLICE_X34Y96.DQ      Tcko                  0.518   system_i/axi_timer_0/axi_timer_0/AXI4_LITE_I/I_SLAVE_ATTACHMENT/I_DECODER/ce_out_i_4
                                                       system_i/axi_timer_0/axi_timer_0/AXI4_LITE_I/I_SLAVE_ATTACHMENT/I_DECODER/ce_out_i_4
    SLICE_X38Y97.A1      net (fanout=7)        1.049   system_i/axi_timer_0/axi_timer_0/AXI4_LITE_I/I_SLAVE_ATTACHMENT/I_DECODER/ce_out_i_4
    SLICE_X38Y97.AMUX    Tilo                  0.354   system_i/axi_timer_0/axi_timer_0/AXI4_LITE_I/I_SLAVE_ATTACHMENT/I_DECODER/Bus_RNW_reg_1
                                                       system_i/axi_timer_0/axi_timer_0/AXI4_LITE_I/I_SLAVE_ATTACHMENT/rd_done1_SW0
    SLICE_X39Y97.A3      net (fanout=1)        0.647   system_i/axi_timer_0/N79
    SLICE_X39Y97.A       Tilo                  0.124   system_i/axi_interconnect_1/DEBUG_MC_MP_RDATACONTROL[0]
                                                       system_i/axi_timer_0/axi_timer_0/AXI4_LITE_I/I_SLAVE_ATTACHMENT/rd_done1
    SLICE_X39Y97.B5      net (fanout=4)        0.276   system_i/axi_interconnect_1_M_ARREADY[0]
    SLICE_X39Y97.BMUX    Tilo                  0.327   system_i/axi_interconnect_1/DEBUG_MC_MP_RDATACONTROL[0]
                                                       system_i/axi_interconnect_1/axi_interconnect_1/crossbar_samd/gen_sasd.crossbar_sasd_0/mi_arvalid<0>1_SW0
    SLICE_X42Y99.C5      net (fanout=1)        0.573   system_i/axi_interconnect_1/N41
    SLICE_X42Y99.C       Tilo                  0.124   system_i/axi_interconnect_1/N39
                                                       system_i/axi_interconnect_1/axi_interconnect_1/mi_protocol_conv_bank/gen_protocol_slot[0].gen_prot_conv.conv_inst/gen_axilite.gen_axilite_conv.axilite_conv_inst/S_AXI_ARREADY1
    SLICE_X42Y99.D4      net (fanout=2)        0.477   system_i/axi_interconnect_1/DEBUG_MC_MP_ARADDRCONTROL[1]
    SLICE_X42Y99.D       Tilo                  0.124   system_i/axi_interconnect_1/N39
                                                       system_i/axi_interconnect_1/axi_interconnect_1/crossbar_samd/gen_sasd.crossbar_sasd_0/gen_crossbar.splitter_ar/out1_SW0
    SLICE_X42Y100.A3     net (fanout=2)        0.724   system_i/axi_interconnect_1/N39
    SLICE_X42Y100.A      Tilo                  0.124   system_i/axi_interconnect_1/axi_interconnect_1/crossbar_samd/gen_sasd.crossbar_sasd_0/gen_crossbar.splitter_ar/m_ready_d[1]
                                                       system_i/axi_interconnect_1/axi_interconnect_1/crossbar_samd/gen_sasd.crossbar_sasd_0/gen_crossbar.splitter_ar/out1
    SLICE_X42Y100.C1     net (fanout=3)        0.694   system_i/axi_interconnect_1/axi_interconnect_1/crossbar_samd/gen_sasd.crossbar_sasd_0/aa_arready
    SLICE_X42Y100.CLK    Tas                   0.045   system_i/axi_interconnect_1/axi_interconnect_1/crossbar_samd/gen_sasd.crossbar_sasd_0/gen_crossbar.splitter_ar/m_ready_d[1]
                                                       system_i/axi_interconnect_1/axi_interconnect_1/crossbar_samd/gen_sasd.crossbar_sasd_0/gen_crossbar.splitter_ar/m_ready_d_1_rstpot
                                                       system_i/axi_interconnect_1/axi_interconnect_1/crossbar_samd/gen_sasd.crossbar_sasd_0/gen_crossbar.splitter_ar/m_ready_d_1
    -------------------------------------------------  ---------------------------
    Total                                      6.180ns (1.740ns logic, 4.440ns route)
                                                       (28.2% logic, 71.8% route)

--------------------------------------------------------------------------------
Slack:                  13.810ns (requirement - (data path - clock path skew + uncertainty))
  Source:               system_i/axi_timer_0/axi_timer_0/AXI4_LITE_I/I_SLAVE_ATTACHMENT/I_DECODER/ce_out_i_5 (FF)
  Destination:          system_i/axi_interconnect_1/axi_interconnect_1/crossbar_samd/gen_sasd.crossbar_sasd_0/gen_crossbar.splitter_ar/m_ready_d_1 (FF)
  Requirement:          20.000ns
  Data Path Delay:      6.171ns (Levels of Logic = 7)
  Clock Path Skew:      0.016ns (1.516 - 1.500)
  Source Clock:         system_i/processing_system7_0_FCLK_CLK0 rising at 0.000ns
  Destination Clock:    system_i/processing_system7_0_FCLK_CLK0 rising at 20.000ns
  Clock Uncertainty:    0.035ns

  Clock Uncertainty:          0.035ns  ((TSJ^2 + TIJ^2)^1/2 + DJ) / 2 + PE
    Total System Jitter (TSJ):  0.070ns
    Total Input Jitter (TIJ):   0.000ns
    Discrete Jitter (DJ):       0.000ns
    Phase Error (PE):           0.000ns

  Maximum Data Path at Slow Process Corner: system_i/axi_timer_0/axi_timer_0/AXI4_LITE_I/I_SLAVE_ATTACHMENT/I_DECODER/ce_out_i_5 to system_i/axi_interconnect_1/axi_interconnect_1/crossbar_samd/gen_sasd.crossbar_sasd_0/gen_crossbar.splitter_ar/m_ready_d_1
    Location             Delay type         Delay(ns)  Physical Resource
                                                       Logical Resource(s)
    -------------------------------------------------  -------------------
    SLICE_X37Y96.AQ      Tcko                  0.456   system_i/axi_timer_0/axi_timer_0/AXI4_LITE_I/I_SLAVE_ATTACHMENT/I_DECODER/ce_out_i_6
                                                       system_i/axi_timer_0/axi_timer_0/AXI4_LITE_I/I_SLAVE_ATTACHMENT/I_DECODER/ce_out_i_5
    SLICE_X38Y97.A4      net (fanout=30)       1.102   system_i/axi_timer_0/axi_timer_0/AXI4_LITE_I/I_SLAVE_ATTACHMENT/I_DECODER/ce_out_i_5
    SLICE_X38Y97.AMUX    Tilo                  0.354   system_i/axi_timer_0/axi_timer_0/AXI4_LITE_I/I_SLAVE_ATTACHMENT/I_DECODER/Bus_RNW_reg_1
                                                       system_i/axi_timer_0/axi_timer_0/AXI4_LITE_I/I_SLAVE_ATTACHMENT/rd_done1_SW0
    SLICE_X39Y97.A3      net (fanout=1)        0.647   system_i/axi_timer_0/N79
    SLICE_X39Y97.A       Tilo                  0.124   system_i/axi_interconnect_1/DEBUG_MC_MP_RDATACONTROL[0]
                                                       system_i/axi_timer_0/axi_timer_0/AXI4_LITE_I/I_SLAVE_ATTACHMENT/rd_done1
    SLICE_X39Y97.B5      net (fanout=4)        0.276   system_i/axi_interconnect_1_M_ARREADY[0]
    SLICE_X39Y97.BMUX    Tilo                  0.327   system_i/axi_interconnect_1/DEBUG_MC_MP_RDATACONTROL[0]
                                                       system_i/axi_interconnect_1/axi_interconnect_1/crossbar_samd/gen_sasd.crossbar_sasd_0/mi_arvalid<0>1_SW0
    SLICE_X42Y99.C5      net (fanout=1)        0.573   system_i/axi_interconnect_1/N41
    SLICE_X42Y99.C       Tilo                  0.124   system_i/axi_interconnect_1/N39
                                                       system_i/axi_interconnect_1/axi_interconnect_1/mi_protocol_conv_bank/gen_protocol_slot[0].gen_prot_conv.conv_inst/gen_axilite.gen_axilite_conv.axilite_conv_inst/S_AXI_ARREADY1
    SLICE_X42Y99.D4      net (fanout=2)        0.477   system_i/axi_interconnect_1/DEBUG_MC_MP_ARADDRCONTROL[1]
    SLICE_X42Y99.D       Tilo                  0.124   system_i/axi_interconnect_1/N39
                                                       system_i/axi_interconnect_1/axi_interconnect_1/crossbar_samd/gen_sasd.crossbar_sasd_0/gen_crossbar.splitter_ar/out1_SW0
    SLICE_X42Y100.A3     net (fanout=2)        0.724   system_i/axi_interconnect_1/N39
    SLICE_X42Y100.A      Tilo                  0.124   system_i/axi_interconnect_1/axi_interconnect_1/crossbar_samd/gen_sasd.crossbar_sasd_0/gen_crossbar.splitter_ar/m_ready_d[1]
                                                       system_i/axi_interconnect_1/axi_interconnect_1/crossbar_samd/gen_sasd.crossbar_sasd_0/gen_crossbar.splitter_ar/out1
    SLICE_X42Y100.C1     net (fanout=3)        0.694   system_i/axi_interconnect_1/axi_interconnect_1/crossbar_samd/gen_sasd.crossbar_sasd_0/aa_arready
    SLICE_X42Y100.CLK    Tas                   0.045   system_i/axi_interconnect_1/axi_interconnect_1/crossbar_samd/gen_sasd.crossbar_sasd_0/gen_crossbar.splitter_ar/m_ready_d[1]
                                                       system_i/axi_interconnect_1/axi_interconnect_1/crossbar_samd/gen_sasd.crossbar_sasd_0/gen_crossbar.splitter_ar/m_ready_d_1_rstpot
                                                       system_i/axi_interconnect_1/axi_interconnect_1/crossbar_samd/gen_sasd.crossbar_sasd_0/gen_crossbar.splitter_ar/m_ready_d_1
    -------------------------------------------------  ---------------------------
    Total                                      6.171ns (1.678ns logic, 4.493ns route)
                                                       (27.2% logic, 72.8% route)

--------------------------------------------------------------------------------
Slack:                  13.848ns (requirement - (data path - clock path skew + uncertainty))
  Source:               system_i/axi_timer_0/axi_timer_0/AXI4_LITE_I/I_SLAVE_ATTACHMENT/I_DECODER/ce_out_i_1 (FF)
  Destination:          system_i/axi_interconnect_1/axi_interconnect_1/crossbar_samd/gen_sasd.crossbar_sasd_0/gen_crossbar.splitter_ar/m_ready_d_1 (FF)
  Requirement:          20.000ns
  Data Path Delay:      6.133ns (Levels of Logic = 7)
  Clock Path Skew:      0.016ns (1.516 - 1.500)
  Source Clock:         system_i/processing_system7_0_FCLK_CLK0 rising at 0.000ns
  Destination Clock:    system_i/processing_system7_0_FCLK_CLK0 rising at 20.000ns
  Clock Uncertainty:    0.035ns

  Clock Uncertainty:          0.035ns  ((TSJ^2 + TIJ^2)^1/2 + DJ) / 2 + PE
    Total System Jitter (TSJ):  0.070ns
    Total Input Jitter (TIJ):   0.000ns
    Discrete Jitter (DJ):       0.000ns
    Phase Error (PE):           0.000ns

  Maximum Data Path at Slow Process Corner: system_i/axi_timer_0/axi_timer_0/AXI4_LITE_I/I_SLAVE_ATTACHMENT/I_DECODER/ce_out_i_1 to system_i/axi_interconnect_1/axi_interconnect_1/crossbar_samd/gen_sasd.crossbar_sasd_0/gen_crossbar.splitter_ar/m_ready_d_1
    Location             Delay type         Delay(ns)  Physical Resource
                                                       Logical Resource(s)
    -------------------------------------------------  -------------------
    SLICE_X34Y96.BQ      Tcko                  0.518   system_i/axi_timer_0/axi_timer_0/AXI4_LITE_I/I_SLAVE_ATTACHMENT/I_DECODER/ce_out_i_4
                                                       system_i/axi_timer_0/axi_timer_0/AXI4_LITE_I/I_SLAVE_ATTACHMENT/I_DECODER/ce_out_i_1
    SLICE_X38Y97.A2      net (fanout=46)       1.006   system_i/axi_timer_0/axi_timer_0/AXI4_LITE_I/I_SLAVE_ATTACHMENT/I_DECODER/ce_out_i_1
    SLICE_X38Y97.AMUX    Tilo                  0.350   system_i/axi_timer_0/axi_timer_0/AXI4_LITE_I/I_SLAVE_ATTACHMENT/I_DECODER/Bus_RNW_reg_1
                                                       system_i/axi_timer_0/axi_timer_0/AXI4_LITE_I/I_SLAVE_ATTACHMENT/rd_done1_SW0
    SLICE_X39Y97.A3      net (fanout=1)        0.647   system_i/axi_timer_0/N79
    SLICE_X39Y97.A       Tilo                  0.124   system_i/axi_interconnect_1/DEBUG_MC_MP_RDATACONTROL[0]
                                                       system_i/axi_timer_0/axi_timer_0/AXI4_LITE_I/I_SLAVE_ATTACHMENT/rd_done1
    SLICE_X39Y97.B5      net (fanout=4)        0.276   system_i/axi_interconnect_1_M_ARREADY[0]
    SLICE_X39Y97.BMUX    Tilo                  0.327   system_i/axi_interconnect_1/DEBUG_MC_MP_RDATACONTROL[0]
                                                       system_i/axi_interconnect_1/axi_interconnect_1/crossbar_samd/gen_sasd.crossbar_sasd_0/mi_arvalid<0>1_SW0
    SLICE_X42Y99.C5      net (fanout=1)        0.573   system_i/axi_interconnect_1/N41
    SLICE_X42Y99.C       Tilo                  0.124   system_i/axi_interconnect_1/N39
                                                       system_i/axi_interconnect_1/axi_interconnect_1/mi_protocol_conv_bank/gen_protocol_slot[0].gen_prot_conv.conv_inst/gen_axilite.gen_axilite_conv.axilite_conv_inst/S_AXI_ARREADY1
    SLICE_X42Y99.D4      net (fanout=2)        0.477   system_i/axi_interconnect_1/DEBUG_MC_MP_ARADDRCONTROL[1]
    SLICE_X42Y99.D       Tilo                  0.124   system_i/axi_interconnect_1/N39
                                                       system_i/axi_interconnect_1/axi_interconnect_1/crossbar_samd/gen_sasd.crossbar_sasd_0/gen_crossbar.splitter_ar/out1_SW0
    SLICE_X42Y100.A3     net (fanout=2)        0.724   system_i/axi_interconnect_1/N39
    SLICE_X42Y100.A      Tilo                  0.124   system_i/axi_interconnect_1/axi_interconnect_1/crossbar_samd/gen_sasd.crossbar_sasd_0/gen_crossbar.splitter_ar/m_ready_d[1]
                                                       system_i/axi_interconnect_1/axi_interconnect_1/crossbar_samd/gen_sasd.crossbar_sasd_0/gen_crossbar.splitter_ar/out1
    SLICE_X42Y100.C1     net (fanout=3)        0.694   system_i/axi_interconnect_1/axi_interconnect_1/crossbar_samd/gen_sasd.crossbar_sasd_0/aa_arready
    SLICE_X42Y100.CLK    Tas                   0.045   system_i/axi_interconnect_1/axi_interconnect_1/crossbar_samd/gen_sasd.crossbar_sasd_0/gen_crossbar.splitter_ar/m_ready_d[1]
                                                       system_i/axi_interconnect_1/axi_interconnect_1/crossbar_samd/gen_sasd.crossbar_sasd_0/gen_crossbar.splitter_ar/m_ready_d_1_rstpot
                                                       system_i/axi_interconnect_1/axi_interconnect_1/crossbar_samd/gen_sasd.crossbar_sasd_0/gen_crossbar.splitter_ar/m_ready_d_1
    -------------------------------------------------  ---------------------------
    Total                                      6.133ns (1.736ns logic, 4.397ns route)
                                                       (28.3% logic, 71.7% route)

--------------------------------------------------------------------------------
Slack:                  13.877ns (requirement - (data path - clock path skew + uncertainty))
  Source:               system_i/processing_system7_0/processing_system7_0/PS7_i (OTHER)
  Destination:          system_i/axi_interconnect_1/axi_interconnect_1/crossbar_samd/gen_sasd.crossbar_sasd_0/gen_crossbar.addr_arbiter_inst/m_valid_i_1 (FF)
  Requirement:          20.000ns
  Data Path Delay:      5.945ns (Levels of Logic = 3)
  Clock Path Skew:      -0.143ns (0.772 - 0.915)
  Source Clock:         system_i/processing_system7_0_FCLK_CLK0 rising at 0.000ns
  Destination Clock:    system_i/processing_system7_0_FCLK_CLK0 rising at 20.000ns
  Clock Uncertainty:    0.035ns

  Clock Uncertainty:          0.035ns  ((TSJ^2 + TIJ^2)^1/2 + DJ) / 2 + PE
    Total System Jitter (TSJ):  0.070ns
    Total Input Jitter (TIJ):   0.000ns
    Discrete Jitter (DJ):       0.000ns
    Phase Error (PE):           0.000ns

  Maximum Data Path at Slow Process Corner: system_i/processing_system7_0/processing_system7_0/PS7_i to system_i/axi_interconnect_1/axi_interconnect_1/crossbar_samd/gen_sasd.crossbar_sasd_0/gen_crossbar.addr_arbiter_inst/m_valid_i_1
    Location               Delay type         Delay(ns)  Physical Resource
                                                         Logical Resource(s)
    ---------------------------------------------------  -------------------
    PS7_X0Y0.MAXIGP0WVALID Tpsscko_MAXIGP0WVALID  1.334   system_i/processing_system7_0/processing_system7_0/PS7_i
                                                         system_i/processing_system7_0/processing_system7_0/PS7_i
    SLICE_X39Y99.D2        net (fanout=6)        2.145   system_i/axi_interconnect_1_S_WVALID
    SLICE_X39Y99.D         Tilo                  0.124   system_i/axi_interconnect_1/axi_interconnect_1/crossbar_samd/gen_sasd.crossbar_sasd_0/w_complete_mux
                                                         system_i/axi_interconnect_1/axi_interconnect_1/crossbar_samd/gen_sasd.crossbar_sasd_0/w_complete_mux1
    SLICE_X40Y100.C1       net (fanout=3)        0.842   system_i/axi_interconnect_1/axi_interconnect_1/crossbar_samd/gen_sasd.crossbar_sasd_0/w_complete_mux
    SLICE_X40Y100.C        Tilo                  0.124   system_i/axi_interconnect_1/axi_interconnect_1/crossbar_samd/gen_sasd.crossbar_sasd_0/gen_crossbar.addr_arbiter_inst/m_grant_hot_i_0
                                                         system_i/axi_interconnect_1/axi_interconnect_1/crossbar_samd/gen_sasd.crossbar_sasd_0/gen_crossbar.addr_arbiter_inst/m_valid_i_glue_set_SW2
    SLICE_X41Y100.D2       net (fanout=1)        0.658   system_i/axi_interconnect_1/N59
    SLICE_X41Y100.D        Tilo                  0.124   system_i/axi_interconnect_1/axi_interconnect_1/crossbar_samd/gen_sasd.crossbar_sasd_0/gen_crossbar.addr_arbiter_inst/m_valid_i
                                                         system_i/axi_interconnect_1/axi_interconnect_1/crossbar_samd/gen_sasd.crossbar_sasd_0/gen_crossbar.addr_arbiter_inst/m_valid_i_glue_set
    SLICE_X40Y99.AX        net (fanout=1)        0.527   system_i/axi_interconnect_1/axi_interconnect_1/crossbar_samd/gen_sasd.crossbar_sasd_0/gen_crossbar.addr_arbiter_inst/m_valid_i_glue_set
    SLICE_X40Y99.CLK       Tdick                 0.067   system_i/axi_interconnect_1/axi_interconnect_1/crossbar_samd/gen_sasd.crossbar_sasd_0/gen_crossbar.addr_arbiter_inst/m_valid_i_1
                                                         system_i/axi_interconnect_1/axi_interconnect_1/crossbar_samd/gen_sasd.crossbar_sasd_0/gen_crossbar.addr_arbiter_inst/m_valid_i_1
    ---------------------------------------------------  ---------------------------
    Total                                        5.945ns (1.773ns logic, 4.172ns route)
                                                         (29.8% logic, 70.2% route)

--------------------------------------------------------------------------------
Slack:                  13.886ns (requirement - (data path - clock path skew + uncertainty))
  Source:               system_i/axi_timer_0/axi_timer_0/AXI4_LITE_I/I_SLAVE_ATTACHMENT/I_DECODER/ce_out_i_0 (FF)
  Destination:          system_i/processing_system7_0/processing_system7_0/PS7_i (OTHER)
  Requirement:          20.000ns
  Data Path Delay:      6.103ns (Levels of Logic = 5)
  Clock Path Skew:      0.024ns (0.854 - 0.830)
  Source Clock:         system_i/processing_system7_0_FCLK_CLK0 rising at 0.000ns
  Destination Clock:    system_i/processing_system7_0_FCLK_CLK0 rising at 20.000ns
  Clock Uncertainty:    0.035ns

  Clock Uncertainty:          0.035ns  ((TSJ^2 + TIJ^2)^1/2 + DJ) / 2 + PE
    Total System Jitter (TSJ):  0.070ns
    Total Input Jitter (TIJ):   0.000ns
    Discrete Jitter (DJ):       0.000ns
    Phase Error (PE):           0.000ns

  Maximum Data Path at Slow Process Corner: system_i/axi_timer_0/axi_timer_0/AXI4_LITE_I/I_SLAVE_ATTACHMENT/I_DECODER/ce_out_i_0 to system_i/processing_system7_0/processing_system7_0/PS7_i
    Location               Delay type         Delay(ns)  Physical Resource
                                                         Logical Resource(s)
    ---------------------------------------------------  -------------------
    SLICE_X34Y96.AQ        Tcko                  0.518   system_i/axi_timer_0/axi_timer_0/AXI4_LITE_I/I_SLAVE_ATTACHMENT/I_DECODER/ce_out_i_4
                                                         system_i/axi_timer_0/axi_timer_0/AXI4_LITE_I/I_SLAVE_ATTACHMENT/I_DECODER/ce_out_i_0
    SLICE_X38Y97.A3        net (fanout=8)        0.889   system_i/axi_timer_0/axi_timer_0/AXI4_LITE_I/I_SLAVE_ATTACHMENT/I_DECODER/ce_out_i_0
    SLICE_X38Y97.A         Tilo                  0.124   system_i/axi_timer_0/axi_timer_0/AXI4_LITE_I/I_SLAVE_ATTACHMENT/I_DECODER/Bus_RNW_reg_1
                                                         system_i/axi_timer_0/axi_timer_0/AXI4_LITE_I/I_SLAVE_ATTACHMENT/wr_done1_SW0
    SLICE_X39Y97.C5        net (fanout=1)        0.404   system_i/axi_timer_0/N77
    SLICE_X39Y97.C         Tilo                  0.124   system_i/axi_interconnect_1/DEBUG_MC_MP_RDATACONTROL[0]
                                                         system_i/axi_timer_0/axi_timer_0/AXI4_LITE_I/I_SLAVE_ATTACHMENT/wr_done1
    SLICE_X39Y97.D4        net (fanout=5)        0.470   system_i/axi_interconnect_1_M_AWREADY[0]
    SLICE_X39Y97.DMUX      Tilo                  0.357   system_i/axi_interconnect_1/DEBUG_MC_MP_RDATACONTROL[0]
                                                         system_i/axi_interconnect_1/axi_interconnect_1/mi_protocol_conv_bank/gen_protocol_slot[0].gen_prot_conv.conv_inst/gen_axilite.gen_axilite_conv.axilite_conv_inst/S_AXI_WREADY1
    SLICE_X39Y99.C6        net (fanout=1)        0.295   system_i/axi_interconnect_1/DEBUG_MC_MP_WDATACONTROL[1]
    SLICE_X39Y99.C         Tilo                  0.124   system_i/axi_interconnect_1/axi_interconnect_1/crossbar_samd/gen_sasd.crossbar_sasd_0/w_complete_mux
                                                         system_i/axi_interconnect_1/axi_interconnect_1/crossbar_samd/gen_sasd.crossbar_sasd_0/gen_crossbar.mi_wready_mux_inst/o_i
    SLICE_X37Y100.A2       net (fanout=4)        0.832   system_i/axi_interconnect_1/axi_interconnect_1/crossbar_samd/gen_sasd.crossbar_sasd_0/gen_crossbar.mi_wready_mux_inst/o_i
    SLICE_X37Y100.A        Tilo                  0.124   system_i/axi_interconnect_1_S_BVALID
                                                         system_i/axi_interconnect_1/axi_interconnect_1/crossbar_samd/gen_sasd.crossbar_sasd_0/si_wready1
    PS7_X0Y0.MAXIGP0WREADY net (fanout=1)        0.959   system_i/axi_interconnect_1_S_WREADY
    PS7_X0Y0.MAXIGP0ACLK   Tpssdck_MAXIGP0WREADY  0.883   system_i/processing_system7_0/processing_system7_0/PS7_i
                                                         system_i/processing_system7_0/processing_system7_0/PS7_i
    ---------------------------------------------------  ---------------------------
    Total                                        6.103ns (2.254ns logic, 3.849ns route)
                                                         (36.9% logic, 63.1% route)

--------------------------------------------------------------------------------
Slack:                  13.934ns (requirement - (data path - clock path skew + uncertainty))
  Source:               system_i/axi_interconnect_1/axi_interconnect_1/mi_protocol_conv_bank/gen_protocol_slot[1].gen_prot_conv.conv_inst/gen_axilite.gen_axilite_conv.axilite_conv_inst/areset_d_1 (FF)
  Destination:          system_i/axi_interconnect_1/axi_interconnect_1/crossbar_samd/gen_sasd.crossbar_sasd_0/gen_crossbar.addr_arbiter_inst/m_valid_i_1 (FF)
  Requirement:          20.000ns
  Data Path Delay:      6.006ns (Levels of Logic = 5)
  Clock Path Skew:      -0.025ns (0.171 - 0.196)
  Source Clock:         system_i/processing_system7_0_FCLK_CLK0 rising at 0.000ns
  Destination Clock:    system_i/processing_system7_0_FCLK_CLK0 rising at 20.000ns
  Clock Uncertainty:    0.035ns

  Clock Uncertainty:          0.035ns  ((TSJ^2 + TIJ^2)^1/2 + DJ) / 2 + PE
    Total System Jitter (TSJ):  0.070ns
    Total Input Jitter (TIJ):   0.000ns
    Discrete Jitter (DJ):       0.000ns
    Phase Error (PE):           0.000ns

  Maximum Data Path at Slow Process Corner: system_i/axi_interconnect_1/axi_interconnect_1/mi_protocol_conv_bank/gen_protocol_slot[1].gen_prot_conv.conv_inst/gen_axilite.gen_axilite_conv.axilite_conv_inst/areset_d_1 to system_i/axi_interconnect_1/axi_interconnect_1/crossbar_samd/gen_sasd.crossbar_sasd_0/gen_crossbar.addr_arbiter_inst/m_valid_i_1
    Location             Delay type         Delay(ns)  Physical Resource
                                                       Logical Resource(s)
    -------------------------------------------------  -------------------
    SLICE_X43Y99.AQ      Tcko                  0.456   system_i/axi_interconnect_1/axi_interconnect_1/mi_protocol_conv_bank/gen_protocol_slot[1].gen_prot_conv.conv_inst/gen_axilite.gen_axilite_conv.axilite_conv_inst/areset_d[1]
                                                       system_i/axi_interconnect_1/axi_interconnect_1/mi_protocol_conv_bank/gen_protocol_slot[1].gen_prot_conv.conv_inst/gen_axilite.gen_axilite_conv.axilite_conv_inst/areset_d_1
    SLICE_X48Y99.B1      net (fanout=5)        1.255   system_i/axi_interconnect_1/axi_interconnect_1/mi_protocol_conv_bank/gen_protocol_slot[1].gen_prot_conv.conv_inst/gen_axilite.gen_axilite_conv.axilite_conv_inst/areset_d[1]
    SLICE_X48Y99.B       Tilo                  0.124   system_i/axi_gpio_for_output/axi_gpio_for_output/ip2bus_wrack_i_D1
                                                       system_i/axi_interconnect_1/axi_interconnect_1/crossbar_samd/gen_sasd.crossbar_sasd_0/gen_crossbar.mi_wready_mux_inst/o_i_SW0
    SLICE_X39Y99.C1      net (fanout=1)        1.123   system_i/axi_interconnect_1/N14
    SLICE_X39Y99.C       Tilo                  0.124   system_i/axi_interconnect_1/axi_interconnect_1/crossbar_samd/gen_sasd.crossbar_sasd_0/w_complete_mux
                                                       system_i/axi_interconnect_1/axi_interconnect_1/crossbar_samd/gen_sasd.crossbar_sasd_0/gen_crossbar.mi_wready_mux_inst/o_i
    SLICE_X39Y99.D4      net (fanout=4)        0.458   system_i/axi_interconnect_1/axi_interconnect_1/crossbar_samd/gen_sasd.crossbar_sasd_0/gen_crossbar.mi_wready_mux_inst/o_i
    SLICE_X39Y99.D       Tilo                  0.124   system_i/axi_interconnect_1/axi_interconnect_1/crossbar_samd/gen_sasd.crossbar_sasd_0/w_complete_mux
                                                       system_i/axi_interconnect_1/axi_interconnect_1/crossbar_samd/gen_sasd.crossbar_sasd_0/w_complete_mux1
    SLICE_X40Y100.C1     net (fanout=3)        0.842   system_i/axi_interconnect_1/axi_interconnect_1/crossbar_samd/gen_sasd.crossbar_sasd_0/w_complete_mux
    SLICE_X40Y100.C      Tilo                  0.124   system_i/axi_interconnect_1/axi_interconnect_1/crossbar_samd/gen_sasd.crossbar_sasd_0/gen_crossbar.addr_arbiter_inst/m_grant_hot_i_0
                                                       system_i/axi_interconnect_1/axi_interconnect_1/crossbar_samd/gen_sasd.crossbar_sasd_0/gen_crossbar.addr_arbiter_inst/m_valid_i_glue_set_SW2
    SLICE_X41Y100.D2     net (fanout=1)        0.658   system_i/axi_interconnect_1/N59
    SLICE_X41Y100.D      Tilo                  0.124   system_i/axi_interconnect_1/axi_interconnect_1/crossbar_samd/gen_sasd.crossbar_sasd_0/gen_crossbar.addr_arbiter_inst/m_valid_i
                                                       system_i/axi_interconnect_1/axi_interconnect_1/crossbar_samd/gen_sasd.crossbar_sasd_0/gen_crossbar.addr_arbiter_inst/m_valid_i_glue_set
    SLICE_X40Y99.AX      net (fanout=1)        0.527   system_i/axi_interconnect_1/axi_interconnect_1/crossbar_samd/gen_sasd.crossbar_sasd_0/gen_crossbar.addr_arbiter_inst/m_valid_i_glue_set
    SLICE_X40Y99.CLK     Tdick                 0.067   system_i/axi_interconnect_1/axi_interconnect_1/crossbar_samd/gen_sasd.crossbar_sasd_0/gen_crossbar.addr_arbiter_inst/m_valid_i_1
                                                       system_i/axi_interconnect_1/axi_interconnect_1/crossbar_samd/gen_sasd.crossbar_sasd_0/gen_crossbar.addr_arbiter_inst/m_valid_i_1
    -------------------------------------------------  ---------------------------
    Total                                      6.006ns (1.143ns logic, 4.863ns route)
                                                       (19.0% logic, 81.0% route)

--------------------------------------------------------------------------------
Slack:                  13.961ns (requirement - (data path - clock path skew + uncertainty))
  Source:               system_i/axi_interconnect_1/axi_interconnect_1/crossbar_samd/gen_sasd.crossbar_sasd_0/m_atarget_hot_1 (FF)
  Destination:          system_i/axi_interconnect_1/axi_interconnect_1/crossbar_samd/gen_sasd.crossbar_sasd_0/gen_crossbar.addr_arbiter_inst/m_valid_i_1 (FF)
  Requirement:          20.000ns
  Data Path Delay:      5.606ns (Levels of Logic = 4)
  Clock Path Skew:      -0.398ns (1.342 - 1.740)
  Source Clock:         system_i/processing_system7_0_FCLK_CLK0 rising at 0.000ns
  Destination Clock:    system_i/processing_system7_0_FCLK_CLK0 rising at 20.000ns
  Clock Uncertainty:    0.035ns

  Clock Uncertainty:          0.035ns  ((TSJ^2 + TIJ^2)^1/2 + DJ) / 2 + PE
    Total System Jitter (TSJ):  0.070ns
    Total Input Jitter (TIJ):   0.000ns
    Discrete Jitter (DJ):       0.000ns
    Phase Error (PE):           0.000ns

  Maximum Data Path at Slow Process Corner: system_i/axi_interconnect_1/axi_interconnect_1/crossbar_samd/gen_sasd.crossbar_sasd_0/m_atarget_hot_1 to system_i/axi_interconnect_1/axi_interconnect_1/crossbar_samd/gen_sasd.crossbar_sasd_0/gen_crossbar.addr_arbiter_inst/m_valid_i_1
    Location             Delay type         Delay(ns)  Physical Resource
                                                       Logical Resource(s)
    -------------------------------------------------  -------------------
    SLICE_X30Y102.BQ     Tcko                  0.518   system_i/axi_interconnect_1/axi_interconnect_1/crossbar_samd/gen_sasd.crossbar_sasd_0/m_atarget_hot[2]
                                                       system_i/axi_interconnect_1/axi_interconnect_1/crossbar_samd/gen_sasd.crossbar_sasd_0/m_atarget_hot_1
    SLICE_X43Y99.A2      net (fanout=11)       1.457   system_i/axi_interconnect_1/axi_interconnect_1/crossbar_samd/gen_sasd.crossbar_sasd_0/m_atarget_hot[1]
    SLICE_X43Y99.A       Tilo                  0.124   system_i/axi_interconnect_1/axi_interconnect_1/mi_protocol_conv_bank/gen_protocol_slot[1].gen_prot_conv.conv_inst/gen_axilite.gen_axilite_conv.axilite_conv_inst/areset_d[1]
                                                       system_i/axi_interconnect_1/axi_interconnect_1/crossbar_samd/gen_sasd.crossbar_sasd_0/mi_awvalid<1>1
    SLICE_X49Y100.B1     net (fanout=2)        1.131   system_i/axi_interconnect_1/axi_interconnect_1/cb_mf_awvalid[1]
    SLICE_X49Y100.B      Tilo                  0.124   system_i/axi_interconnect_1/N16
                                                       system_i/axi_interconnect_1/axi_interconnect_1/crossbar_samd/gen_sasd.crossbar_sasd_0/gen_crossbar.mi_awready_mux_inst/O_SW0
    SLICE_X41Y100.C2     net (fanout=1)        0.964   system_i/axi_interconnect_1/N16
    SLICE_X41Y100.C      Tilo                  0.124   system_i/axi_interconnect_1/axi_interconnect_1/crossbar_samd/gen_sasd.crossbar_sasd_0/gen_crossbar.addr_arbiter_inst/m_valid_i
                                                       system_i/axi_interconnect_1/axi_interconnect_1/crossbar_samd/gen_sasd.crossbar_sasd_0/gen_crossbar.mi_awready_mux_inst/O
    SLICE_X41Y100.D4     net (fanout=5)        0.446   system_i/axi_interconnect_1/axi_interconnect_1/crossbar_samd/gen_sasd.crossbar_sasd_0/mi_awready_mux
    SLICE_X41Y100.D      Tilo                  0.124   system_i/axi_interconnect_1/axi_interconnect_1/crossbar_samd/gen_sasd.crossbar_sasd_0/gen_crossbar.addr_arbiter_inst/m_valid_i
                                                       system_i/axi_interconnect_1/axi_interconnect_1/crossbar_samd/gen_sasd.crossbar_sasd_0/gen_crossbar.addr_arbiter_inst/m_valid_i_glue_set
    SLICE_X40Y99.AX      net (fanout=1)        0.527   system_i/axi_interconnect_1/axi_interconnect_1/crossbar_samd/gen_sasd.crossbar_sasd_0/gen_crossbar.addr_arbiter_inst/m_valid_i_glue_set
    SLICE_X40Y99.CLK     Tdick                 0.067   system_i/axi_interconnect_1/axi_interconnect_1/crossbar_samd/gen_sasd.crossbar_sasd_0/gen_crossbar.addr_arbiter_inst/m_valid_i_1
                                                       system_i/axi_interconnect_1/axi_interconnect_1/crossbar_samd/gen_sasd.crossbar_sasd_0/gen_crossbar.addr_arbiter_inst/m_valid_i_1
    -------------------------------------------------  ---------------------------
    Total                                      5.606ns (1.081ns logic, 4.525ns route)
                                                       (19.3% logic, 80.7% route)

--------------------------------------------------------------------------------
Slack:                  13.963ns (requirement - (data path - clock path skew + uncertainty))
  Source:               system_i/axi_timer_0/axi_timer_0/AXI4_LITE_I/I_SLAVE_ATTACHMENT/I_DECODER/ce_out_i_0 (FF)
  Destination:          system_i/axi_interconnect_1/axi_interconnect_1/crossbar_samd/gen_sasd.crossbar_sasd_0/gen_crossbar.splitter_ar/m_ready_d_1 (FF)
  Requirement:          20.000ns
  Data Path Delay:      6.018ns (Levels of Logic = 7)
  Clock Path Skew:      0.016ns (1.516 - 1.500)
  Source Clock:         system_i/processing_system7_0_FCLK_CLK0 rising at 0.000ns
  Destination Clock:    system_i/processing_system7_0_FCLK_CLK0 rising at 20.000ns
  Clock Uncertainty:    0.035ns

  Clock Uncertainty:          0.035ns  ((TSJ^2 + TIJ^2)^1/2 + DJ) / 2 + PE
    Total System Jitter (TSJ):  0.070ns
    Total Input Jitter (TIJ):   0.000ns
    Discrete Jitter (DJ):       0.000ns
    Phase Error (PE):           0.000ns

  Maximum Data Path at Slow Process Corner: system_i/axi_timer_0/axi_timer_0/AXI4_LITE_I/I_SLAVE_ATTACHMENT/I_DECODER/ce_out_i_0 to system_i/axi_interconnect_1/axi_interconnect_1/crossbar_samd/gen_sasd.crossbar_sasd_0/gen_crossbar.splitter_ar/m_ready_d_1
    Location             Delay type         Delay(ns)  Physical Resource
                                                       Logical Resource(s)
    -------------------------------------------------  -------------------
    SLICE_X34Y96.AQ      Tcko                  0.518   system_i/axi_timer_0/axi_timer_0/AXI4_LITE_I/I_SLAVE_ATTACHMENT/I_DECODER/ce_out_i_4
                                                       system_i/axi_timer_0/axi_timer_0/AXI4_LITE_I/I_SLAVE_ATTACHMENT/I_DECODER/ce_out_i_0
    SLICE_X38Y97.A3      net (fanout=8)        0.889   system_i/axi_timer_0/axi_timer_0/AXI4_LITE_I/I_SLAVE_ATTACHMENT/I_DECODER/ce_out_i_0
    SLICE_X38Y97.AMUX    Tilo                  0.352   system_i/axi_timer_0/axi_timer_0/AXI4_LITE_I/I_SLAVE_ATTACHMENT/I_DECODER/Bus_RNW_reg_1
                                                       system_i/axi_timer_0/axi_timer_0/AXI4_LITE_I/I_SLAVE_ATTACHMENT/rd_done1_SW0
    SLICE_X39Y97.A3      net (fanout=1)        0.647   system_i/axi_timer_0/N79
    SLICE_X39Y97.A       Tilo                  0.124   system_i/axi_interconnect_1/DEBUG_MC_MP_RDATACONTROL[0]
                                                       system_i/axi_timer_0/axi_timer_0/AXI4_LITE_I/I_SLAVE_ATTACHMENT/rd_done1
    SLICE_X39Y97.B5      net (fanout=4)        0.276   system_i/axi_interconnect_1_M_ARREADY[0]
    SLICE_X39Y97.BMUX    Tilo                  0.327   system_i/axi_interconnect_1/DEBUG_MC_MP_RDATACONTROL[0]
                                                       system_i/axi_interconnect_1/axi_interconnect_1/crossbar_samd/gen_sasd.crossbar_sasd_0/mi_arvalid<0>1_SW0
    SLICE_X42Y99.C5      net (fanout=1)        0.573   system_i/axi_interconnect_1/N41
    SLICE_X42Y99.C       Tilo                  0.124   system_i/axi_interconnect_1/N39
                                                       system_i/axi_interconnect_1/axi_interconnect_1/mi_protocol_conv_bank/gen_protocol_slot[0].gen_prot_conv.conv_inst/gen_axilite.gen_axilite_conv.axilite_conv_inst/S_AXI_ARREADY1
    SLICE_X42Y99.D4      net (fanout=2)        0.477   system_i/axi_interconnect_1/DEBUG_MC_MP_ARADDRCONTROL[1]
    SLICE_X42Y99.D       Tilo                  0.124   system_i/axi_interconnect_1/N39
                                                       system_i/axi_interconnect_1/axi_interconnect_1/crossbar_samd/gen_sasd.crossbar_sasd_0/gen_crossbar.splitter_ar/out1_SW0
    SLICE_X42Y100.A3     net (fanout=2)        0.724   system_i/axi_interconnect_1/N39
    SLICE_X42Y100.A      Tilo                  0.124   system_i/axi_interconnect_1/axi_interconnect_1/crossbar_samd/gen_sasd.crossbar_sasd_0/gen_crossbar.splitter_ar/m_ready_d[1]
                                                       system_i/axi_interconnect_1/axi_interconnect_1/crossbar_samd/gen_sasd.crossbar_sasd_0/gen_crossbar.splitter_ar/out1
    SLICE_X42Y100.C1     net (fanout=3)        0.694   system_i/axi_interconnect_1/axi_interconnect_1/crossbar_samd/gen_sasd.crossbar_sasd_0/aa_arready
    SLICE_X42Y100.CLK    Tas                   0.045   system_i/axi_interconnect_1/axi_interconnect_1/crossbar_samd/gen_sasd.crossbar_sasd_0/gen_crossbar.splitter_ar/m_ready_d[1]
                                                       system_i/axi_interconnect_1/axi_interconnect_1/crossbar_samd/gen_sasd.crossbar_sasd_0/gen_crossbar.splitter_ar/m_ready_d_1_rstpot
                                                       system_i/axi_interconnect_1/axi_interconnect_1/crossbar_samd/gen_sasd.crossbar_sasd_0/gen_crossbar.splitter_ar/m_ready_d_1
    -------------------------------------------------  ---------------------------
    Total                                      6.018ns (1.738ns logic, 4.280ns route)
                                                       (28.9% logic, 71.1% route)

--------------------------------------------------------------------------------

Component Switching Limit Checks: TS_clk_fpga_0 = PERIOD TIMEGRP "clk_fpga_0" 50 MHz HIGH 50%;
--------------------------------------------------------------------------------
Slack: 18.040ns (period - (min low pulse limit / (low pulse / period)))
  Period: 20.000ns
  Low pulse: 10.000ns
  Low pulse limit: 0.980ns (Tmpw)
  Physical resource: system_i/axi_gpio_for_output/axi_gpio_for_output/gpio_core_1/gpio_Data_In[1]/CLK
  Logical resource: system_i/axi_gpio_for_output/axi_gpio_for_output/gpio_core_1/Mshreg_gpio_Data_In_0/CLK
  Location pin: SLICE_X36Y99.CLK
  Clock network: system_i/processing_system7_0_FCLK_CLK0
--------------------------------------------------------------------------------
Slack: 18.040ns (period - (min high pulse limit / (high pulse / period)))
  Period: 20.000ns
  High pulse: 10.000ns
  High pulse limit: 0.980ns (Tmpw)
  Physical resource: system_i/axi_gpio_for_output/axi_gpio_for_output/gpio_core_1/gpio_Data_In[1]/CLK
  Logical resource: system_i/axi_gpio_for_output/axi_gpio_for_output/gpio_core_1/Mshreg_gpio_Data_In_0/CLK
  Location pin: SLICE_X36Y99.CLK
  Clock network: system_i/processing_system7_0_FCLK_CLK0
--------------------------------------------------------------------------------
Slack: 18.040ns (period - (min low pulse limit / (low pulse / period)))
  Period: 20.000ns
  Low pulse: 10.000ns
  Low pulse limit: 0.980ns (Tmpw)
  Physical resource: system_i/axi_gpio_for_output/axi_gpio_for_output/gpio_core_1/gpio_Data_In[1]/CLK
  Logical resource: system_i/axi_gpio_for_output/axi_gpio_for_output/gpio_core_1/Mshreg_gpio_Data_In_1/CLK
  Location pin: SLICE_X36Y99.CLK
  Clock network: system_i/processing_system7_0_FCLK_CLK0
--------------------------------------------------------------------------------
Slack: 18.040ns (period - (min high pulse limit / (high pulse / period)))
  Period: 20.000ns
  High pulse: 10.000ns
  High pulse limit: 0.980ns (Tmpw)
  Physical resource: system_i/axi_gpio_for_output/axi_gpio_for_output/gpio_core_1/gpio_Data_In[1]/CLK
  Logical resource: system_i/axi_gpio_for_output/axi_gpio_for_output/gpio_core_1/Mshreg_gpio_Data_In_1/CLK
  Location pin: SLICE_X36Y99.CLK
  Clock network: system_i/processing_system7_0_FCLK_CLK0
--------------------------------------------------------------------------------
Slack: 19.000ns (period - (min low pulse limit / (low pulse / period)))
  Period: 20.000ns
  Low pulse: 10.000ns
  Low pulse limit: 0.500ns (Tcl)
  Physical resource: system_i/axi_timer_0/axi_timer_0/TC_CORE_I/counterReg_DBus[23]/CLK
  Logical resource: system_i/axi_timer_0/axi_timer_0/TC_CORE_I/COUNTER_0_I/COUNTER_I/STRUCTURAL_A_GEN.I_ADDSUB_GEN[0].FDRE_I/CK
  Location pin: SLICE_X26Y95.CLK
  Clock network: system_i/processing_system7_0_FCLK_CLK0
--------------------------------------------------------------------------------
Slack: 19.000ns (period - (min high pulse limit / (high pulse / period)))
  Period: 20.000ns
  High pulse: 10.000ns
  High pulse limit: 0.500ns (Tch)
  Physical resource: system_i/axi_timer_0/axi_timer_0/TC_CORE_I/counterReg_DBus[23]/CLK
  Logical resource: system_i/axi_timer_0/axi_timer_0/TC_CORE_I/COUNTER_0_I/COUNTER_I/STRUCTURAL_A_GEN.I_ADDSUB_GEN[0].FDRE_I/CK
  Location pin: SLICE_X26Y95.CLK
  Clock network: system_i/processing_system7_0_FCLK_CLK0
--------------------------------------------------------------------------------
Slack: 19.000ns (period - min period limit)
  Period: 20.000ns
  Min period limit: 1.000ns (1000.000MHz) (Tcp)
  Physical resource: system_i/axi_timer_0/axi_timer_0/TC_CORE_I/counterReg_DBus[23]/CLK
  Logical resource: system_i/axi_timer_0/axi_timer_0/TC_CORE_I/COUNTER_0_I/COUNTER_I/STRUCTURAL_A_GEN.I_ADDSUB_GEN[0].FDRE_I/CK
  Location pin: SLICE_X26Y95.CLK
  Clock network: system_i/processing_system7_0_FCLK_CLK0
--------------------------------------------------------------------------------
Slack: 19.000ns (period - (min low pulse limit / (low pulse / period)))
  Period: 20.000ns
  Low pulse: 10.000ns
  Low pulse limit: 0.500ns (Tcl)
  Physical resource: system_i/axi_timer_0/axi_timer_0/TC_CORE_I/counterReg_DBus[23]/CLK
  Logical resource: system_i/axi_timer_0/axi_timer_0/TC_CORE_I/COUNTER_0_I/COUNTER_I/STRUCTURAL_A_GEN.I_ADDSUB_GEN[1].FDRE_I/CK
  Location pin: SLICE_X26Y95.CLK
  Clock network: system_i/processing_system7_0_FCLK_CLK0
--------------------------------------------------------------------------------
Slack: 19.000ns (period - (min high pulse limit / (high pulse / period)))
  Period: 20.000ns
  High pulse: 10.000ns
  High pulse limit: 0.500ns (Tch)
  Physical resource: system_i/axi_timer_0/axi_timer_0/TC_CORE_I/counterReg_DBus[23]/CLK
  Logical resource: system_i/axi_timer_0/axi_timer_0/TC_CORE_I/COUNTER_0_I/COUNTER_I/STRUCTURAL_A_GEN.I_ADDSUB_GEN[1].FDRE_I/CK
  Location pin: SLICE_X26Y95.CLK
  Clock network: system_i/processing_system7_0_FCLK_CLK0
--------------------------------------------------------------------------------
Slack: 19.000ns (period - min period limit)
  Period: 20.000ns
  Min period limit: 1.000ns (1000.000MHz) (Tcp)
  Physical resource: system_i/axi_timer_0/axi_timer_0/TC_CORE_I/counterReg_DBus[23]/CLK
  Logical resource: system_i/axi_timer_0/axi_timer_0/TC_CORE_I/COUNTER_0_I/COUNTER_I/STRUCTURAL_A_GEN.I_ADDSUB_GEN[1].FDRE_I/CK
  Location pin: SLICE_X26Y95.CLK
  Clock network: system_i/processing_system7_0_FCLK_CLK0
--------------------------------------------------------------------------------
Slack: 19.000ns (period - (min low pulse limit / (low pulse / period)))
  Period: 20.000ns
  Low pulse: 10.000ns
  Low pulse limit: 0.500ns (Tcl)
  Physical resource: system_i/axi_timer_0/axi_timer_0/TC_CORE_I/counterReg_DBus[23]/CLK
  Logical resource: system_i/axi_timer_0/axi_timer_0/TC_CORE_I/COUNTER_0_I/COUNTER_I/STRUCTURAL_A_GEN.I_ADDSUB_GEN[2].FDRE_I/CK
  Location pin: SLICE_X26Y95.CLK
  Clock network: system_i/processing_system7_0_FCLK_CLK0
--------------------------------------------------------------------------------
Slack: 19.000ns (period - (min high pulse limit / (high pulse / period)))
  Period: 20.000ns
  High pulse: 10.000ns
  High pulse limit: 0.500ns (Tch)
  Physical resource: system_i/axi_timer_0/axi_timer_0/TC_CORE_I/counterReg_DBus[23]/CLK
  Logical resource: system_i/axi_timer_0/axi_timer_0/TC_CORE_I/COUNTER_0_I/COUNTER_I/STRUCTURAL_A_GEN.I_ADDSUB_GEN[2].FDRE_I/CK
  Location pin: SLICE_X26Y95.CLK
  Clock network: system_i/processing_system7_0_FCLK_CLK0
--------------------------------------------------------------------------------
Slack: 19.000ns (period - min period limit)
  Period: 20.000ns
  Min period limit: 1.000ns (1000.000MHz) (Tcp)
  Physical resource: system_i/axi_timer_0/axi_timer_0/TC_CORE_I/counterReg_DBus[23]/CLK
  Logical resource: system_i/axi_timer_0/axi_timer_0/TC_CORE_I/COUNTER_0_I/COUNTER_I/STRUCTURAL_A_GEN.I_ADDSUB_GEN[2].FDRE_I/CK
  Location pin: SLICE_X26Y95.CLK
  Clock network: system_i/processing_system7_0_FCLK_CLK0
--------------------------------------------------------------------------------
Slack: 19.000ns (period - (min low pulse limit / (low pulse / period)))
  Period: 20.000ns
  Low pulse: 10.000ns
  Low pulse limit: 0.500ns (Tcl)
  Physical resource: system_i/axi_timer_0/axi_timer_0/TC_CORE_I/counterReg_DBus[19]/CLK
  Logical resource: system_i/axi_timer_0/axi_timer_0/TC_CORE_I/COUNTER_0_I/COUNTER_I/STRUCTURAL_A_GEN.I_ADDSUB_GEN[3].FDRE_I/CK
  Location pin: SLICE_X26Y96.CLK
  Clock network: system_i/processing_system7_0_FCLK_CLK0
--------------------------------------------------------------------------------
Slack: 19.000ns (period - (min high pulse limit / (high pulse / period)))
  Period: 20.000ns
  High pulse: 10.000ns
  High pulse limit: 0.500ns (Tch)
  Physical resource: system_i/axi_timer_0/axi_timer_0/TC_CORE_I/counterReg_DBus[19]/CLK
  Logical resource: system_i/axi_timer_0/axi_timer_0/TC_CORE_I/COUNTER_0_I/COUNTER_I/STRUCTURAL_A_GEN.I_ADDSUB_GEN[3].FDRE_I/CK
  Location pin: SLICE_X26Y96.CLK
  Clock network: system_i/processing_system7_0_FCLK_CLK0
--------------------------------------------------------------------------------
Slack: 19.000ns (period - min period limit)
  Period: 20.000ns
  Min period limit: 1.000ns (1000.000MHz) (Tcp)
  Physical resource: system_i/axi_timer_0/axi_timer_0/TC_CORE_I/counterReg_DBus[19]/CLK
  Logical resource: system_i/axi_timer_0/axi_timer_0/TC_CORE_I/COUNTER_0_I/COUNTER_I/STRUCTURAL_A_GEN.I_ADDSUB_GEN[3].FDRE_I/CK
  Location pin: SLICE_X26Y96.CLK
  Clock network: system_i/processing_system7_0_FCLK_CLK0
--------------------------------------------------------------------------------
Slack: 19.000ns (period - (min low pulse limit / (low pulse / period)))
  Period: 20.000ns
  Low pulse: 10.000ns
  Low pulse limit: 0.500ns (Tcl)
  Physical resource: system_i/axi_timer_0/axi_timer_0/TC_CORE_I/counterReg_DBus[19]/CLK
  Logical resource: system_i/axi_timer_0/axi_timer_0/TC_CORE_I/COUNTER_0_I/COUNTER_I/STRUCTURAL_A_GEN.I_ADDSUB_GEN[4].FDRE_I/CK
  Location pin: SLICE_X26Y96.CLK
  Clock network: system_i/processing_system7_0_FCLK_CLK0
--------------------------------------------------------------------------------
Slack: 19.000ns (period - (min high pulse limit / (high pulse / period)))
  Period: 20.000ns
  High pulse: 10.000ns
  High pulse limit: 0.500ns (Tch)
  Physical resource: system_i/axi_timer_0/axi_timer_0/TC_CORE_I/counterReg_DBus[19]/CLK
  Logical resource: system_i/axi_timer_0/axi_timer_0/TC_CORE_I/COUNTER_0_I/COUNTER_I/STRUCTURAL_A_GEN.I_ADDSUB_GEN[4].FDRE_I/CK
  Location pin: SLICE_X26Y96.CLK
  Clock network: system_i/processing_system7_0_FCLK_CLK0
--------------------------------------------------------------------------------
Slack: 19.000ns (period - min period limit)
  Period: 20.000ns
  Min period limit: 1.000ns (1000.000MHz) (Tcp)
  Physical resource: system_i/axi_timer_0/axi_timer_0/TC_CORE_I/counterReg_DBus[19]/CLK
  Logical resource: system_i/axi_timer_0/axi_timer_0/TC_CORE_I/COUNTER_0_I/COUNTER_I/STRUCTURAL_A_GEN.I_ADDSUB_GEN[4].FDRE_I/CK
  Location pin: SLICE_X26Y96.CLK
  Clock network: system_i/processing_system7_0_FCLK_CLK0
--------------------------------------------------------------------------------
Slack: 19.000ns (period - (min low pulse limit / (low pulse / period)))
  Period: 20.000ns
  Low pulse: 10.000ns
  Low pulse limit: 0.500ns (Tcl)
  Physical resource: system_i/axi_timer_0/axi_timer_0/TC_CORE_I/counterReg_DBus[19]/CLK
  Logical resource: system_i/axi_timer_0/axi_timer_0/TC_CORE_I/COUNTER_0_I/COUNTER_I/STRUCTURAL_A_GEN.I_ADDSUB_GEN[5].FDRE_I/CK
  Location pin: SLICE_X26Y96.CLK
  Clock network: system_i/processing_system7_0_FCLK_CLK0
--------------------------------------------------------------------------------
Slack: 19.000ns (period - (min high pulse limit / (high pulse / period)))
  Period: 20.000ns
  High pulse: 10.000ns
  High pulse limit: 0.500ns (Tch)
  Physical resource: system_i/axi_timer_0/axi_timer_0/TC_CORE_I/counterReg_DBus[19]/CLK
  Logical resource: system_i/axi_timer_0/axi_timer_0/TC_CORE_I/COUNTER_0_I/COUNTER_I/STRUCTURAL_A_GEN.I_ADDSUB_GEN[5].FDRE_I/CK
  Location pin: SLICE_X26Y96.CLK
  Clock network: system_i/processing_system7_0_FCLK_CLK0
--------------------------------------------------------------------------------
Slack: 19.000ns (period - min period limit)
  Period: 20.000ns
  Min period limit: 1.000ns (1000.000MHz) (Tcp)
  Physical resource: system_i/axi_timer_0/axi_timer_0/TC_CORE_I/counterReg_DBus[19]/CLK
  Logical resource: system_i/axi_timer_0/axi_timer_0/TC_CORE_I/COUNTER_0_I/COUNTER_I/STRUCTURAL_A_GEN.I_ADDSUB_GEN[5].FDRE_I/CK
  Location pin: SLICE_X26Y96.CLK
  Clock network: system_i/processing_system7_0_FCLK_CLK0
--------------------------------------------------------------------------------
Slack: 19.000ns (period - (min low pulse limit / (low pulse / period)))
  Period: 20.000ns
  Low pulse: 10.000ns
  Low pulse limit: 0.500ns (Tcl)
  Physical resource: system_i/axi_timer_0/axi_timer_0/TC_CORE_I/counterReg_DBus[19]/CLK
  Logical resource: system_i/axi_timer_0/axi_timer_0/TC_CORE_I/COUNTER_0_I/COUNTER_I/STRUCTURAL_A_GEN.I_ADDSUB_GEN[6].FDRE_I/CK
  Location pin: SLICE_X26Y96.CLK
  Clock network: system_i/processing_system7_0_FCLK_CLK0
--------------------------------------------------------------------------------
Slack: 19.000ns (period - (min high pulse limit / (high pulse / period)))
  Period: 20.000ns
  High pulse: 10.000ns
  High pulse limit: 0.500ns (Tch)
  Physical resource: system_i/axi_timer_0/axi_timer_0/TC_CORE_I/counterReg_DBus[19]/CLK
  Logical resource: system_i/axi_timer_0/axi_timer_0/TC_CORE_I/COUNTER_0_I/COUNTER_I/STRUCTURAL_A_GEN.I_ADDSUB_GEN[6].FDRE_I/CK
  Location pin: SLICE_X26Y96.CLK
  Clock network: system_i/processing_system7_0_FCLK_CLK0
--------------------------------------------------------------------------------
Slack: 19.000ns (period - min period limit)
  Period: 20.000ns
  Min period limit: 1.000ns (1000.000MHz) (Tcp)
  Physical resource: system_i/axi_timer_0/axi_timer_0/TC_CORE_I/counterReg_DBus[19]/CLK
  Logical resource: system_i/axi_timer_0/axi_timer_0/TC_CORE_I/COUNTER_0_I/COUNTER_I/STRUCTURAL_A_GEN.I_ADDSUB_GEN[6].FDRE_I/CK
  Location pin: SLICE_X26Y96.CLK
  Clock network: system_i/processing_system7_0_FCLK_CLK0
--------------------------------------------------------------------------------
Slack: 19.000ns (period - (min low pulse limit / (low pulse / period)))
  Period: 20.000ns
  Low pulse: 10.000ns
  Low pulse limit: 0.500ns (Tcl)
  Physical resource: system_i/axi_timer_0/axi_timer_0/TC_CORE_I/counterReg_DBus[15]/CLK
  Logical resource: system_i/axi_timer_0/axi_timer_0/TC_CORE_I/COUNTER_0_I/COUNTER_I/STRUCTURAL_A_GEN.I_ADDSUB_GEN[7].FDRE_I/CK
  Location pin: SLICE_X26Y97.CLK
  Clock network: system_i/processing_system7_0_FCLK_CLK0
--------------------------------------------------------------------------------
Slack: 19.000ns (period - (min high pulse limit / (high pulse / period)))
  Period: 20.000ns
  High pulse: 10.000ns
  High pulse limit: 0.500ns (Tch)
  Physical resource: system_i/axi_timer_0/axi_timer_0/TC_CORE_I/counterReg_DBus[15]/CLK
  Logical resource: system_i/axi_timer_0/axi_timer_0/TC_CORE_I/COUNTER_0_I/COUNTER_I/STRUCTURAL_A_GEN.I_ADDSUB_GEN[7].FDRE_I/CK
  Location pin: SLICE_X26Y97.CLK
  Clock network: system_i/processing_system7_0_FCLK_CLK0
--------------------------------------------------------------------------------
Slack: 19.000ns (period - min period limit)
  Period: 20.000ns
  Min period limit: 1.000ns (1000.000MHz) (Tcp)
  Physical resource: system_i/axi_timer_0/axi_timer_0/TC_CORE_I/counterReg_DBus[15]/CLK
  Logical resource: system_i/axi_timer_0/axi_timer_0/TC_CORE_I/COUNTER_0_I/COUNTER_I/STRUCTURAL_A_GEN.I_ADDSUB_GEN[7].FDRE_I/CK
  Location pin: SLICE_X26Y97.CLK
  Clock network: system_i/processing_system7_0_FCLK_CLK0
--------------------------------------------------------------------------------
Slack: 19.000ns (period - (min low pulse limit / (low pulse / period)))
  Period: 20.000ns
  Low pulse: 10.000ns
  Low pulse limit: 0.500ns (Tcl)
  Physical resource: system_i/axi_timer_0/axi_timer_0/TC_CORE_I/counterReg_DBus[15]/CLK
  Logical resource: system_i/axi_timer_0/axi_timer_0/TC_CORE_I/COUNTER_0_I/COUNTER_I/STRUCTURAL_A_GEN.I_ADDSUB_GEN[8].FDRE_I/CK
  Location pin: SLICE_X26Y97.CLK
  Clock network: system_i/processing_system7_0_FCLK_CLK0
--------------------------------------------------------------------------------
Slack: 19.000ns (period - (min high pulse limit / (high pulse / period)))
  Period: 20.000ns
  High pulse: 10.000ns
  High pulse limit: 0.500ns (Tch)
  Physical resource: system_i/axi_timer_0/axi_timer_0/TC_CORE_I/counterReg_DBus[15]/CLK
  Logical resource: system_i/axi_timer_0/axi_timer_0/TC_CORE_I/COUNTER_0_I/COUNTER_I/STRUCTURAL_A_GEN.I_ADDSUB_GEN[8].FDRE_I/CK
  Location pin: SLICE_X26Y97.CLK
  Clock network: system_i/processing_system7_0_FCLK_CLK0
--------------------------------------------------------------------------------

================================================================================
Timing constraint: PATH "TS_axi_interconnect_1_reset_resync_path" TIG;

 2 paths analyzed, 2 endpoints analyzed, 0 failing endpoints
 0 timing errors detected. (0 setup errors, 0 hold errors)
--------------------------------------------------------------------------------
Delay:                  1.092ns (data path - clock path skew + uncertainty)
  Source:               system_i/axi_interconnect_1/axi_interconnect_1/si_converter_bank/gen_conv_slot[0].clock_conv_inst/interconnect_aresetn_resync_0 (FF)
  Destination:          system_i/axi_interconnect_1/axi_interconnect_1/si_converter_bank/gen_conv_slot[0].clock_conv_inst/interconnect_aresetn_resync_1 (FF)
  Data Path Delay:      1.057ns (Levels of Logic = 0)
  Clock Path Skew:      0.000ns
  Source Clock:         system_i/processing_system7_0_FCLK_CLK0 rising at 0.000ns
  Destination Clock:    system_i/processing_system7_0_FCLK_CLK0 rising at 20.000ns
  Clock Uncertainty:    0.035ns

  Clock Uncertainty:          0.035ns  ((TSJ^2 + TIJ^2)^1/2 + DJ) / 2 + PE
    Total System Jitter (TSJ):  0.070ns
    Total Input Jitter (TIJ):   0.000ns
    Discrete Jitter (DJ):       0.000ns
    Phase Error (PE):           0.000ns

  Maximum Data Path at Slow Process Corner: system_i/axi_interconnect_1/axi_interconnect_1/si_converter_bank/gen_conv_slot[0].clock_conv_inst/interconnect_aresetn_resync_0 to system_i/axi_interconnect_1/axi_interconnect_1/si_converter_bank/gen_conv_slot[0].clock_conv_inst/interconnect_aresetn_resync_1
    Location             Delay type         Delay(ns)  Physical Resource
                                                       Logical Resource(s)
    -------------------------------------------------  -------------------
    SLICE_X43Y96.AQ      Tcko                  0.456   system_i/axi_interconnect_1/axi_interconnect_1/si_converter_bank/gen_conv_slot[0].clock_conv_inst/interconnect_aresetn_resync[2]
                                                       system_i/axi_interconnect_1/axi_interconnect_1/si_converter_bank/gen_conv_slot[0].clock_conv_inst/interconnect_aresetn_resync_0
    SLICE_X43Y96.BX      net (fanout=1)        0.520   system_i/axi_interconnect_1/axi_interconnect_1/si_converter_bank/gen_conv_slot[0].clock_conv_inst/interconnect_aresetn_resync[0]
    SLICE_X43Y96.CLK     Tdick                 0.081   system_i/axi_interconnect_1/axi_interconnect_1/si_converter_bank/gen_conv_slot[0].clock_conv_inst/interconnect_aresetn_resync[2]
                                                       system_i/axi_interconnect_1/axi_interconnect_1/si_converter_bank/gen_conv_slot[0].clock_conv_inst/interconnect_aresetn_resync_1
    -------------------------------------------------  ---------------------------
    Total                                      1.057ns (0.537ns logic, 0.520ns route)
                                                       (50.8% logic, 49.2% route)

--------------------------------------------------------------------------------
Delay:                  1.071ns (data path - clock path skew + uncertainty)
  Source:               system_i/axi_interconnect_1/axi_interconnect_1/si_converter_bank/gen_conv_slot[0].clock_conv_inst/interconnect_aresetn_resync_1 (FF)
  Destination:          system_i/axi_interconnect_1/axi_interconnect_1/si_converter_bank/gen_conv_slot[0].clock_conv_inst/interconnect_aresetn_resync_2 (FF)
  Data Path Delay:      1.036ns (Levels of Logic = 0)
  Clock Path Skew:      0.000ns
  Source Clock:         system_i/processing_system7_0_FCLK_CLK0 rising at 0.000ns
  Destination Clock:    system_i/processing_system7_0_FCLK_CLK0 rising at 20.000ns
  Clock Uncertainty:    0.035ns

  Clock Uncertainty:          0.035ns  ((TSJ^2 + TIJ^2)^1/2 + DJ) / 2 + PE
    Total System Jitter (TSJ):  0.070ns
    Total Input Jitter (TIJ):   0.000ns
    Discrete Jitter (DJ):       0.000ns
    Phase Error (PE):           0.000ns

  Maximum Data Path at Slow Process Corner: system_i/axi_interconnect_1/axi_interconnect_1/si_converter_bank/gen_conv_slot[0].clock_conv_inst/interconnect_aresetn_resync_1 to system_i/axi_interconnect_1/axi_interconnect_1/si_converter_bank/gen_conv_slot[0].clock_conv_inst/interconnect_aresetn_resync_2
    Location             Delay type         Delay(ns)  Physical Resource
                                                       Logical Resource(s)
    -------------------------------------------------  -------------------
    SLICE_X43Y96.BQ      Tcko                  0.456   system_i/axi_interconnect_1/axi_interconnect_1/si_converter_bank/gen_conv_slot[0].clock_conv_inst/interconnect_aresetn_resync[2]
                                                       system_i/axi_interconnect_1/axi_interconnect_1/si_converter_bank/gen_conv_slot[0].clock_conv_inst/interconnect_aresetn_resync_1
    SLICE_X43Y96.CX      net (fanout=1)        0.519   system_i/axi_interconnect_1/axi_interconnect_1/si_converter_bank/gen_conv_slot[0].clock_conv_inst/interconnect_aresetn_resync[1]
    SLICE_X43Y96.CLK     Tdick                 0.061   system_i/axi_interconnect_1/axi_interconnect_1/si_converter_bank/gen_conv_slot[0].clock_conv_inst/interconnect_aresetn_resync[2]
                                                       system_i/axi_interconnect_1/axi_interconnect_1/si_converter_bank/gen_conv_slot[0].clock_conv_inst/interconnect_aresetn_resync_2
    -------------------------------------------------  ---------------------------
    Total                                      1.036ns (0.517ns logic, 0.519ns route)
                                                       (49.9% logic, 50.1% route)

--------------------------------------------------------------------------------


All constraints were met.


Data Sheet report:
-----------------
No constraints were found to generate data for the Data Sheet Report section.
Use the Advanced Analysis (-a) option or generate global constraints for each
clock, its pad to setup and clock to pad paths, and a pad to pad constraint.

Timing summary:
---------------

Timing errors: 0  Score: 0  (Setup/Max: 0, Hold: 0)

Constraints cover 16799 paths, 0 nets, and 2494 connections

Design statistics:
   Minimum period:   7.124ns{1}   (Maximum frequency: 140.371MHz)


------------------------------------Footnotes-----------------------------------
1)  The minimum period statistic assumes all single cycle delays.

Analysis completed Sat Apr  4 18:24:57 2026 
--------------------------------------------------------------------------------

Trace Settings:
-------------------------
Trace Settings 

Peak Memory Usage: 778 MB



