--------------------------------------------------------------------------------
Release 14.7 Trace  (lin64)
Copyright (c) 1995-2013 Xilinx, Inc.  All rights reserved.

/nfs/sw_cmc/x86_64.EL7/tools/xilinx_14.7/14.7/ISE_DS/ISE/bin/lin64/unwrapped/trce
-intstyle ise -o system_2_part_2_final_stub.twr -v 30 -l 30
system_2_part_2_final_stub_routed.ncd system_2_part_2_final_stub.pcf

Design file:              system_2_part_2_final_stub_routed.ncd
Physical constraint file: system_2_part_2_final_stub.pcf
Device,package,speed:     xc7z020,clg484,C,-1 (PRODUCTION 1.08 2013-10-13)
Report level:             verbose report, limited to 30 items per constraint

Environment Variable      Effect 
--------------------      ------ 
NONE                      No environment variables were set
--------------------------------------------------------------------------------

INFO:Timing:3386 - Intersecting Constraints found and resolved.  For more 
   information, see the TSI report.  Please consult the Xilinx Command Line 
   Tools User Guide for information on generating a TSI report.
INFO:Timing:3412 - To improve timing, see the Timing Closure User Guide (UG612).
INFO:Timing:2752 - To get complete path coverage, use the unconstrained paths 
   option. All paths that are not constrained will be reported in the 
   unconstrained paths section(s) of the report.
INFO:Timing:3339 - The clock-to-out numbers in this timing report are based on 
   a 50 Ohm transmission line loading model.  For the details of this model, 
   and for more information on accounting for different loading conditions, 
   please see the device datasheet.

================================================================================
Timing constraint: TS_clk_fpga_0 = PERIOD TIMEGRP "clk_fpga_0" 50 MHz HIGH 50%;
For more information, see Period Analysis in the Timing Closure User Guide (UG612).

 23158 paths analyzed, 2596 endpoints analyzed, 0 failing endpoints
 0 timing errors detected. (0 setup errors, 0 hold errors, 0 component switching limit errors)
 Minimum period is   7.388ns.
--------------------------------------------------------------------------------
Slack:                  12.612ns (requirement - (data path - clock path skew + uncertainty))
  Source:               system_2_part_2_final_i/axi_timer_0/axi_timer_0/AXI4_LITE_I/I_SLAVE_ATTACHMENT/I_DECODER/ce_out_i_1 (FF)
  Destination:          system_2_part_2_final_i/axi_interconnect_1/axi_interconnect_1/crossbar_samd/gen_sasd.crossbar_sasd_0/gen_crossbar.addr_arbiter_inst/m_grant_hot_i_0 (FF)
  Requirement:          20.000ns
  Data Path Delay:      7.325ns (Levels of Logic = 7)
  Clock Path Skew:      -0.028ns (1.515 - 1.543)
  Source Clock:         system_2_part_2_final_i/processing_system7_0_FCLK_CLK0 rising at 0.000ns
  Destination Clock:    system_2_part_2_final_i/processing_system7_0_FCLK_CLK0 rising at 20.000ns
  Clock Uncertainty:    0.035ns

  Clock Uncertainty:          0.035ns  ((TSJ^2 + TIJ^2)^1/2 + DJ) / 2 + PE
    Total System Jitter (TSJ):  0.070ns
    Total Input Jitter (TIJ):   0.000ns
    Discrete Jitter (DJ):       0.000ns
    Phase Error (PE):           0.000ns

  Maximum Data Path at Slow Process Corner: system_2_part_2_final_i/axi_timer_0/axi_timer_0/AXI4_LITE_I/I_SLAVE_ATTACHMENT/I_DECODER/ce_out_i_1 to system_2_part_2_final_i/axi_interconnect_1/axi_interconnect_1/crossbar_samd/gen_sasd.crossbar_sasd_0/gen_crossbar.addr_arbiter_inst/m_grant_hot_i_0
    Location             Delay type         Delay(ns)  Physical Resource
                                                       Logical Resource(s)
    -------------------------------------------------  -------------------
    SLICE_X27Y94.BQ      Tcko                  0.456   system_2_part_2_final_i/axi_timer_0/axi_timer_0/AXI4_LITE_I/I_SLAVE_ATTACHMENT/I_DECODER/ce_out_i_4
                                                       system_2_part_2_final_i/axi_timer_0/axi_timer_0/AXI4_LITE_I/I_SLAVE_ATTACHMENT/I_DECODER/ce_out_i_1
    SLICE_X30Y95.D2      net (fanout=59)       1.242   system_2_part_2_final_i/axi_timer_0/axi_timer_0/AXI4_LITE_I/I_SLAVE_ATTACHMENT/I_DECODER/ce_out_i_1
    SLICE_X30Y95.D       Tilo                  0.124   system_2_part_2_final_i/axi_timer_0/axi_timer_0/TC_CORE_I/tCSR1_Reg[28]
                                                       system_2_part_2_final_i/axi_timer_0/axi_timer_0/AXI4_LITE_I/I_SLAVE_ATTACHMENT/wr_done1_SW0
    SLICE_X30Y95.B1      net (fanout=1)        0.670   system_2_part_2_final_i/axi_timer_0/N89
    SLICE_X30Y95.B       Tilo                  0.124   system_2_part_2_final_i/axi_timer_0/axi_timer_0/TC_CORE_I/tCSR1_Reg[28]
                                                       system_2_part_2_final_i/axi_timer_0/axi_timer_0/AXI4_LITE_I/I_SLAVE_ATTACHMENT/wr_done1
    SLICE_X35Y103.B1     net (fanout=6)        1.410   system_2_part_2_final_i/axi_interconnect_1_M_AWREADY
    SLICE_X35Y103.B      Tilo                  0.124   system_2_part_2_final_i/axi_interconnect_1_S_BVALID
                                                       system_2_part_2_final_i/axi_interconnect_1/axi_interconnect_1/mi_protocol_conv_bank/gen_protocol_slot[0].gen_prot_conv.conv_inst/gen_axilite.gen_axilite_conv.axilite_conv_inst/_n011611_SW1_F
    SLICE_X34Y103.B2     net (fanout=1)        0.653   system_2_part_2_final_i/axi_interconnect_1/N31
    SLICE_X34Y103.B      Tilo                  0.124   system_2_part_2_final_i/axi_interconnect_1/N15
                                                       system_2_part_2_final_i/axi_interconnect_1/axi_interconnect_1/mi_protocol_conv_bank/gen_protocol_slot[0].gen_prot_conv.conv_inst/gen_axilite.gen_axilite_conv.axilite_conv_inst/_n011611_SW11
    SLICE_X34Y103.D6     net (fanout=2)        0.182   system_2_part_2_final_i/axi_interconnect_1/N15
    SLICE_X34Y103.CMUX   Topdc                 0.539   system_2_part_2_final_i/axi_interconnect_1/N15
                                                       system_2_part_2_final_i/axi_interconnect_1/axi_interconnect_1/crossbar_samd/gen_sasd.crossbar_sasd_0/gen_crossbar.mi_awready_mux_inst/O1_F
                                                       system_2_part_2_final_i/axi_interconnect_1/axi_interconnect_1/crossbar_samd/gen_sasd.crossbar_sasd_0/gen_crossbar.mi_awready_mux_inst/O1
    SLICE_X33Y103.B3     net (fanout=4)        0.692   system_2_part_2_final_i/axi_interconnect_1/axi_interconnect_1/crossbar_samd/gen_sasd.crossbar_sasd_0/mi_awready_mux
    SLICE_X33Y103.B      Tilo                  0.124   system_2_part_2_final_i/axi_interconnect_1/axi_interconnect_1/crossbar_samd/gen_sasd.crossbar_sasd_0/gen_crossbar.gen_decerr.decerr_slave_inst/s_axi_rlast_i
                                                       system_2_part_2_final_i/axi_interconnect_1/axi_interconnect_1/crossbar_samd/gen_sasd.crossbar_sasd_0/gen_crossbar.splitter_aw/out1
    SLICE_X32Y104.A2     net (fanout=2)        0.814   system_2_part_2_final_i/axi_interconnect_1/axi_interconnect_1/crossbar_samd/gen_sasd.crossbar_sasd_0/aa_awready
    SLICE_X32Y104.CLK    Tas                   0.047   system_2_part_2_final_i/axi_interconnect_1/axi_interconnect_1/crossbar_samd/gen_sasd.crossbar_sasd_0/gen_crossbar.addr_arbiter_inst/m_grant_hot_i_0
                                                       system_2_part_2_final_i/axi_interconnect_1/axi_interconnect_1/crossbar_samd/gen_sasd.crossbar_sasd_0/gen_crossbar.addr_arbiter_inst/m_grant_hot_i_0_glue_set
                                                       system_2_part_2_final_i/axi_interconnect_1/axi_interconnect_1/crossbar_samd/gen_sasd.crossbar_sasd_0/gen_crossbar.addr_arbiter_inst/m_grant_hot_i_0
    -------------------------------------------------  ---------------------------
    Total                                      7.325ns (1.662ns logic, 5.663ns route)
                                                       (22.7% logic, 77.3% route)

--------------------------------------------------------------------------------
Slack:                  12.616ns (requirement - (data path - clock path skew + uncertainty))
  Source:               system_2_part_2_final_i/axi_timer_0/axi_timer_0/AXI4_LITE_I/I_SLAVE_ATTACHMENT/I_DECODER/ce_out_i_1 (FF)
  Destination:          system_2_part_2_final_i/axi_interconnect_1/axi_interconnect_1/crossbar_samd/gen_sasd.crossbar_sasd_0/gen_crossbar.addr_arbiter_inst/m_grant_hot_i_0 (FF)
  Requirement:          20.000ns
  Data Path Delay:      7.321ns (Levels of Logic = 7)
  Clock Path Skew:      -0.028ns (1.515 - 1.543)
  Source Clock:         system_2_part_2_final_i/processing_system7_0_FCLK_CLK0 rising at 0.000ns
  Destination Clock:    system_2_part_2_final_i/processing_system7_0_FCLK_CLK0 rising at 20.000ns
  Clock Uncertainty:    0.035ns

  Clock Uncertainty:          0.035ns  ((TSJ^2 + TIJ^2)^1/2 + DJ) / 2 + PE
    Total System Jitter (TSJ):  0.070ns
    Total Input Jitter (TIJ):   0.000ns
    Discrete Jitter (DJ):       0.000ns
    Phase Error (PE):           0.000ns

  Maximum Data Path at Slow Process Corner: system_2_part_2_final_i/axi_timer_0/axi_timer_0/AXI4_LITE_I/I_SLAVE_ATTACHMENT/I_DECODER/ce_out_i_1 to system_2_part_2_final_i/axi_interconnect_1/axi_interconnect_1/crossbar_samd/gen_sasd.crossbar_sasd_0/gen_crossbar.addr_arbiter_inst/m_grant_hot_i_0
    Location             Delay type         Delay(ns)  Physical Resource
                                                       Logical Resource(s)
    -------------------------------------------------  -------------------
    SLICE_X27Y94.BQ      Tcko                  0.456   system_2_part_2_final_i/axi_timer_0/axi_timer_0/AXI4_LITE_I/I_SLAVE_ATTACHMENT/I_DECODER/ce_out_i_4
                                                       system_2_part_2_final_i/axi_timer_0/axi_timer_0/AXI4_LITE_I/I_SLAVE_ATTACHMENT/I_DECODER/ce_out_i_1
    SLICE_X30Y95.D2      net (fanout=59)       1.242   system_2_part_2_final_i/axi_timer_0/axi_timer_0/AXI4_LITE_I/I_SLAVE_ATTACHMENT/I_DECODER/ce_out_i_1
    SLICE_X30Y95.D       Tilo                  0.124   system_2_part_2_final_i/axi_timer_0/axi_timer_0/TC_CORE_I/tCSR1_Reg[28]
                                                       system_2_part_2_final_i/axi_timer_0/axi_timer_0/AXI4_LITE_I/I_SLAVE_ATTACHMENT/wr_done1_SW0
    SLICE_X30Y95.B1      net (fanout=1)        0.670   system_2_part_2_final_i/axi_timer_0/N89
    SLICE_X30Y95.B       Tilo                  0.124   system_2_part_2_final_i/axi_timer_0/axi_timer_0/TC_CORE_I/tCSR1_Reg[28]
                                                       system_2_part_2_final_i/axi_timer_0/axi_timer_0/AXI4_LITE_I/I_SLAVE_ATTACHMENT/wr_done1
    SLICE_X35Y103.B1     net (fanout=6)        1.410   system_2_part_2_final_i/axi_interconnect_1_M_AWREADY
    SLICE_X35Y103.B      Tilo                  0.124   system_2_part_2_final_i/axi_interconnect_1_S_BVALID
                                                       system_2_part_2_final_i/axi_interconnect_1/axi_interconnect_1/mi_protocol_conv_bank/gen_protocol_slot[0].gen_prot_conv.conv_inst/gen_axilite.gen_axilite_conv.axilite_conv_inst/_n011611_SW1_F
    SLICE_X34Y103.B2     net (fanout=1)        0.653   system_2_part_2_final_i/axi_interconnect_1/N31
    SLICE_X34Y103.B      Tilo                  0.124   system_2_part_2_final_i/axi_interconnect_1/N15
                                                       system_2_part_2_final_i/axi_interconnect_1/axi_interconnect_1/mi_protocol_conv_bank/gen_protocol_slot[0].gen_prot_conv.conv_inst/gen_axilite.gen_axilite_conv.axilite_conv_inst/_n011611_SW11
    SLICE_X34Y103.C6     net (fanout=2)        0.172   system_2_part_2_final_i/axi_interconnect_1/N15
    SLICE_X34Y103.CMUX   Tilo                  0.545   system_2_part_2_final_i/axi_interconnect_1/N15
                                                       system_2_part_2_final_i/axi_interconnect_1/axi_interconnect_1/crossbar_samd/gen_sasd.crossbar_sasd_0/gen_crossbar.mi_awready_mux_inst/O1_G
                                                       system_2_part_2_final_i/axi_interconnect_1/axi_interconnect_1/crossbar_samd/gen_sasd.crossbar_sasd_0/gen_crossbar.mi_awready_mux_inst/O1
    SLICE_X33Y103.B3     net (fanout=4)        0.692   system_2_part_2_final_i/axi_interconnect_1/axi_interconnect_1/crossbar_samd/gen_sasd.crossbar_sasd_0/mi_awready_mux
    SLICE_X33Y103.B      Tilo                  0.124   system_2_part_2_final_i/axi_interconnect_1/axi_interconnect_1/crossbar_samd/gen_sasd.crossbar_sasd_0/gen_crossbar.gen_decerr.decerr_slave_inst/s_axi_rlast_i
                                                       system_2_part_2_final_i/axi_interconnect_1/axi_interconnect_1/crossbar_samd/gen_sasd.crossbar_sasd_0/gen_crossbar.splitter_aw/out1
    SLICE_X32Y104.A2     net (fanout=2)        0.814   system_2_part_2_final_i/axi_interconnect_1/axi_interconnect_1/crossbar_samd/gen_sasd.crossbar_sasd_0/aa_awready
    SLICE_X32Y104.CLK    Tas                   0.047   system_2_part_2_final_i/axi_interconnect_1/axi_interconnect_1/crossbar_samd/gen_sasd.crossbar_sasd_0/gen_crossbar.addr_arbiter_inst/m_grant_hot_i_0
                                                       system_2_part_2_final_i/axi_interconnect_1/axi_interconnect_1/crossbar_samd/gen_sasd.crossbar_sasd_0/gen_crossbar.addr_arbiter_inst/m_grant_hot_i_0_glue_set
                                                       system_2_part_2_final_i/axi_interconnect_1/axi_interconnect_1/crossbar_samd/gen_sasd.crossbar_sasd_0/gen_crossbar.addr_arbiter_inst/m_grant_hot_i_0
    -------------------------------------------------  ---------------------------
    Total                                      7.321ns (1.668ns logic, 5.653ns route)
                                                       (22.8% logic, 77.2% route)

--------------------------------------------------------------------------------
Slack:                  12.751ns (requirement - (data path - clock path skew + uncertainty))
  Source:               system_2_part_2_final_i/axi_timer_0/axi_timer_0/AXI4_LITE_I/I_SLAVE_ATTACHMENT/I_DECODER/ce_out_i_1 (FF)
  Destination:          system_2_part_2_final_i/axi_interconnect_1/axi_interconnect_1/crossbar_samd/gen_sasd.crossbar_sasd_0/gen_crossbar.addr_arbiter_inst/m_valid_i (FF)
  Requirement:          20.000ns
  Data Path Delay:      7.186ns (Levels of Logic = 6)
  Clock Path Skew:      -0.028ns (1.515 - 1.543)
  Source Clock:         system_2_part_2_final_i/processing_system7_0_FCLK_CLK0 rising at 0.000ns
  Destination Clock:    system_2_part_2_final_i/processing_system7_0_FCLK_CLK0 rising at 20.000ns
  Clock Uncertainty:    0.035ns

  Clock Uncertainty:          0.035ns  ((TSJ^2 + TIJ^2)^1/2 + DJ) / 2 + PE
    Total System Jitter (TSJ):  0.070ns
    Total Input Jitter (TIJ):   0.000ns
    Discrete Jitter (DJ):       0.000ns
    Phase Error (PE):           0.000ns

  Maximum Data Path at Slow Process Corner: system_2_part_2_final_i/axi_timer_0/axi_timer_0/AXI4_LITE_I/I_SLAVE_ATTACHMENT/I_DECODER/ce_out_i_1 to system_2_part_2_final_i/axi_interconnect_1/axi_interconnect_1/crossbar_samd/gen_sasd.crossbar_sasd_0/gen_crossbar.addr_arbiter_inst/m_valid_i
    Location             Delay type         Delay(ns)  Physical Resource
                                                       Logical Resource(s)
    -------------------------------------------------  -------------------
    SLICE_X27Y94.BQ      Tcko                  0.456   system_2_part_2_final_i/axi_timer_0/axi_timer_0/AXI4_LITE_I/I_SLAVE_ATTACHMENT/I_DECODER/ce_out_i_4
                                                       system_2_part_2_final_i/axi_timer_0/axi_timer_0/AXI4_LITE_I/I_SLAVE_ATTACHMENT/I_DECODER/ce_out_i_1
    SLICE_X30Y95.D2      net (fanout=59)       1.242   system_2_part_2_final_i/axi_timer_0/axi_timer_0/AXI4_LITE_I/I_SLAVE_ATTACHMENT/I_DECODER/ce_out_i_1
    SLICE_X30Y95.DMUX    Tilo                  0.388   system_2_part_2_final_i/axi_timer_0/axi_timer_0/TC_CORE_I/tCSR1_Reg[28]
                                                       system_2_part_2_final_i/axi_timer_0/axi_timer_0/AXI4_LITE_I/I_SLAVE_ATTACHMENT/rd_done1_SW0
    SLICE_X30Y95.C3      net (fanout=1)        1.115   system_2_part_2_final_i/axi_timer_0/N91
    SLICE_X30Y95.C       Tilo                  0.124   system_2_part_2_final_i/axi_timer_0/axi_timer_0/TC_CORE_I/tCSR1_Reg[28]
                                                       system_2_part_2_final_i/axi_timer_0/axi_timer_0/AXI4_LITE_I/I_SLAVE_ATTACHMENT/rd_done1
    SLICE_X32Y104.C2     net (fanout=4)        1.313   system_2_part_2_final_i/axi_interconnect_1_M_ARREADY
    SLICE_X32Y104.C      Tilo                  0.124   system_2_part_2_final_i/axi_interconnect_1/axi_interconnect_1/crossbar_samd/gen_sasd.crossbar_sasd_0/gen_crossbar.addr_arbiter_inst/m_grant_hot_i_0
                                                       system_2_part_2_final_i/axi_interconnect_1/axi_interconnect_1/mi_protocol_conv_bank/gen_protocol_slot[0].gen_prot_conv.conv_inst/gen_axilite.gen_axilite_conv.axilite_conv_inst/_n011811_SW0
    SLICE_X32Y104.D4     net (fanout=1)        0.466   system_2_part_2_final_i/axi_interconnect_1/N19
    SLICE_X32Y104.D      Tilo                  0.124   system_2_part_2_final_i/axi_interconnect_1/axi_interconnect_1/crossbar_samd/gen_sasd.crossbar_sasd_0/gen_crossbar.addr_arbiter_inst/m_grant_hot_i_0
                                                       system_2_part_2_final_i/axi_interconnect_1/axi_interconnect_1/crossbar_samd/gen_sasd.crossbar_sasd_0/gen_crossbar.mi_arready_mux_inst/O1
    SLICE_X30Y105.D1     net (fanout=3)        0.936   system_2_part_2_final_i/axi_interconnect_1/axi_interconnect_1/crossbar_samd/gen_sasd.crossbar_sasd_0/mi_arready_mux
    SLICE_X30Y105.D      Tilo                  0.124   system_2_part_2_final_i/axi_interconnect_1_M_RDATA[17]
                                                       system_2_part_2_final_i/axi_interconnect_1/axi_interconnect_1/crossbar_samd/gen_sasd.crossbar_sasd_0/gen_crossbar.splitter_ar/out1
    SLICE_X33Y103.A6     net (fanout=2)        0.679   system_2_part_2_final_i/axi_interconnect_1/axi_interconnect_1/crossbar_samd/gen_sasd.crossbar_sasd_0/aa_arready
    SLICE_X33Y103.CLK    Tas                   0.095   system_2_part_2_final_i/axi_interconnect_1/axi_interconnect_1/crossbar_samd/gen_sasd.crossbar_sasd_0/gen_crossbar.gen_decerr.decerr_slave_inst/s_axi_rlast_i
                                                       system_2_part_2_final_i/axi_interconnect_1/axi_interconnect_1/crossbar_samd/gen_sasd.crossbar_sasd_0/gen_crossbar.addr_arbiter_inst/m_valid_i_glue_set
                                                       system_2_part_2_final_i/axi_interconnect_1/axi_interconnect_1/crossbar_samd/gen_sasd.crossbar_sasd_0/gen_crossbar.addr_arbiter_inst/m_valid_i
    -------------------------------------------------  ---------------------------
    Total                                      7.186ns (1.435ns logic, 5.751ns route)
                                                       (20.0% logic, 80.0% route)

--------------------------------------------------------------------------------
Slack:                  12.817ns (requirement - (data path - clock path skew + uncertainty))
  Source:               system_2_part_2_final_i/axi_timer_0/axi_timer_0/AXI4_LITE_I/I_SLAVE_ATTACHMENT/I_DECODER/ce_out_i_0 (FF)
  Destination:          system_2_part_2_final_i/axi_interconnect_1/axi_interconnect_1/crossbar_samd/gen_sasd.crossbar_sasd_0/gen_crossbar.addr_arbiter_inst/m_grant_hot_i_0 (FF)
  Requirement:          20.000ns
  Data Path Delay:      7.120ns (Levels of Logic = 7)
  Clock Path Skew:      -0.028ns (1.515 - 1.543)
  Source Clock:         system_2_part_2_final_i/processing_system7_0_FCLK_CLK0 rising at 0.000ns
  Destination Clock:    system_2_part_2_final_i/processing_system7_0_FCLK_CLK0 rising at 20.000ns
  Clock Uncertainty:    0.035ns

  Clock Uncertainty:          0.035ns  ((TSJ^2 + TIJ^2)^1/2 + DJ) / 2 + PE
    Total System Jitter (TSJ):  0.070ns
    Total Input Jitter (TIJ):   0.000ns
    Discrete Jitter (DJ):       0.000ns
    Phase Error (PE):           0.000ns

  Maximum Data Path at Slow Process Corner: system_2_part_2_final_i/axi_timer_0/axi_timer_0/AXI4_LITE_I/I_SLAVE_ATTACHMENT/I_DECODER/ce_out_i_0 to system_2_part_2_final_i/axi_interconnect_1/axi_interconnect_1/crossbar_samd/gen_sasd.crossbar_sasd_0/gen_crossbar.addr_arbiter_inst/m_grant_hot_i_0
    Location             Delay type         Delay(ns)  Physical Resource
                                                       Logical Resource(s)
    -------------------------------------------------  -------------------
    SLICE_X27Y94.AQ      Tcko                  0.456   system_2_part_2_final_i/axi_timer_0/axi_timer_0/AXI4_LITE_I/I_SLAVE_ATTACHMENT/I_DECODER/ce_out_i_4
                                                       system_2_part_2_final_i/axi_timer_0/axi_timer_0/AXI4_LITE_I/I_SLAVE_ATTACHMENT/I_DECODER/ce_out_i_0
    SLICE_X30Y95.D1      net (fanout=8)        1.037   system_2_part_2_final_i/axi_timer_0/axi_timer_0/AXI4_LITE_I/I_SLAVE_ATTACHMENT/I_DECODER/ce_out_i_0
    SLICE_X30Y95.D       Tilo                  0.124   system_2_part_2_final_i/axi_timer_0/axi_timer_0/TC_CORE_I/tCSR1_Reg[28]
                                                       system_2_part_2_final_i/axi_timer_0/axi_timer_0/AXI4_LITE_I/I_SLAVE_ATTACHMENT/wr_done1_SW0
    SLICE_X30Y95.B1      net (fanout=1)        0.670   system_2_part_2_final_i/axi_timer_0/N89
    SLICE_X30Y95.B       Tilo                  0.124   system_2_part_2_final_i/axi_timer_0/axi_timer_0/TC_CORE_I/tCSR1_Reg[28]
                                                       system_2_part_2_final_i/axi_timer_0/axi_timer_0/AXI4_LITE_I/I_SLAVE_ATTACHMENT/wr_done1
    SLICE_X35Y103.B1     net (fanout=6)        1.410   system_2_part_2_final_i/axi_interconnect_1_M_AWREADY
    SLICE_X35Y103.B      Tilo                  0.124   system_2_part_2_final_i/axi_interconnect_1_S_BVALID
                                                       system_2_part_2_final_i/axi_interconnect_1/axi_interconnect_1/mi_protocol_conv_bank/gen_protocol_slot[0].gen_prot_conv.conv_inst/gen_axilite.gen_axilite_conv.axilite_conv_inst/_n011611_SW1_F
    SLICE_X34Y103.B2     net (fanout=1)        0.653   system_2_part_2_final_i/axi_interconnect_1/N31
    SLICE_X34Y103.B      Tilo                  0.124   system_2_part_2_final_i/axi_interconnect_1/N15
                                                       system_2_part_2_final_i/axi_interconnect_1/axi_interconnect_1/mi_protocol_conv_bank/gen_protocol_slot[0].gen_prot_conv.conv_inst/gen_axilite.gen_axilite_conv.axilite_conv_inst/_n011611_SW11
    SLICE_X34Y103.D6     net (fanout=2)        0.182   system_2_part_2_final_i/axi_interconnect_1/N15
    SLICE_X34Y103.CMUX   Topdc                 0.539   system_2_part_2_final_i/axi_interconnect_1/N15
                                                       system_2_part_2_final_i/axi_interconnect_1/axi_interconnect_1/crossbar_samd/gen_sasd.crossbar_sasd_0/gen_crossbar.mi_awready_mux_inst/O1_F
                                                       system_2_part_2_final_i/axi_interconnect_1/axi_interconnect_1/crossbar_samd/gen_sasd.crossbar_sasd_0/gen_crossbar.mi_awready_mux_inst/O1
    SLICE_X33Y103.B3     net (fanout=4)        0.692   system_2_part_2_final_i/axi_interconnect_1/axi_interconnect_1/crossbar_samd/gen_sasd.crossbar_sasd_0/mi_awready_mux
    SLICE_X33Y103.B      Tilo                  0.124   system_2_part_2_final_i/axi_interconnect_1/axi_interconnect_1/crossbar_samd/gen_sasd.crossbar_sasd_0/gen_crossbar.gen_decerr.decerr_slave_inst/s_axi_rlast_i
                                                       system_2_part_2_final_i/axi_interconnect_1/axi_interconnect_1/crossbar_samd/gen_sasd.crossbar_sasd_0/gen_crossbar.splitter_aw/out1
    SLICE_X32Y104.A2     net (fanout=2)        0.814   system_2_part_2_final_i/axi_interconnect_1/axi_interconnect_1/crossbar_samd/gen_sasd.crossbar_sasd_0/aa_awready
    SLICE_X32Y104.CLK    Tas                   0.047   system_2_part_2_final_i/axi_interconnect_1/axi_interconnect_1/crossbar_samd/gen_sasd.crossbar_sasd_0/gen_crossbar.addr_arbiter_inst/m_grant_hot_i_0
                                                       system_2_part_2_final_i/axi_interconnect_1/axi_interconnect_1/crossbar_samd/gen_sasd.crossbar_sasd_0/gen_crossbar.addr_arbiter_inst/m_grant_hot_i_0_glue_set
                                                       system_2_part_2_final_i/axi_interconnect_1/axi_interconnect_1/crossbar_samd/gen_sasd.crossbar_sasd_0/gen_crossbar.addr_arbiter_inst/m_grant_hot_i_0
    -------------------------------------------------  ---------------------------
    Total                                      7.120ns (1.662ns logic, 5.458ns route)
                                                       (23.3% logic, 76.7% route)

--------------------------------------------------------------------------------
Slack:                  12.821ns (requirement - (data path - clock path skew + uncertainty))
  Source:               system_2_part_2_final_i/axi_timer_0/axi_timer_0/AXI4_LITE_I/I_SLAVE_ATTACHMENT/I_DECODER/ce_out_i_0 (FF)
  Destination:          system_2_part_2_final_i/axi_interconnect_1/axi_interconnect_1/crossbar_samd/gen_sasd.crossbar_sasd_0/gen_crossbar.addr_arbiter_inst/m_grant_hot_i_0 (FF)
  Requirement:          20.000ns
  Data Path Delay:      7.116ns (Levels of Logic = 7)
  Clock Path Skew:      -0.028ns (1.515 - 1.543)
  Source Clock:         system_2_part_2_final_i/processing_system7_0_FCLK_CLK0 rising at 0.000ns
  Destination Clock:    system_2_part_2_final_i/processing_system7_0_FCLK_CLK0 rising at 20.000ns
  Clock Uncertainty:    0.035ns

  Clock Uncertainty:          0.035ns  ((TSJ^2 + TIJ^2)^1/2 + DJ) / 2 + PE
    Total System Jitter (TSJ):  0.070ns
    Total Input Jitter (TIJ):   0.000ns
    Discrete Jitter (DJ):       0.000ns
    Phase Error (PE):           0.000ns

  Maximum Data Path at Slow Process Corner: system_2_part_2_final_i/axi_timer_0/axi_timer_0/AXI4_LITE_I/I_SLAVE_ATTACHMENT/I_DECODER/ce_out_i_0 to system_2_part_2_final_i/axi_interconnect_1/axi_interconnect_1/crossbar_samd/gen_sasd.crossbar_sasd_0/gen_crossbar.addr_arbiter_inst/m_grant_hot_i_0
    Location             Delay type         Delay(ns)  Physical Resource
                                                       Logical Resource(s)
    -------------------------------------------------  -------------------
    SLICE_X27Y94.AQ      Tcko                  0.456   system_2_part_2_final_i/axi_timer_0/axi_timer_0/AXI4_LITE_I/I_SLAVE_ATTACHMENT/I_DECODER/ce_out_i_4
                                                       system_2_part_2_final_i/axi_timer_0/axi_timer_0/AXI4_LITE_I/I_SLAVE_ATTACHMENT/I_DECODER/ce_out_i_0
    SLICE_X30Y95.D1      net (fanout=8)        1.037   system_2_part_2_final_i/axi_timer_0/axi_timer_0/AXI4_LITE_I/I_SLAVE_ATTACHMENT/I_DECODER/ce_out_i_0
    SLICE_X30Y95.D       Tilo                  0.124   system_2_part_2_final_i/axi_timer_0/axi_timer_0/TC_CORE_I/tCSR1_Reg[28]
                                                       system_2_part_2_final_i/axi_timer_0/axi_timer_0/AXI4_LITE_I/I_SLAVE_ATTACHMENT/wr_done1_SW0
    SLICE_X30Y95.B1      net (fanout=1)        0.670   system_2_part_2_final_i/axi_timer_0/N89
    SLICE_X30Y95.B       Tilo                  0.124   system_2_part_2_final_i/axi_timer_0/axi_timer_0/TC_CORE_I/tCSR1_Reg[28]
                                                       system_2_part_2_final_i/axi_timer_0/axi_timer_0/AXI4_LITE_I/I_SLAVE_ATTACHMENT/wr_done1
    SLICE_X35Y103.B1     net (fanout=6)        1.410   system_2_part_2_final_i/axi_interconnect_1_M_AWREADY
    SLICE_X35Y103.B      Tilo                  0.124   system_2_part_2_final_i/axi_interconnect_1_S_BVALID
                                                       system_2_part_2_final_i/axi_interconnect_1/axi_interconnect_1/mi_protocol_conv_bank/gen_protocol_slot[0].gen_prot_conv.conv_inst/gen_axilite.gen_axilite_conv.axilite_conv_inst/_n011611_SW1_F
    SLICE_X34Y103.B2     net (fanout=1)        0.653   system_2_part_2_final_i/axi_interconnect_1/N31
    SLICE_X34Y103.B      Tilo                  0.124   system_2_part_2_final_i/axi_interconnect_1/N15
                                                       system_2_part_2_final_i/axi_interconnect_1/axi_interconnect_1/mi_protocol_conv_bank/gen_protocol_slot[0].gen_prot_conv.conv_inst/gen_axilite.gen_axilite_conv.axilite_conv_inst/_n011611_SW11
    SLICE_X34Y103.C6     net (fanout=2)        0.172   system_2_part_2_final_i/axi_interconnect_1/N15
    SLICE_X34Y103.CMUX   Tilo                  0.545   system_2_part_2_final_i/axi_interconnect_1/N15
                                                       system_2_part_2_final_i/axi_interconnect_1/axi_interconnect_1/crossbar_samd/gen_sasd.crossbar_sasd_0/gen_crossbar.mi_awready_mux_inst/O1_G
                                                       system_2_part_2_final_i/axi_interconnect_1/axi_interconnect_1/crossbar_samd/gen_sasd.crossbar_sasd_0/gen_crossbar.mi_awready_mux_inst/O1
    SLICE_X33Y103.B3     net (fanout=4)        0.692   system_2_part_2_final_i/axi_interconnect_1/axi_interconnect_1/crossbar_samd/gen_sasd.crossbar_sasd_0/mi_awready_mux
    SLICE_X33Y103.B      Tilo                  0.124   system_2_part_2_final_i/axi_interconnect_1/axi_interconnect_1/crossbar_samd/gen_sasd.crossbar_sasd_0/gen_crossbar.gen_decerr.decerr_slave_inst/s_axi_rlast_i
                                                       system_2_part_2_final_i/axi_interconnect_1/axi_interconnect_1/crossbar_samd/gen_sasd.crossbar_sasd_0/gen_crossbar.splitter_aw/out1
    SLICE_X32Y104.A2     net (fanout=2)        0.814   system_2_part_2_final_i/axi_interconnect_1/axi_interconnect_1/crossbar_samd/gen_sasd.crossbar_sasd_0/aa_awready
    SLICE_X32Y104.CLK    Tas                   0.047   system_2_part_2_final_i/axi_interconnect_1/axi_interconnect_1/crossbar_samd/gen_sasd.crossbar_sasd_0/gen_crossbar.addr_arbiter_inst/m_grant_hot_i_0
                                                       system_2_part_2_final_i/axi_interconnect_1/axi_interconnect_1/crossbar_samd/gen_sasd.crossbar_sasd_0/gen_crossbar.addr_arbiter_inst/m_grant_hot_i_0_glue_set
                                                       system_2_part_2_final_i/axi_interconnect_1/axi_interconnect_1/crossbar_samd/gen_sasd.crossbar_sasd_0/gen_crossbar.addr_arbiter_inst/m_grant_hot_i_0
    -------------------------------------------------  ---------------------------
    Total                                      7.116ns (1.668ns logic, 5.448ns route)
                                                       (23.4% logic, 76.6% route)

--------------------------------------------------------------------------------
Slack:                  12.892ns (requirement - (data path - clock path skew + uncertainty))
  Source:               system_2_part_2_final_i/axi_timer_0/axi_timer_0/AXI4_LITE_I/I_SLAVE_ATTACHMENT/I_DECODER/Bus_RNW_reg (FF)
  Destination:          system_2_part_2_final_i/axi_interconnect_1/axi_interconnect_1/crossbar_samd/gen_sasd.crossbar_sasd_0/gen_crossbar.addr_arbiter_inst/m_valid_i (FF)
  Requirement:          20.000ns
  Data Path Delay:      7.047ns (Levels of Logic = 6)
  Clock Path Skew:      -0.026ns (0.170 - 0.196)
  Source Clock:         system_2_part_2_final_i/processing_system7_0_FCLK_CLK0 rising at 0.000ns
  Destination Clock:    system_2_part_2_final_i/processing_system7_0_FCLK_CLK0 rising at 20.000ns
  Clock Uncertainty:    0.035ns

  Clock Uncertainty:          0.035ns  ((TSJ^2 + TIJ^2)^1/2 + DJ) / 2 + PE
    Total System Jitter (TSJ):  0.070ns
    Total Input Jitter (TIJ):   0.000ns
    Discrete Jitter (DJ):       0.000ns
    Phase Error (PE):           0.000ns

  Maximum Data Path at Slow Process Corner: system_2_part_2_final_i/axi_timer_0/axi_timer_0/AXI4_LITE_I/I_SLAVE_ATTACHMENT/I_DECODER/Bus_RNW_reg to system_2_part_2_final_i/axi_interconnect_1/axi_interconnect_1/crossbar_samd/gen_sasd.crossbar_sasd_0/gen_crossbar.addr_arbiter_inst/m_valid_i
    Location             Delay type         Delay(ns)  Physical Resource
                                                       Logical Resource(s)
    -------------------------------------------------  -------------------
    SLICE_X32Y101.BQ     Tcko                  0.518   system_2_part_2_final_i/axi_timer_0/axi_timer_0/AXI4_LITE_I/I_SLAVE_ATTACHMENT/I_DECODER/Bus_RNW_reg
                                                       system_2_part_2_final_i/axi_timer_0/axi_timer_0/AXI4_LITE_I/I_SLAVE_ATTACHMENT/I_DECODER/Bus_RNW_reg
    SLICE_X30Y95.D4      net (fanout=98)       1.049   system_2_part_2_final_i/axi_timer_0/axi_timer_0/AXI4_LITE_I/I_SLAVE_ATTACHMENT/I_DECODER/Bus_RNW_reg
    SLICE_X30Y95.DMUX    Tilo                  0.380   system_2_part_2_final_i/axi_timer_0/axi_timer_0/TC_CORE_I/tCSR1_Reg[28]
                                                       system_2_part_2_final_i/axi_timer_0/axi_timer_0/AXI4_LITE_I/I_SLAVE_ATTACHMENT/rd_done1_SW0
    SLICE_X30Y95.C3      net (fanout=1)        1.115   system_2_part_2_final_i/axi_timer_0/N91
    SLICE_X30Y95.C       Tilo                  0.124   system_2_part_2_final_i/axi_timer_0/axi_timer_0/TC_CORE_I/tCSR1_Reg[28]
                                                       system_2_part_2_final_i/axi_timer_0/axi_timer_0/AXI4_LITE_I/I_SLAVE_ATTACHMENT/rd_done1
    SLICE_X32Y104.C2     net (fanout=4)        1.313   system_2_part_2_final_i/axi_interconnect_1_M_ARREADY
    SLICE_X32Y104.C      Tilo                  0.124   system_2_part_2_final_i/axi_interconnect_1/axi_interconnect_1/crossbar_samd/gen_sasd.crossbar_sasd_0/gen_crossbar.addr_arbiter_inst/m_grant_hot_i_0
                                                       system_2_part_2_final_i/axi_interconnect_1/axi_interconnect_1/mi_protocol_conv_bank/gen_protocol_slot[0].gen_prot_conv.conv_inst/gen_axilite.gen_axilite_conv.axilite_conv_inst/_n011811_SW0
    SLICE_X32Y104.D4     net (fanout=1)        0.466   system_2_part_2_final_i/axi_interconnect_1/N19
    SLICE_X32Y104.D      Tilo                  0.124   system_2_part_2_final_i/axi_interconnect_1/axi_interconnect_1/crossbar_samd/gen_sasd.crossbar_sasd_0/gen_crossbar.addr_arbiter_inst/m_grant_hot_i_0
                                                       system_2_part_2_final_i/axi_interconnect_1/axi_interconnect_1/crossbar_samd/gen_sasd.crossbar_sasd_0/gen_crossbar.mi_arready_mux_inst/O1
    SLICE_X30Y105.D1     net (fanout=3)        0.936   system_2_part_2_final_i/axi_interconnect_1/axi_interconnect_1/crossbar_samd/gen_sasd.crossbar_sasd_0/mi_arready_mux
    SLICE_X30Y105.D      Tilo                  0.124   system_2_part_2_final_i/axi_interconnect_1_M_RDATA[17]
                                                       system_2_part_2_final_i/axi_interconnect_1/axi_interconnect_1/crossbar_samd/gen_sasd.crossbar_sasd_0/gen_crossbar.splitter_ar/out1
    SLICE_X33Y103.A6     net (fanout=2)        0.679   system_2_part_2_final_i/axi_interconnect_1/axi_interconnect_1/crossbar_samd/gen_sasd.crossbar_sasd_0/aa_arready
    SLICE_X33Y103.CLK    Tas                   0.095   system_2_part_2_final_i/axi_interconnect_1/axi_interconnect_1/crossbar_samd/gen_sasd.crossbar_sasd_0/gen_crossbar.gen_decerr.decerr_slave_inst/s_axi_rlast_i
                                                       system_2_part_2_final_i/axi_interconnect_1/axi_interconnect_1/crossbar_samd/gen_sasd.crossbar_sasd_0/gen_crossbar.addr_arbiter_inst/m_valid_i_glue_set
                                                       system_2_part_2_final_i/axi_interconnect_1/axi_interconnect_1/crossbar_samd/gen_sasd.crossbar_sasd_0/gen_crossbar.addr_arbiter_inst/m_valid_i
    -------------------------------------------------  ---------------------------
    Total                                      7.047ns (1.489ns logic, 5.558ns route)
                                                       (21.1% logic, 78.9% route)

--------------------------------------------------------------------------------
Slack:                  12.928ns (requirement - (data path - clock path skew + uncertainty))
  Source:               system_2_part_2_final_i/axi_timer_0/axi_timer_0/AXI4_LITE_I/I_SLAVE_ATTACHMENT/I_DECODER/ce_out_i_1 (FF)
  Destination:          system_2_part_2_final_i/axi_interconnect_1/axi_interconnect_1/crossbar_samd/gen_sasd.crossbar_sasd_0/gen_crossbar.addr_arbiter_inst/m_grant_hot_i_0 (FF)
  Requirement:          20.000ns
  Data Path Delay:      7.009ns (Levels of Logic = 6)
  Clock Path Skew:      -0.028ns (1.515 - 1.543)
  Source Clock:         system_2_part_2_final_i/processing_system7_0_FCLK_CLK0 rising at 0.000ns
  Destination Clock:    system_2_part_2_final_i/processing_system7_0_FCLK_CLK0 rising at 20.000ns
  Clock Uncertainty:    0.035ns

  Clock Uncertainty:          0.035ns  ((TSJ^2 + TIJ^2)^1/2 + DJ) / 2 + PE
    Total System Jitter (TSJ):  0.070ns
    Total Input Jitter (TIJ):   0.000ns
    Discrete Jitter (DJ):       0.000ns
    Phase Error (PE):           0.000ns

  Maximum Data Path at Slow Process Corner: system_2_part_2_final_i/axi_timer_0/axi_timer_0/AXI4_LITE_I/I_SLAVE_ATTACHMENT/I_DECODER/ce_out_i_1 to system_2_part_2_final_i/axi_interconnect_1/axi_interconnect_1/crossbar_samd/gen_sasd.crossbar_sasd_0/gen_crossbar.addr_arbiter_inst/m_grant_hot_i_0
    Location             Delay type         Delay(ns)  Physical Resource
                                                       Logical Resource(s)
    -------------------------------------------------  -------------------
    SLICE_X27Y94.BQ      Tcko                  0.456   system_2_part_2_final_i/axi_timer_0/axi_timer_0/AXI4_LITE_I/I_SLAVE_ATTACHMENT/I_DECODER/ce_out_i_4
                                                       system_2_part_2_final_i/axi_timer_0/axi_timer_0/AXI4_LITE_I/I_SLAVE_ATTACHMENT/I_DECODER/ce_out_i_1
    SLICE_X30Y95.D2      net (fanout=59)       1.242   system_2_part_2_final_i/axi_timer_0/axi_timer_0/AXI4_LITE_I/I_SLAVE_ATTACHMENT/I_DECODER/ce_out_i_1
    SLICE_X30Y95.DMUX    Tilo                  0.388   system_2_part_2_final_i/axi_timer_0/axi_timer_0/TC_CORE_I/tCSR1_Reg[28]
                                                       system_2_part_2_final_i/axi_timer_0/axi_timer_0/AXI4_LITE_I/I_SLAVE_ATTACHMENT/rd_done1_SW0
    SLICE_X30Y95.C3      net (fanout=1)        1.115   system_2_part_2_final_i/axi_timer_0/N91
    SLICE_X30Y95.C       Tilo                  0.124   system_2_part_2_final_i/axi_timer_0/axi_timer_0/TC_CORE_I/tCSR1_Reg[28]
                                                       system_2_part_2_final_i/axi_timer_0/axi_timer_0/AXI4_LITE_I/I_SLAVE_ATTACHMENT/rd_done1
    SLICE_X32Y104.C2     net (fanout=4)        1.313   system_2_part_2_final_i/axi_interconnect_1_M_ARREADY
    SLICE_X32Y104.C      Tilo                  0.124   system_2_part_2_final_i/axi_interconnect_1/axi_interconnect_1/crossbar_samd/gen_sasd.crossbar_sasd_0/gen_crossbar.addr_arbiter_inst/m_grant_hot_i_0
                                                       system_2_part_2_final_i/axi_interconnect_1/axi_interconnect_1/mi_protocol_conv_bank/gen_protocol_slot[0].gen_prot_conv.conv_inst/gen_axilite.gen_axilite_conv.axilite_conv_inst/_n011811_SW0
    SLICE_X32Y104.D4     net (fanout=1)        0.466   system_2_part_2_final_i/axi_interconnect_1/N19
    SLICE_X32Y104.D      Tilo                  0.124   system_2_part_2_final_i/axi_interconnect_1/axi_interconnect_1/crossbar_samd/gen_sasd.crossbar_sasd_0/gen_crossbar.addr_arbiter_inst/m_grant_hot_i_0
                                                       system_2_part_2_final_i/axi_interconnect_1/axi_interconnect_1/crossbar_samd/gen_sasd.crossbar_sasd_0/gen_crossbar.mi_arready_mux_inst/O1
    SLICE_X30Y105.D1     net (fanout=3)        0.936   system_2_part_2_final_i/axi_interconnect_1/axi_interconnect_1/crossbar_samd/gen_sasd.crossbar_sasd_0/mi_arready_mux
    SLICE_X30Y105.D      Tilo                  0.124   system_2_part_2_final_i/axi_interconnect_1_M_RDATA[17]
                                                       system_2_part_2_final_i/axi_interconnect_1/axi_interconnect_1/crossbar_samd/gen_sasd.crossbar_sasd_0/gen_crossbar.splitter_ar/out1
    SLICE_X32Y104.A6     net (fanout=2)        0.550   system_2_part_2_final_i/axi_interconnect_1/axi_interconnect_1/crossbar_samd/gen_sasd.crossbar_sasd_0/aa_arready
    SLICE_X32Y104.CLK    Tas                   0.047   system_2_part_2_final_i/axi_interconnect_1/axi_interconnect_1/crossbar_samd/gen_sasd.crossbar_sasd_0/gen_crossbar.addr_arbiter_inst/m_grant_hot_i_0
                                                       system_2_part_2_final_i/axi_interconnect_1/axi_interconnect_1/crossbar_samd/gen_sasd.crossbar_sasd_0/gen_crossbar.addr_arbiter_inst/m_grant_hot_i_0_glue_set
                                                       system_2_part_2_final_i/axi_interconnect_1/axi_interconnect_1/crossbar_samd/gen_sasd.crossbar_sasd_0/gen_crossbar.addr_arbiter_inst/m_grant_hot_i_0
    -------------------------------------------------  ---------------------------
    Total                                      7.009ns (1.387ns logic, 5.622ns route)
                                                       (19.8% logic, 80.2% route)

--------------------------------------------------------------------------------
Slack:                  12.933ns (requirement - (data path - clock path skew + uncertainty))
  Source:               system_2_part_2_final_i/axi_timer_0/axi_timer_0/AXI4_LITE_I/I_SLAVE_ATTACHMENT/I_DECODER/ce_out_i_1 (FF)
  Destination:          system_2_part_2_final_i/axi_interconnect_1/axi_interconnect_1/crossbar_samd/gen_sasd.crossbar_sasd_0/gen_crossbar.addr_arbiter_inst/m_valid_i (FF)
  Requirement:          20.000ns
  Data Path Delay:      7.004ns (Levels of Logic = 7)
  Clock Path Skew:      -0.028ns (1.515 - 1.543)
  Source Clock:         system_2_part_2_final_i/processing_system7_0_FCLK_CLK0 rising at 0.000ns
  Destination Clock:    system_2_part_2_final_i/processing_system7_0_FCLK_CLK0 rising at 20.000ns
  Clock Uncertainty:    0.035ns

  Clock Uncertainty:          0.035ns  ((TSJ^2 + TIJ^2)^1/2 + DJ) / 2 + PE
    Total System Jitter (TSJ):  0.070ns
    Total Input Jitter (TIJ):   0.000ns
    Discrete Jitter (DJ):       0.000ns
    Phase Error (PE):           0.000ns

  Maximum Data Path at Slow Process Corner: system_2_part_2_final_i/axi_timer_0/axi_timer_0/AXI4_LITE_I/I_SLAVE_ATTACHMENT/I_DECODER/ce_out_i_1 to system_2_part_2_final_i/axi_interconnect_1/axi_interconnect_1/crossbar_samd/gen_sasd.crossbar_sasd_0/gen_crossbar.addr_arbiter_inst/m_valid_i
    Location             Delay type         Delay(ns)  Physical Resource
                                                       Logical Resource(s)
    -------------------------------------------------  -------------------
    SLICE_X27Y94.BQ      Tcko                  0.456   system_2_part_2_final_i/axi_timer_0/axi_timer_0/AXI4_LITE_I/I_SLAVE_ATTACHMENT/I_DECODER/ce_out_i_4
                                                       system_2_part_2_final_i/axi_timer_0/axi_timer_0/AXI4_LITE_I/I_SLAVE_ATTACHMENT/I_DECODER/ce_out_i_1
    SLICE_X30Y95.D2      net (fanout=59)       1.242   system_2_part_2_final_i/axi_timer_0/axi_timer_0/AXI4_LITE_I/I_SLAVE_ATTACHMENT/I_DECODER/ce_out_i_1
    SLICE_X30Y95.D       Tilo                  0.124   system_2_part_2_final_i/axi_timer_0/axi_timer_0/TC_CORE_I/tCSR1_Reg[28]
                                                       system_2_part_2_final_i/axi_timer_0/axi_timer_0/AXI4_LITE_I/I_SLAVE_ATTACHMENT/wr_done1_SW0
    SLICE_X30Y95.B1      net (fanout=1)        0.670   system_2_part_2_final_i/axi_timer_0/N89
    SLICE_X30Y95.B       Tilo                  0.124   system_2_part_2_final_i/axi_timer_0/axi_timer_0/TC_CORE_I/tCSR1_Reg[28]
                                                       system_2_part_2_final_i/axi_timer_0/axi_timer_0/AXI4_LITE_I/I_SLAVE_ATTACHMENT/wr_done1
    SLICE_X35Y103.B1     net (fanout=6)        1.410   system_2_part_2_final_i/axi_interconnect_1_M_AWREADY
    SLICE_X35Y103.B      Tilo                  0.124   system_2_part_2_final_i/axi_interconnect_1_S_BVALID
                                                       system_2_part_2_final_i/axi_interconnect_1/axi_interconnect_1/mi_protocol_conv_bank/gen_protocol_slot[0].gen_prot_conv.conv_inst/gen_axilite.gen_axilite_conv.axilite_conv_inst/_n011611_SW1_F
    SLICE_X34Y103.B2     net (fanout=1)        0.653   system_2_part_2_final_i/axi_interconnect_1/N31
    SLICE_X34Y103.B      Tilo                  0.124   system_2_part_2_final_i/axi_interconnect_1/N15
                                                       system_2_part_2_final_i/axi_interconnect_1/axi_interconnect_1/mi_protocol_conv_bank/gen_protocol_slot[0].gen_prot_conv.conv_inst/gen_axilite.gen_axilite_conv.axilite_conv_inst/_n011611_SW11
    SLICE_X34Y103.D6     net (fanout=2)        0.182   system_2_part_2_final_i/axi_interconnect_1/N15
    SLICE_X34Y103.CMUX   Topdc                 0.539   system_2_part_2_final_i/axi_interconnect_1/N15
                                                       system_2_part_2_final_i/axi_interconnect_1/axi_interconnect_1/crossbar_samd/gen_sasd.crossbar_sasd_0/gen_crossbar.mi_awready_mux_inst/O1_F
                                                       system_2_part_2_final_i/axi_interconnect_1/axi_interconnect_1/crossbar_samd/gen_sasd.crossbar_sasd_0/gen_crossbar.mi_awready_mux_inst/O1
    SLICE_X33Y103.B3     net (fanout=4)        0.692   system_2_part_2_final_i/axi_interconnect_1/axi_interconnect_1/crossbar_samd/gen_sasd.crossbar_sasd_0/mi_awready_mux
    SLICE_X33Y103.B      Tilo                  0.124   system_2_part_2_final_i/axi_interconnect_1/axi_interconnect_1/crossbar_samd/gen_sasd.crossbar_sasd_0/gen_crossbar.gen_decerr.decerr_slave_inst/s_axi_rlast_i
                                                       system_2_part_2_final_i/axi_interconnect_1/axi_interconnect_1/crossbar_samd/gen_sasd.crossbar_sasd_0/gen_crossbar.splitter_aw/out1
    SLICE_X33Y103.A4     net (fanout=2)        0.445   system_2_part_2_final_i/axi_interconnect_1/axi_interconnect_1/crossbar_samd/gen_sasd.crossbar_sasd_0/aa_awready
    SLICE_X33Y103.CLK    Tas                   0.095   system_2_part_2_final_i/axi_interconnect_1/axi_interconnect_1/crossbar_samd/gen_sasd.crossbar_sasd_0/gen_crossbar.gen_decerr.decerr_slave_inst/s_axi_rlast_i
                                                       system_2_part_2_final_i/axi_interconnect_1/axi_interconnect_1/crossbar_samd/gen_sasd.crossbar_sasd_0/gen_crossbar.addr_arbiter_inst/m_valid_i_glue_set
                                                       system_2_part_2_final_i/axi_interconnect_1/axi_interconnect_1/crossbar_samd/gen_sasd.crossbar_sasd_0/gen_crossbar.addr_arbiter_inst/m_valid_i
    -------------------------------------------------  ---------------------------
    Total                                      7.004ns (1.710ns logic, 5.294ns route)
                                                       (24.4% logic, 75.6% route)

--------------------------------------------------------------------------------
Slack:                  12.937ns (requirement - (data path - clock path skew + uncertainty))
  Source:               system_2_part_2_final_i/axi_timer_0/axi_timer_0/AXI4_LITE_I/I_SLAVE_ATTACHMENT/I_DECODER/ce_out_i_1 (FF)
  Destination:          system_2_part_2_final_i/axi_interconnect_1/axi_interconnect_1/crossbar_samd/gen_sasd.crossbar_sasd_0/gen_crossbar.addr_arbiter_inst/m_valid_i (FF)
  Requirement:          20.000ns
  Data Path Delay:      7.000ns (Levels of Logic = 7)
  Clock Path Skew:      -0.028ns (1.515 - 1.543)
  Source Clock:         system_2_part_2_final_i/processing_system7_0_FCLK_CLK0 rising at 0.000ns
  Destination Clock:    system_2_part_2_final_i/processing_system7_0_FCLK_CLK0 rising at 20.000ns
  Clock Uncertainty:    0.035ns

  Clock Uncertainty:          0.035ns  ((TSJ^2 + TIJ^2)^1/2 + DJ) / 2 + PE
    Total System Jitter (TSJ):  0.070ns
    Total Input Jitter (TIJ):   0.000ns
    Discrete Jitter (DJ):       0.000ns
    Phase Error (PE):           0.000ns

  Maximum Data Path at Slow Process Corner: system_2_part_2_final_i/axi_timer_0/axi_timer_0/AXI4_LITE_I/I_SLAVE_ATTACHMENT/I_DECODER/ce_out_i_1 to system_2_part_2_final_i/axi_interconnect_1/axi_interconnect_1/crossbar_samd/gen_sasd.crossbar_sasd_0/gen_crossbar.addr_arbiter_inst/m_valid_i
    Location             Delay type         Delay(ns)  Physical Resource
                                                       Logical Resource(s)
    -------------------------------------------------  -------------------
    SLICE_X27Y94.BQ      Tcko                  0.456   system_2_part_2_final_i/axi_timer_0/axi_timer_0/AXI4_LITE_I/I_SLAVE_ATTACHMENT/I_DECODER/ce_out_i_4
                                                       system_2_part_2_final_i/axi_timer_0/axi_timer_0/AXI4_LITE_I/I_SLAVE_ATTACHMENT/I_DECODER/ce_out_i_1
    SLICE_X30Y95.D2      net (fanout=59)       1.242   system_2_part_2_final_i/axi_timer_0/axi_timer_0/AXI4_LITE_I/I_SLAVE_ATTACHMENT/I_DECODER/ce_out_i_1
    SLICE_X30Y95.D       Tilo                  0.124   system_2_part_2_final_i/axi_timer_0/axi_timer_0/TC_CORE_I/tCSR1_Reg[28]
                                                       system_2_part_2_final_i/axi_timer_0/axi_timer_0/AXI4_LITE_I/I_SLAVE_ATTACHMENT/wr_done1_SW0
    SLICE_X30Y95.B1      net (fanout=1)        0.670   system_2_part_2_final_i/axi_timer_0/N89
    SLICE_X30Y95.B       Tilo                  0.124   system_2_part_2_final_i/axi_timer_0/axi_timer_0/TC_CORE_I/tCSR1_Reg[28]
                                                       system_2_part_2_final_i/axi_timer_0/axi_timer_0/AXI4_LITE_I/I_SLAVE_ATTACHMENT/wr_done1
    SLICE_X35Y103.B1     net (fanout=6)        1.410   system_2_part_2_final_i/axi_interconnect_1_M_AWREADY
    SLICE_X35Y103.B      Tilo                  0.124   system_2_part_2_final_i/axi_interconnect_1_S_BVALID
                                                       system_2_part_2_final_i/axi_interconnect_1/axi_interconnect_1/mi_protocol_conv_bank/gen_protocol_slot[0].gen_prot_conv.conv_inst/gen_axilite.gen_axilite_conv.axilite_conv_inst/_n011611_SW1_F
    SLICE_X34Y103.B2     net (fanout=1)        0.653   system_2_part_2_final_i/axi_interconnect_1/N31
    SLICE_X34Y103.B      Tilo                  0.124   system_2_part_2_final_i/axi_interconnect_1/N15
                                                       system_2_part_2_final_i/axi_interconnect_1/axi_interconnect_1/mi_protocol_conv_bank/gen_protocol_slot[0].gen_prot_conv.conv_inst/gen_axilite.gen_axilite_conv.axilite_conv_inst/_n011611_SW11
    SLICE_X34Y103.C6     net (fanout=2)        0.172   system_2_part_2_final_i/axi_interconnect_1/N15
    SLICE_X34Y103.CMUX   Tilo                  0.545   system_2_part_2_final_i/axi_interconnect_1/N15
                                                       system_2_part_2_final_i/axi_interconnect_1/axi_interconnect_1/crossbar_samd/gen_sasd.crossbar_sasd_0/gen_crossbar.mi_awready_mux_inst/O1_G
                                                       system_2_part_2_final_i/axi_interconnect_1/axi_interconnect_1/crossbar_samd/gen_sasd.crossbar_sasd_0/gen_crossbar.mi_awready_mux_inst/O1
    SLICE_X33Y103.B3     net (fanout=4)        0.692   system_2_part_2_final_i/axi_interconnect_1/axi_interconnect_1/crossbar_samd/gen_sasd.crossbar_sasd_0/mi_awready_mux
    SLICE_X33Y103.B      Tilo                  0.124   system_2_part_2_final_i/axi_interconnect_1/axi_interconnect_1/crossbar_samd/gen_sasd.crossbar_sasd_0/gen_crossbar.gen_decerr.decerr_slave_inst/s_axi_rlast_i
                                                       system_2_part_2_final_i/axi_interconnect_1/axi_interconnect_1/crossbar_samd/gen_sasd.crossbar_sasd_0/gen_crossbar.splitter_aw/out1
    SLICE_X33Y103.A4     net (fanout=2)        0.445   system_2_part_2_final_i/axi_interconnect_1/axi_interconnect_1/crossbar_samd/gen_sasd.crossbar_sasd_0/aa_awready
    SLICE_X33Y103.CLK    Tas                   0.095   system_2_part_2_final_i/axi_interconnect_1/axi_interconnect_1/crossbar_samd/gen_sasd.crossbar_sasd_0/gen_crossbar.gen_decerr.decerr_slave_inst/s_axi_rlast_i
                                                       system_2_part_2_final_i/axi_interconnect_1/axi_interconnect_1/crossbar_samd/gen_sasd.crossbar_sasd_0/gen_crossbar.addr_arbiter_inst/m_valid_i_glue_set
                                                       system_2_part_2_final_i/axi_interconnect_1/axi_interconnect_1/crossbar_samd/gen_sasd.crossbar_sasd_0/gen_crossbar.addr_arbiter_inst/m_valid_i
    -------------------------------------------------  ---------------------------
    Total                                      7.000ns (1.716ns logic, 5.284ns route)
                                                       (24.5% logic, 75.5% route)

--------------------------------------------------------------------------------
Slack:                  12.950ns (requirement - (data path - clock path skew + uncertainty))
  Source:               system_2_part_2_final_i/axi_timer_0/axi_timer_0/AXI4_LITE_I/I_SLAVE_ATTACHMENT/I_DECODER/ce_out_i_1 (FF)
  Destination:          system_2_part_2_final_i/processing_system7_0/processing_system7_0/PS7_i (OTHER)
  Requirement:          20.000ns
  Data Path Delay:      7.031ns (Levels of Logic = 4)
  Clock Path Skew:      0.016ns (0.211 - 0.195)
  Source Clock:         system_2_part_2_final_i/processing_system7_0_FCLK_CLK0 rising at 0.000ns
  Destination Clock:    system_2_part_2_final_i/processing_system7_0_FCLK_CLK0 rising at 20.000ns
  Clock Uncertainty:    0.035ns

  Clock Uncertainty:          0.035ns  ((TSJ^2 + TIJ^2)^1/2 + DJ) / 2 + PE
    Total System Jitter (TSJ):  0.070ns
    Total Input Jitter (TIJ):   0.000ns
    Discrete Jitter (DJ):       0.000ns
    Phase Error (PE):           0.000ns

  Maximum Data Path at Slow Process Corner: system_2_part_2_final_i/axi_timer_0/axi_timer_0/AXI4_LITE_I/I_SLAVE_ATTACHMENT/I_DECODER/ce_out_i_1 to system_2_part_2_final_i/processing_system7_0/processing_system7_0/PS7_i
    Location               Delay type         Delay(ns)  Physical Resource
                                                         Logical Resource(s)
    ---------------------------------------------------  -------------------
    SLICE_X27Y94.BQ        Tcko                  0.456   system_2_part_2_final_i/axi_timer_0/axi_timer_0/AXI4_LITE_I/I_SLAVE_ATTACHMENT/I_DECODER/ce_out_i_4
                                                         system_2_part_2_final_i/axi_timer_0/axi_timer_0/AXI4_LITE_I/I_SLAVE_ATTACHMENT/I_DECODER/ce_out_i_1
    SLICE_X30Y95.D2        net (fanout=59)       1.242   system_2_part_2_final_i/axi_timer_0/axi_timer_0/AXI4_LITE_I/I_SLAVE_ATTACHMENT/I_DECODER/ce_out_i_1
    SLICE_X30Y95.D         Tilo                  0.124   system_2_part_2_final_i/axi_timer_0/axi_timer_0/TC_CORE_I/tCSR1_Reg[28]
                                                         system_2_part_2_final_i/axi_timer_0/axi_timer_0/AXI4_LITE_I/I_SLAVE_ATTACHMENT/wr_done1_SW0
    SLICE_X30Y95.B1        net (fanout=1)        0.670   system_2_part_2_final_i/axi_timer_0/N89
    SLICE_X30Y95.B         Tilo                  0.124   system_2_part_2_final_i/axi_timer_0/axi_timer_0/TC_CORE_I/tCSR1_Reg[28]
                                                         system_2_part_2_final_i/axi_timer_0/axi_timer_0/AXI4_LITE_I/I_SLAVE_ATTACHMENT/wr_done1
    SLICE_X32Y101.D4       net (fanout=6)        1.593   system_2_part_2_final_i/axi_interconnect_1_M_AWREADY
    SLICE_X32Y101.DMUX     Tilo                  0.380   system_2_part_2_final_i/axi_timer_0/axi_timer_0/AXI4_LITE_I/I_SLAVE_ATTACHMENT/I_DECODER/Bus_RNW_reg
                                                         system_2_part_2_final_i/axi_interconnect_1/axi_interconnect_1/mi_protocol_conv_bank/gen_protocol_slot[0].gen_prot_conv.conv_inst/gen_axilite.gen_axilite_conv.axilite_conv_inst/S_AXI_WREADY1
    SLICE_X33Y101.D3       net (fanout=2)        0.653   system_2_part_2_final_i/axi_interconnect_1/DEBUG_MC_MP_WDATACONTROL[1]
    SLICE_X33Y101.D        Tilo                  0.124   system_2_part_2_final_i/axi_interconnect_1_M_RDATA[16]
                                                         system_2_part_2_final_i/axi_interconnect_1/axi_interconnect_1/crossbar_samd/gen_sasd.crossbar_sasd_0/si_wready11
    PS7_X0Y0.MAXIGP0WREADY net (fanout=1)        0.782   system_2_part_2_final_i/axi_interconnect_1_S_WREADY
    PS7_X0Y0.MAXIGP0ACLK   Tpssdck_MAXIGP0WREADY  0.883   system_2_part_2_final_i/processing_system7_0/processing_system7_0/PS7_i
                                                         system_2_part_2_final_i/processing_system7_0/processing_system7_0/PS7_i
    ---------------------------------------------------  ---------------------------
    Total                                        7.031ns (2.091ns logic, 4.940ns route)
                                                         (29.7% logic, 70.3% route)

--------------------------------------------------------------------------------
Slack:                  12.957ns (requirement - (data path - clock path skew + uncertainty))
  Source:               system_2_part_2_final_i/axi_timer_0/axi_timer_0/AXI4_LITE_I/I_SLAVE_ATTACHMENT/I_DECODER/ce_out_i_0 (FF)
  Destination:          system_2_part_2_final_i/axi_interconnect_1/axi_interconnect_1/crossbar_samd/gen_sasd.crossbar_sasd_0/gen_crossbar.addr_arbiter_inst/m_valid_i (FF)
  Requirement:          20.000ns
  Data Path Delay:      6.980ns (Levels of Logic = 6)
  Clock Path Skew:      -0.028ns (1.515 - 1.543)
  Source Clock:         system_2_part_2_final_i/processing_system7_0_FCLK_CLK0 rising at 0.000ns
  Destination Clock:    system_2_part_2_final_i/processing_system7_0_FCLK_CLK0 rising at 20.000ns
  Clock Uncertainty:    0.035ns

  Clock Uncertainty:          0.035ns  ((TSJ^2 + TIJ^2)^1/2 + DJ) / 2 + PE
    Total System Jitter (TSJ):  0.070ns
    Total Input Jitter (TIJ):   0.000ns
    Discrete Jitter (DJ):       0.000ns
    Phase Error (PE):           0.000ns

  Maximum Data Path at Slow Process Corner: system_2_part_2_final_i/axi_timer_0/axi_timer_0/AXI4_LITE_I/I_SLAVE_ATTACHMENT/I_DECODER/ce_out_i_0 to system_2_part_2_final_i/axi_interconnect_1/axi_interconnect_1/crossbar_samd/gen_sasd.crossbar_sasd_0/gen_crossbar.addr_arbiter_inst/m_valid_i
    Location             Delay type         Delay(ns)  Physical Resource
                                                       Logical Resource(s)
    -------------------------------------------------  -------------------
    SLICE_X27Y94.AQ      Tcko                  0.456   system_2_part_2_final_i/axi_timer_0/axi_timer_0/AXI4_LITE_I/I_SLAVE_ATTACHMENT/I_DECODER/ce_out_i_4
                                                       system_2_part_2_final_i/axi_timer_0/axi_timer_0/AXI4_LITE_I/I_SLAVE_ATTACHMENT/I_DECODER/ce_out_i_0
    SLICE_X30Y95.D1      net (fanout=8)        1.037   system_2_part_2_final_i/axi_timer_0/axi_timer_0/AXI4_LITE_I/I_SLAVE_ATTACHMENT/I_DECODER/ce_out_i_0
    SLICE_X30Y95.DMUX    Tilo                  0.387   system_2_part_2_final_i/axi_timer_0/axi_timer_0/TC_CORE_I/tCSR1_Reg[28]
                                                       system_2_part_2_final_i/axi_timer_0/axi_timer_0/AXI4_LITE_I/I_SLAVE_ATTACHMENT/rd_done1_SW0
    SLICE_X30Y95.C3      net (fanout=1)        1.115   system_2_part_2_final_i/axi_timer_0/N91
    SLICE_X30Y95.C       Tilo                  0.124   system_2_part_2_final_i/axi_timer_0/axi_timer_0/TC_CORE_I/tCSR1_Reg[28]
                                                       system_2_part_2_final_i/axi_timer_0/axi_timer_0/AXI4_LITE_I/I_SLAVE_ATTACHMENT/rd_done1
    SLICE_X32Y104.C2     net (fanout=4)        1.313   system_2_part_2_final_i/axi_interconnect_1_M_ARREADY
    SLICE_X32Y104.C      Tilo                  0.124   system_2_part_2_final_i/axi_interconnect_1/axi_interconnect_1/crossbar_samd/gen_sasd.crossbar_sasd_0/gen_crossbar.addr_arbiter_inst/m_grant_hot_i_0
                                                       system_2_part_2_final_i/axi_interconnect_1/axi_interconnect_1/mi_protocol_conv_bank/gen_protocol_slot[0].gen_prot_conv.conv_inst/gen_axilite.gen_axilite_conv.axilite_conv_inst/_n011811_SW0
    SLICE_X32Y104.D4     net (fanout=1)        0.466   system_2_part_2_final_i/axi_interconnect_1/N19
    SLICE_X32Y104.D      Tilo                  0.124   system_2_part_2_final_i/axi_interconnect_1/axi_interconnect_1/crossbar_samd/gen_sasd.crossbar_sasd_0/gen_crossbar.addr_arbiter_inst/m_grant_hot_i_0
                                                       system_2_part_2_final_i/axi_interconnect_1/axi_interconnect_1/crossbar_samd/gen_sasd.crossbar_sasd_0/gen_crossbar.mi_arready_mux_inst/O1
    SLICE_X30Y105.D1     net (fanout=3)        0.936   system_2_part_2_final_i/axi_interconnect_1/axi_interconnect_1/crossbar_samd/gen_sasd.crossbar_sasd_0/mi_arready_mux
    SLICE_X30Y105.D      Tilo                  0.124   system_2_part_2_final_i/axi_interconnect_1_M_RDATA[17]
                                                       system_2_part_2_final_i/axi_interconnect_1/axi_interconnect_1/crossbar_samd/gen_sasd.crossbar_sasd_0/gen_crossbar.splitter_ar/out1
    SLICE_X33Y103.A6     net (fanout=2)        0.679   system_2_part_2_final_i/axi_interconnect_1/axi_interconnect_1/crossbar_samd/gen_sasd.crossbar_sasd_0/aa_arready
    SLICE_X33Y103.CLK    Tas                   0.095   system_2_part_2_final_i/axi_interconnect_1/axi_interconnect_1/crossbar_samd/gen_sasd.crossbar_sasd_0/gen_crossbar.gen_decerr.decerr_slave_inst/s_axi_rlast_i
                                                       system_2_part_2_final_i/axi_interconnect_1/axi_interconnect_1/crossbar_samd/gen_sasd.crossbar_sasd_0/gen_crossbar.addr_arbiter_inst/m_valid_i_glue_set
                                                       system_2_part_2_final_i/axi_interconnect_1/axi_interconnect_1/crossbar_samd/gen_sasd.crossbar_sasd_0/gen_crossbar.addr_arbiter_inst/m_valid_i
    -------------------------------------------------  ---------------------------
    Total                                      6.980ns (1.434ns logic, 5.546ns route)
                                                       (20.5% logic, 79.5% route)

--------------------------------------------------------------------------------
Slack:                  12.972ns (requirement - (data path - clock path skew + uncertainty))
  Source:               system_2_part_2_final_i/axi_timer_0/axi_timer_0/AXI4_LITE_I/I_SLAVE_ATTACHMENT/I_DECODER/ce_out_i_5 (FF)
  Destination:          system_2_part_2_final_i/axi_interconnect_1/axi_interconnect_1/crossbar_samd/gen_sasd.crossbar_sasd_0/gen_crossbar.addr_arbiter_inst/m_grant_hot_i_0 (FF)
  Requirement:          20.000ns
  Data Path Delay:      6.965ns (Levels of Logic = 7)
  Clock Path Skew:      -0.028ns (1.515 - 1.543)
  Source Clock:         system_2_part_2_final_i/processing_system7_0_FCLK_CLK0 rising at 0.000ns
  Destination Clock:    system_2_part_2_final_i/processing_system7_0_FCLK_CLK0 rising at 20.000ns
  Clock Uncertainty:    0.035ns

  Clock Uncertainty:          0.035ns  ((TSJ^2 + TIJ^2)^1/2 + DJ) / 2 + PE
    Total System Jitter (TSJ):  0.070ns
    Total Input Jitter (TIJ):   0.000ns
    Discrete Jitter (DJ):       0.000ns
    Phase Error (PE):           0.000ns

  Maximum Data Path at Slow Process Corner: system_2_part_2_final_i/axi_timer_0/axi_timer_0/AXI4_LITE_I/I_SLAVE_ATTACHMENT/I_DECODER/ce_out_i_5 to system_2_part_2_final_i/axi_interconnect_1/axi_interconnect_1/crossbar_samd/gen_sasd.crossbar_sasd_0/gen_crossbar.addr_arbiter_inst/m_grant_hot_i_0
    Location             Delay type         Delay(ns)  Physical Resource
                                                       Logical Resource(s)
    -------------------------------------------------  -------------------
    SLICE_X27Y95.AQ      Tcko                  0.456   system_2_part_2_final_i/axi_timer_0/axi_timer_0/AXI4_LITE_I/I_SLAVE_ATTACHMENT/I_DECODER/ce_out_i_6
                                                       system_2_part_2_final_i/axi_timer_0/axi_timer_0/AXI4_LITE_I/I_SLAVE_ATTACHMENT/I_DECODER/ce_out_i_5
    SLICE_X30Y95.D3      net (fanout=37)       0.882   system_2_part_2_final_i/axi_timer_0/axi_timer_0/AXI4_LITE_I/I_SLAVE_ATTACHMENT/I_DECODER/ce_out_i_5
    SLICE_X30Y95.D       Tilo                  0.124   system_2_part_2_final_i/axi_timer_0/axi_timer_0/TC_CORE_I/tCSR1_Reg[28]
                                                       system_2_part_2_final_i/axi_timer_0/axi_timer_0/AXI4_LITE_I/I_SLAVE_ATTACHMENT/wr_done1_SW0
    SLICE_X30Y95.B1      net (fanout=1)        0.670   system_2_part_2_final_i/axi_timer_0/N89
    SLICE_X30Y95.B       Tilo                  0.124   system_2_part_2_final_i/axi_timer_0/axi_timer_0/TC_CORE_I/tCSR1_Reg[28]
                                                       system_2_part_2_final_i/axi_timer_0/axi_timer_0/AXI4_LITE_I/I_SLAVE_ATTACHMENT/wr_done1
    SLICE_X35Y103.B1     net (fanout=6)        1.410   system_2_part_2_final_i/axi_interconnect_1_M_AWREADY
    SLICE_X35Y103.B      Tilo                  0.124   system_2_part_2_final_i/axi_interconnect_1_S_BVALID
                                                       system_2_part_2_final_i/axi_interconnect_1/axi_interconnect_1/mi_protocol_conv_bank/gen_protocol_slot[0].gen_prot_conv.conv_inst/gen_axilite.gen_axilite_conv.axilite_conv_inst/_n011611_SW1_F
    SLICE_X34Y103.B2     net (fanout=1)        0.653   system_2_part_2_final_i/axi_interconnect_1/N31
    SLICE_X34Y103.B      Tilo                  0.124   system_2_part_2_final_i/axi_interconnect_1/N15
                                                       system_2_part_2_final_i/axi_interconnect_1/axi_interconnect_1/mi_protocol_conv_bank/gen_protocol_slot[0].gen_prot_conv.conv_inst/gen_axilite.gen_axilite_conv.axilite_conv_inst/_n011611_SW11
    SLICE_X34Y103.D6     net (fanout=2)        0.182   system_2_part_2_final_i/axi_interconnect_1/N15
    SLICE_X34Y103.CMUX   Topdc                 0.539   system_2_part_2_final_i/axi_interconnect_1/N15
                                                       system_2_part_2_final_i/axi_interconnect_1/axi_interconnect_1/crossbar_samd/gen_sasd.crossbar_sasd_0/gen_crossbar.mi_awready_mux_inst/O1_F
                                                       system_2_part_2_final_i/axi_interconnect_1/axi_interconnect_1/crossbar_samd/gen_sasd.crossbar_sasd_0/gen_crossbar.mi_awready_mux_inst/O1
    SLICE_X33Y103.B3     net (fanout=4)        0.692   system_2_part_2_final_i/axi_interconnect_1/axi_interconnect_1/crossbar_samd/gen_sasd.crossbar_sasd_0/mi_awready_mux
    SLICE_X33Y103.B      Tilo                  0.124   system_2_part_2_final_i/axi_interconnect_1/axi_interconnect_1/crossbar_samd/gen_sasd.crossbar_sasd_0/gen_crossbar.gen_decerr.decerr_slave_inst/s_axi_rlast_i
                                                       system_2_part_2_final_i/axi_interconnect_1/axi_interconnect_1/crossbar_samd/gen_sasd.crossbar_sasd_0/gen_crossbar.splitter_aw/out1
    SLICE_X32Y104.A2     net (fanout=2)        0.814   system_2_part_2_final_i/axi_interconnect_1/axi_interconnect_1/crossbar_samd/gen_sasd.crossbar_sasd_0/aa_awready
    SLICE_X32Y104.CLK    Tas                   0.047   system_2_part_2_final_i/axi_interconnect_1/axi_interconnect_1/crossbar_samd/gen_sasd.crossbar_sasd_0/gen_crossbar.addr_arbiter_inst/m_grant_hot_i_0
                                                       system_2_part_2_final_i/axi_interconnect_1/axi_interconnect_1/crossbar_samd/gen_sasd.crossbar_sasd_0/gen_crossbar.addr_arbiter_inst/m_grant_hot_i_0_glue_set
                                                       system_2_part_2_final_i/axi_interconnect_1/axi_interconnect_1/crossbar_samd/gen_sasd.crossbar_sasd_0/gen_crossbar.addr_arbiter_inst/m_grant_hot_i_0
    -------------------------------------------------  ---------------------------
    Total                                      6.965ns (1.662ns logic, 5.303ns route)
                                                       (23.9% logic, 76.1% route)

--------------------------------------------------------------------------------
Slack:                  12.976ns (requirement - (data path - clock path skew + uncertainty))
  Source:               system_2_part_2_final_i/axi_timer_0/axi_timer_0/AXI4_LITE_I/I_SLAVE_ATTACHMENT/I_DECODER/ce_out_i_5 (FF)
  Destination:          system_2_part_2_final_i/axi_interconnect_1/axi_interconnect_1/crossbar_samd/gen_sasd.crossbar_sasd_0/gen_crossbar.addr_arbiter_inst/m_grant_hot_i_0 (FF)
  Requirement:          20.000ns
  Data Path Delay:      6.961ns (Levels of Logic = 7)
  Clock Path Skew:      -0.028ns (1.515 - 1.543)
  Source Clock:         system_2_part_2_final_i/processing_system7_0_FCLK_CLK0 rising at 0.000ns
  Destination Clock:    system_2_part_2_final_i/processing_system7_0_FCLK_CLK0 rising at 20.000ns
  Clock Uncertainty:    0.035ns

  Clock Uncertainty:          0.035ns  ((TSJ^2 + TIJ^2)^1/2 + DJ) / 2 + PE
    Total System Jitter (TSJ):  0.070ns
    Total Input Jitter (TIJ):   0.000ns
    Discrete Jitter (DJ):       0.000ns
    Phase Error (PE):           0.000ns

  Maximum Data Path at Slow Process Corner: system_2_part_2_final_i/axi_timer_0/axi_timer_0/AXI4_LITE_I/I_SLAVE_ATTACHMENT/I_DECODER/ce_out_i_5 to system_2_part_2_final_i/axi_interconnect_1/axi_interconnect_1/crossbar_samd/gen_sasd.crossbar_sasd_0/gen_crossbar.addr_arbiter_inst/m_grant_hot_i_0
    Location             Delay type         Delay(ns)  Physical Resource
                                                       Logical Resource(s)
    -------------------------------------------------  -------------------
    SLICE_X27Y95.AQ      Tcko                  0.456   system_2_part_2_final_i/axi_timer_0/axi_timer_0/AXI4_LITE_I/I_SLAVE_ATTACHMENT/I_DECODER/ce_out_i_6
                                                       system_2_part_2_final_i/axi_timer_0/axi_timer_0/AXI4_LITE_I/I_SLAVE_ATTACHMENT/I_DECODER/ce_out_i_5
    SLICE_X30Y95.D3      net (fanout=37)       0.882   system_2_part_2_final_i/axi_timer_0/axi_timer_0/AXI4_LITE_I/I_SLAVE_ATTACHMENT/I_DECODER/ce_out_i_5
    SLICE_X30Y95.D       Tilo                  0.124   system_2_part_2_final_i/axi_timer_0/axi_timer_0/TC_CORE_I/tCSR1_Reg[28]
                                                       system_2_part_2_final_i/axi_timer_0/axi_timer_0/AXI4_LITE_I/I_SLAVE_ATTACHMENT/wr_done1_SW0
    SLICE_X30Y95.B1      net (fanout=1)        0.670   system_2_part_2_final_i/axi_timer_0/N89
    SLICE_X30Y95.B       Tilo                  0.124   system_2_part_2_final_i/axi_timer_0/axi_timer_0/TC_CORE_I/tCSR1_Reg[28]
                                                       system_2_part_2_final_i/axi_timer_0/axi_timer_0/AXI4_LITE_I/I_SLAVE_ATTACHMENT/wr_done1
    SLICE_X35Y103.B1     net (fanout=6)        1.410   system_2_part_2_final_i/axi_interconnect_1_M_AWREADY
    SLICE_X35Y103.B      Tilo                  0.124   system_2_part_2_final_i/axi_interconnect_1_S_BVALID
                                                       system_2_part_2_final_i/axi_interconnect_1/axi_interconnect_1/mi_protocol_conv_bank/gen_protocol_slot[0].gen_prot_conv.conv_inst/gen_axilite.gen_axilite_conv.axilite_conv_inst/_n011611_SW1_F
    SLICE_X34Y103.B2     net (fanout=1)        0.653   system_2_part_2_final_i/axi_interconnect_1/N31
    SLICE_X34Y103.B      Tilo                  0.124   system_2_part_2_final_i/axi_interconnect_1/N15
                                                       system_2_part_2_final_i/axi_interconnect_1/axi_interconnect_1/mi_protocol_conv_bank/gen_protocol_slot[0].gen_prot_conv.conv_inst/gen_axilite.gen_axilite_conv.axilite_conv_inst/_n011611_SW11
    SLICE_X34Y103.C6     net (fanout=2)        0.172   system_2_part_2_final_i/axi_interconnect_1/N15
    SLICE_X34Y103.CMUX   Tilo                  0.545   system_2_part_2_final_i/axi_interconnect_1/N15
                                                       system_2_part_2_final_i/axi_interconnect_1/axi_interconnect_1/crossbar_samd/gen_sasd.crossbar_sasd_0/gen_crossbar.mi_awready_mux_inst/O1_G
                                                       system_2_part_2_final_i/axi_interconnect_1/axi_interconnect_1/crossbar_samd/gen_sasd.crossbar_sasd_0/gen_crossbar.mi_awready_mux_inst/O1
    SLICE_X33Y103.B3     net (fanout=4)        0.692   system_2_part_2_final_i/axi_interconnect_1/axi_interconnect_1/crossbar_samd/gen_sasd.crossbar_sasd_0/mi_awready_mux
    SLICE_X33Y103.B      Tilo                  0.124   system_2_part_2_final_i/axi_interconnect_1/axi_interconnect_1/crossbar_samd/gen_sasd.crossbar_sasd_0/gen_crossbar.gen_decerr.decerr_slave_inst/s_axi_rlast_i
                                                       system_2_part_2_final_i/axi_interconnect_1/axi_interconnect_1/crossbar_samd/gen_sasd.crossbar_sasd_0/gen_crossbar.splitter_aw/out1
    SLICE_X32Y104.A2     net (fanout=2)        0.814   system_2_part_2_final_i/axi_interconnect_1/axi_interconnect_1/crossbar_samd/gen_sasd.crossbar_sasd_0/aa_awready
    SLICE_X32Y104.CLK    Tas                   0.047   system_2_part_2_final_i/axi_interconnect_1/axi_interconnect_1/crossbar_samd/gen_sasd.crossbar_sasd_0/gen_crossbar.addr_arbiter_inst/m_grant_hot_i_0
                                                       system_2_part_2_final_i/axi_interconnect_1/axi_interconnect_1/crossbar_samd/gen_sasd.crossbar_sasd_0/gen_crossbar.addr_arbiter_inst/m_grant_hot_i_0_glue_set
                                                       system_2_part_2_final_i/axi_interconnect_1/axi_interconnect_1/crossbar_samd/gen_sasd.crossbar_sasd_0/gen_crossbar.addr_arbiter_inst/m_grant_hot_i_0
    -------------------------------------------------  ---------------------------
    Total                                      6.961ns (1.668ns logic, 5.293ns route)
                                                       (24.0% logic, 76.0% route)

--------------------------------------------------------------------------------
Slack:                  13.069ns (requirement - (data path - clock path skew + uncertainty))
  Source:               system_2_part_2_final_i/axi_timer_0/axi_timer_0/AXI4_LITE_I/I_SLAVE_ATTACHMENT/I_DECODER/Bus_RNW_reg (FF)
  Destination:          system_2_part_2_final_i/axi_interconnect_1/axi_interconnect_1/crossbar_samd/gen_sasd.crossbar_sasd_0/gen_crossbar.addr_arbiter_inst/m_grant_hot_i_0 (FF)
  Requirement:          20.000ns
  Data Path Delay:      6.870ns (Levels of Logic = 6)
  Clock Path Skew:      -0.026ns (0.170 - 0.196)
  Source Clock:         system_2_part_2_final_i/processing_system7_0_FCLK_CLK0 rising at 0.000ns
  Destination Clock:    system_2_part_2_final_i/processing_system7_0_FCLK_CLK0 rising at 20.000ns
  Clock Uncertainty:    0.035ns

  Clock Uncertainty:          0.035ns  ((TSJ^2 + TIJ^2)^1/2 + DJ) / 2 + PE
    Total System Jitter (TSJ):  0.070ns
    Total Input Jitter (TIJ):   0.000ns
    Discrete Jitter (DJ):       0.000ns
    Phase Error (PE):           0.000ns

  Maximum Data Path at Slow Process Corner: system_2_part_2_final_i/axi_timer_0/axi_timer_0/AXI4_LITE_I/I_SLAVE_ATTACHMENT/I_DECODER/Bus_RNW_reg to system_2_part_2_final_i/axi_interconnect_1/axi_interconnect_1/crossbar_samd/gen_sasd.crossbar_sasd_0/gen_crossbar.addr_arbiter_inst/m_grant_hot_i_0
    Location             Delay type         Delay(ns)  Physical Resource
                                                       Logical Resource(s)
    -------------------------------------------------  -------------------
    SLICE_X32Y101.BQ     Tcko                  0.518   system_2_part_2_final_i/axi_timer_0/axi_timer_0/AXI4_LITE_I/I_SLAVE_ATTACHMENT/I_DECODER/Bus_RNW_reg
                                                       system_2_part_2_final_i/axi_timer_0/axi_timer_0/AXI4_LITE_I/I_SLAVE_ATTACHMENT/I_DECODER/Bus_RNW_reg
    SLICE_X30Y95.D4      net (fanout=98)       1.049   system_2_part_2_final_i/axi_timer_0/axi_timer_0/AXI4_LITE_I/I_SLAVE_ATTACHMENT/I_DECODER/Bus_RNW_reg
    SLICE_X30Y95.DMUX    Tilo                  0.380   system_2_part_2_final_i/axi_timer_0/axi_timer_0/TC_CORE_I/tCSR1_Reg[28]
                                                       system_2_part_2_final_i/axi_timer_0/axi_timer_0/AXI4_LITE_I/I_SLAVE_ATTACHMENT/rd_done1_SW0
    SLICE_X30Y95.C3      net (fanout=1)        1.115   system_2_part_2_final_i/axi_timer_0/N91
    SLICE_X30Y95.C       Tilo                  0.124   system_2_part_2_final_i/axi_timer_0/axi_timer_0/TC_CORE_I/tCSR1_Reg[28]
                                                       system_2_part_2_final_i/axi_timer_0/axi_timer_0/AXI4_LITE_I/I_SLAVE_ATTACHMENT/rd_done1
    SLICE_X32Y104.C2     net (fanout=4)        1.313   system_2_part_2_final_i/axi_interconnect_1_M_ARREADY
    SLICE_X32Y104.C      Tilo                  0.124   system_2_part_2_final_i/axi_interconnect_1/axi_interconnect_1/crossbar_samd/gen_sasd.crossbar_sasd_0/gen_crossbar.addr_arbiter_inst/m_grant_hot_i_0
                                                       system_2_part_2_final_i/axi_interconnect_1/axi_interconnect_1/mi_protocol_conv_bank/gen_protocol_slot[0].gen_prot_conv.conv_inst/gen_axilite.gen_axilite_conv.axilite_conv_inst/_n011811_SW0
    SLICE_X32Y104.D4     net (fanout=1)        0.466   system_2_part_2_final_i/axi_interconnect_1/N19
    SLICE_X32Y104.D      Tilo                  0.124   system_2_part_2_final_i/axi_interconnect_1/axi_interconnect_1/crossbar_samd/gen_sasd.crossbar_sasd_0/gen_crossbar.addr_arbiter_inst/m_grant_hot_i_0
                                                       system_2_part_2_final_i/axi_interconnect_1/axi_interconnect_1/crossbar_samd/gen_sasd.crossbar_sasd_0/gen_crossbar.mi_arready_mux_inst/O1
    SLICE_X30Y105.D1     net (fanout=3)        0.936   system_2_part_2_final_i/axi_interconnect_1/axi_interconnect_1/crossbar_samd/gen_sasd.crossbar_sasd_0/mi_arready_mux
    SLICE_X30Y105.D      Tilo                  0.124   system_2_part_2_final_i/axi_interconnect_1_M_RDATA[17]
                                                       system_2_part_2_final_i/axi_interconnect_1/axi_interconnect_1/crossbar_samd/gen_sasd.crossbar_sasd_0/gen_crossbar.splitter_ar/out1
    SLICE_X32Y104.A6     net (fanout=2)        0.550   system_2_part_2_final_i/axi_interconnect_1/axi_interconnect_1/crossbar_samd/gen_sasd.crossbar_sasd_0/aa_arready
    SLICE_X32Y104.CLK    Tas                   0.047   system_2_part_2_final_i/axi_interconnect_1/axi_interconnect_1/crossbar_samd/gen_sasd.crossbar_sasd_0/gen_crossbar.addr_arbiter_inst/m_grant_hot_i_0
                                                       system_2_part_2_final_i/axi_interconnect_1/axi_interconnect_1/crossbar_samd/gen_sasd.crossbar_sasd_0/gen_crossbar.addr_arbiter_inst/m_grant_hot_i_0_glue_set
                                                       system_2_part_2_final_i/axi_interconnect_1/axi_interconnect_1/crossbar_samd/gen_sasd.crossbar_sasd_0/gen_crossbar.addr_arbiter_inst/m_grant_hot_i_0
    -------------------------------------------------  ---------------------------
    Total                                      6.870ns (1.441ns logic, 5.429ns route)
                                                       (21.0% logic, 79.0% route)

--------------------------------------------------------------------------------
Slack:                  13.118ns (requirement - (data path - clock path skew + uncertainty))
  Source:               system_2_part_2_final_i/axi_timer_0/axi_timer_0/AXI4_LITE_I/I_SLAVE_ATTACHMENT/I_DECODER/ce_out_i_5 (FF)
  Destination:          system_2_part_2_final_i/axi_interconnect_1/axi_interconnect_1/crossbar_samd/gen_sasd.crossbar_sasd_0/gen_crossbar.addr_arbiter_inst/m_valid_i (FF)
  Requirement:          20.000ns
  Data Path Delay:      6.819ns (Levels of Logic = 6)
  Clock Path Skew:      -0.028ns (1.515 - 1.543)
  Source Clock:         system_2_part_2_final_i/processing_system7_0_FCLK_CLK0 rising at 0.000ns
  Destination Clock:    system_2_part_2_final_i/processing_system7_0_FCLK_CLK0 rising at 20.000ns
  Clock Uncertainty:    0.035ns

  Clock Uncertainty:          0.035ns  ((TSJ^2 + TIJ^2)^1/2 + DJ) / 2 + PE
    Total System Jitter (TSJ):  0.070ns
    Total Input Jitter (TIJ):   0.000ns
    Discrete Jitter (DJ):       0.000ns
    Phase Error (PE):           0.000ns

  Maximum Data Path at Slow Process Corner: system_2_part_2_final_i/axi_timer_0/axi_timer_0/AXI4_LITE_I/I_SLAVE_ATTACHMENT/I_DECODER/ce_out_i_5 to system_2_part_2_final_i/axi_interconnect_1/axi_interconnect_1/crossbar_samd/gen_sasd.crossbar_sasd_0/gen_crossbar.addr_arbiter_inst/m_valid_i
    Location             Delay type         Delay(ns)  Physical Resource
                                                       Logical Resource(s)
    -------------------------------------------------  -------------------
    SLICE_X27Y95.AQ      Tcko                  0.456   system_2_part_2_final_i/axi_timer_0/axi_timer_0/AXI4_LITE_I/I_SLAVE_ATTACHMENT/I_DECODER/ce_out_i_6
                                                       system_2_part_2_final_i/axi_timer_0/axi_timer_0/AXI4_LITE_I/I_SLAVE_ATTACHMENT/I_DECODER/ce_out_i_5
    SLICE_X30Y95.D3      net (fanout=37)       0.882   system_2_part_2_final_i/axi_timer_0/axi_timer_0/AXI4_LITE_I/I_SLAVE_ATTACHMENT/I_DECODER/ce_out_i_5
    SLICE_X30Y95.DMUX    Tilo                  0.381   system_2_part_2_final_i/axi_timer_0/axi_timer_0/TC_CORE_I/tCSR1_Reg[28]
                                                       system_2_part_2_final_i/axi_timer_0/axi_timer_0/AXI4_LITE_I/I_SLAVE_ATTACHMENT/rd_done1_SW0
    SLICE_X30Y95.C3      net (fanout=1)        1.115   system_2_part_2_final_i/axi_timer_0/N91
    SLICE_X30Y95.C       Tilo                  0.124   system_2_part_2_final_i/axi_timer_0/axi_timer_0/TC_CORE_I/tCSR1_Reg[28]
                                                       system_2_part_2_final_i/axi_timer_0/axi_timer_0/AXI4_LITE_I/I_SLAVE_ATTACHMENT/rd_done1
    SLICE_X32Y104.C2     net (fanout=4)        1.313   system_2_part_2_final_i/axi_interconnect_1_M_ARREADY
    SLICE_X32Y104.C      Tilo                  0.124   system_2_part_2_final_i/axi_interconnect_1/axi_interconnect_1/crossbar_samd/gen_sasd.crossbar_sasd_0/gen_crossbar.addr_arbiter_inst/m_grant_hot_i_0
                                                       system_2_part_2_final_i/axi_interconnect_1/axi_interconnect_1/mi_protocol_conv_bank/gen_protocol_slot[0].gen_prot_conv.conv_inst/gen_axilite.gen_axilite_conv.axilite_conv_inst/_n011811_SW0
    SLICE_X32Y104.D4     net (fanout=1)        0.466   system_2_part_2_final_i/axi_interconnect_1/N19
    SLICE_X32Y104.D      Tilo                  0.124   system_2_part_2_final_i/axi_interconnect_1/axi_interconnect_1/crossbar_samd/gen_sasd.crossbar_sasd_0/gen_crossbar.addr_arbiter_inst/m_grant_hot_i_0
                                                       system_2_part_2_final_i/axi_interconnect_1/axi_interconnect_1/crossbar_samd/gen_sasd.crossbar_sasd_0/gen_crossbar.mi_arready_mux_inst/O1
    SLICE_X30Y105.D1     net (fanout=3)        0.936   system_2_part_2_final_i/axi_interconnect_1/axi_interconnect_1/crossbar_samd/gen_sasd.crossbar_sasd_0/mi_arready_mux
    SLICE_X30Y105.D      Tilo                  0.124   system_2_part_2_final_i/axi_interconnect_1_M_RDATA[17]
                                                       system_2_part_2_final_i/axi_interconnect_1/axi_interconnect_1/crossbar_samd/gen_sasd.crossbar_sasd_0/gen_crossbar.splitter_ar/out1
    SLICE_X33Y103.A6     net (fanout=2)        0.679   system_2_part_2_final_i/axi_interconnect_1/axi_interconnect_1/crossbar_samd/gen_sasd.crossbar_sasd_0/aa_arready
    SLICE_X33Y103.CLK    Tas                   0.095   system_2_part_2_final_i/axi_interconnect_1/axi_interconnect_1/crossbar_samd/gen_sasd.crossbar_sasd_0/gen_crossbar.gen_decerr.decerr_slave_inst/s_axi_rlast_i
                                                       system_2_part_2_final_i/axi_interconnect_1/axi_interconnect_1/crossbar_samd/gen_sasd.crossbar_sasd_0/gen_crossbar.addr_arbiter_inst/m_valid_i_glue_set
                                                       system_2_part_2_final_i/axi_interconnect_1/axi_interconnect_1/crossbar_samd/gen_sasd.crossbar_sasd_0/gen_crossbar.addr_arbiter_inst/m_valid_i
    -------------------------------------------------  ---------------------------
    Total                                      6.819ns (1.428ns logic, 5.391ns route)
                                                       (20.9% logic, 79.1% route)

--------------------------------------------------------------------------------
Slack:                  13.134ns (requirement - (data path - clock path skew + uncertainty))
  Source:               system_2_part_2_final_i/axi_timer_0/axi_timer_0/AXI4_LITE_I/I_SLAVE_ATTACHMENT/I_DECODER/ce_out_i_0 (FF)
  Destination:          system_2_part_2_final_i/axi_interconnect_1/axi_interconnect_1/crossbar_samd/gen_sasd.crossbar_sasd_0/gen_crossbar.addr_arbiter_inst/m_grant_hot_i_0 (FF)
  Requirement:          20.000ns
  Data Path Delay:      6.803ns (Levels of Logic = 6)
  Clock Path Skew:      -0.028ns (1.515 - 1.543)
  Source Clock:         system_2_part_2_final_i/processing_system7_0_FCLK_CLK0 rising at 0.000ns
  Destination Clock:    system_2_part_2_final_i/processing_system7_0_FCLK_CLK0 rising at 20.000ns
  Clock Uncertainty:    0.035ns

  Clock Uncertainty:          0.035ns  ((TSJ^2 + TIJ^2)^1/2 + DJ) / 2 + PE
    Total System Jitter (TSJ):  0.070ns
    Total Input Jitter (TIJ):   0.000ns
    Discrete Jitter (DJ):       0.000ns
    Phase Error (PE):           0.000ns

  Maximum Data Path at Slow Process Corner: system_2_part_2_final_i/axi_timer_0/axi_timer_0/AXI4_LITE_I/I_SLAVE_ATTACHMENT/I_DECODER/ce_out_i_0 to system_2_part_2_final_i/axi_interconnect_1/axi_interconnect_1/crossbar_samd/gen_sasd.crossbar_sasd_0/gen_crossbar.addr_arbiter_inst/m_grant_hot_i_0
    Location             Delay type         Delay(ns)  Physical Resource
                                                       Logical Resource(s)
    -------------------------------------------------  -------------------
    SLICE_X27Y94.AQ      Tcko                  0.456   system_2_part_2_final_i/axi_timer_0/axi_timer_0/AXI4_LITE_I/I_SLAVE_ATTACHMENT/I_DECODER/ce_out_i_4
                                                       system_2_part_2_final_i/axi_timer_0/axi_timer_0/AXI4_LITE_I/I_SLAVE_ATTACHMENT/I_DECODER/ce_out_i_0
    SLICE_X30Y95.D1      net (fanout=8)        1.037   system_2_part_2_final_i/axi_timer_0/axi_timer_0/AXI4_LITE_I/I_SLAVE_ATTACHMENT/I_DECODER/ce_out_i_0
    SLICE_X30Y95.DMUX    Tilo                  0.387   system_2_part_2_final_i/axi_timer_0/axi_timer_0/TC_CORE_I/tCSR1_Reg[28]
                                                       system_2_part_2_final_i/axi_timer_0/axi_timer_0/AXI4_LITE_I/I_SLAVE_ATTACHMENT/rd_done1_SW0
    SLICE_X30Y95.C3      net (fanout=1)        1.115   system_2_part_2_final_i/axi_timer_0/N91
    SLICE_X30Y95.C       Tilo                  0.124   system_2_part_2_final_i/axi_timer_0/axi_timer_0/TC_CORE_I/tCSR1_Reg[28]
                                                       system_2_part_2_final_i/axi_timer_0/axi_timer_0/AXI4_LITE_I/I_SLAVE_ATTACHMENT/rd_done1
    SLICE_X32Y104.C2     net (fanout=4)        1.313   system_2_part_2_final_i/axi_interconnect_1_M_ARREADY
    SLICE_X32Y104.C      Tilo                  0.124   system_2_part_2_final_i/axi_interconnect_1/axi_interconnect_1/crossbar_samd/gen_sasd.crossbar_sasd_0/gen_crossbar.addr_arbiter_inst/m_grant_hot_i_0
                                                       system_2_part_2_final_i/axi_interconnect_1/axi_interconnect_1/mi_protocol_conv_bank/gen_protocol_slot[0].gen_prot_conv.conv_inst/gen_axilite.gen_axilite_conv.axilite_conv_inst/_n011811_SW0
    SLICE_X32Y104.D4     net (fanout=1)        0.466   system_2_part_2_final_i/axi_interconnect_1/N19
    SLICE_X32Y104.D      Tilo                  0.124   system_2_part_2_final_i/axi_interconnect_1/axi_interconnect_1/crossbar_samd/gen_sasd.crossbar_sasd_0/gen_crossbar.addr_arbiter_inst/m_grant_hot_i_0
                                                       system_2_part_2_final_i/axi_interconnect_1/axi_interconnect_1/crossbar_samd/gen_sasd.crossbar_sasd_0/gen_crossbar.mi_arready_mux_inst/O1
    SLICE_X30Y105.D1     net (fanout=3)        0.936   system_2_part_2_final_i/axi_interconnect_1/axi_interconnect_1/crossbar_samd/gen_sasd.crossbar_sasd_0/mi_arready_mux
    SLICE_X30Y105.D      Tilo                  0.124   system_2_part_2_final_i/axi_interconnect_1_M_RDATA[17]
                                                       system_2_part_2_final_i/axi_interconnect_1/axi_interconnect_1/crossbar_samd/gen_sasd.crossbar_sasd_0/gen_crossbar.splitter_ar/out1
    SLICE_X32Y104.A6     net (fanout=2)        0.550   system_2_part_2_final_i/axi_interconnect_1/axi_interconnect_1/crossbar_samd/gen_sasd.crossbar_sasd_0/aa_arready
    SLICE_X32Y104.CLK    Tas                   0.047   system_2_part_2_final_i/axi_interconnect_1/axi_interconnect_1/crossbar_samd/gen_sasd.crossbar_sasd_0/gen_crossbar.addr_arbiter_inst/m_grant_hot_i_0
                                                       system_2_part_2_final_i/axi_interconnect_1/axi_interconnect_1/crossbar_samd/gen_sasd.crossbar_sasd_0/gen_crossbar.addr_arbiter_inst/m_grant_hot_i_0_glue_set
                                                       system_2_part_2_final_i/axi_interconnect_1/axi_interconnect_1/crossbar_samd/gen_sasd.crossbar_sasd_0/gen_crossbar.addr_arbiter_inst/m_grant_hot_i_0
    -------------------------------------------------  ---------------------------
    Total                                      6.803ns (1.386ns logic, 5.417ns route)
                                                       (20.4% logic, 79.6% route)

--------------------------------------------------------------------------------
Slack:                  13.138ns (requirement - (data path - clock path skew + uncertainty))
  Source:               system_2_part_2_final_i/axi_timer_0/axi_timer_0/AXI4_LITE_I/I_SLAVE_ATTACHMENT/I_DECODER/ce_out_i_0 (FF)
  Destination:          system_2_part_2_final_i/axi_interconnect_1/axi_interconnect_1/crossbar_samd/gen_sasd.crossbar_sasd_0/gen_crossbar.addr_arbiter_inst/m_valid_i (FF)
  Requirement:          20.000ns
  Data Path Delay:      6.799ns (Levels of Logic = 7)
  Clock Path Skew:      -0.028ns (1.515 - 1.543)
  Source Clock:         system_2_part_2_final_i/processing_system7_0_FCLK_CLK0 rising at 0.000ns
  Destination Clock:    system_2_part_2_final_i/processing_system7_0_FCLK_CLK0 rising at 20.000ns
  Clock Uncertainty:    0.035ns

  Clock Uncertainty:          0.035ns  ((TSJ^2 + TIJ^2)^1/2 + DJ) / 2 + PE
    Total System Jitter (TSJ):  0.070ns
    Total Input Jitter (TIJ):   0.000ns
    Discrete Jitter (DJ):       0.000ns
    Phase Error (PE):           0.000ns

  Maximum Data Path at Slow Process Corner: system_2_part_2_final_i/axi_timer_0/axi_timer_0/AXI4_LITE_I/I_SLAVE_ATTACHMENT/I_DECODER/ce_out_i_0 to system_2_part_2_final_i/axi_interconnect_1/axi_interconnect_1/crossbar_samd/gen_sasd.crossbar_sasd_0/gen_crossbar.addr_arbiter_inst/m_valid_i
    Location             Delay type         Delay(ns)  Physical Resource
                                                       Logical Resource(s)
    -------------------------------------------------  -------------------
    SLICE_X27Y94.AQ      Tcko                  0.456   system_2_part_2_final_i/axi_timer_0/axi_timer_0/AXI4_LITE_I/I_SLAVE_ATTACHMENT/I_DECODER/ce_out_i_4
                                                       system_2_part_2_final_i/axi_timer_0/axi_timer_0/AXI4_LITE_I/I_SLAVE_ATTACHMENT/I_DECODER/ce_out_i_0
    SLICE_X30Y95.D1      net (fanout=8)        1.037   system_2_part_2_final_i/axi_timer_0/axi_timer_0/AXI4_LITE_I/I_SLAVE_ATTACHMENT/I_DECODER/ce_out_i_0
    SLICE_X30Y95.D       Tilo                  0.124   system_2_part_2_final_i/axi_timer_0/axi_timer_0/TC_CORE_I/tCSR1_Reg[28]
                                                       system_2_part_2_final_i/axi_timer_0/axi_timer_0/AXI4_LITE_I/I_SLAVE_ATTACHMENT/wr_done1_SW0
    SLICE_X30Y95.B1      net (fanout=1)        0.670   system_2_part_2_final_i/axi_timer_0/N89
    SLICE_X30Y95.B       Tilo                  0.124   system_2_part_2_final_i/axi_timer_0/axi_timer_0/TC_CORE_I/tCSR1_Reg[28]
                                                       system_2_part_2_final_i/axi_timer_0/axi_timer_0/AXI4_LITE_I/I_SLAVE_ATTACHMENT/wr_done1
    SLICE_X35Y103.B1     net (fanout=6)        1.410   system_2_part_2_final_i/axi_interconnect_1_M_AWREADY
    SLICE_X35Y103.B      Tilo                  0.124   system_2_part_2_final_i/axi_interconnect_1_S_BVALID
                                                       system_2_part_2_final_i/axi_interconnect_1/axi_interconnect_1/mi_protocol_conv_bank/gen_protocol_slot[0].gen_prot_conv.conv_inst/gen_axilite.gen_axilite_conv.axilite_conv_inst/_n011611_SW1_F
    SLICE_X34Y103.B2     net (fanout=1)        0.653   system_2_part_2_final_i/axi_interconnect_1/N31
    SLICE_X34Y103.B      Tilo                  0.124   system_2_part_2_final_i/axi_interconnect_1/N15
                                                       system_2_part_2_final_i/axi_interconnect_1/axi_interconnect_1/mi_protocol_conv_bank/gen_protocol_slot[0].gen_prot_conv.conv_inst/gen_axilite.gen_axilite_conv.axilite_conv_inst/_n011611_SW11
    SLICE_X34Y103.D6     net (fanout=2)        0.182   system_2_part_2_final_i/axi_interconnect_1/N15
    SLICE_X34Y103.CMUX   Topdc                 0.539   system_2_part_2_final_i/axi_interconnect_1/N15
                                                       system_2_part_2_final_i/axi_interconnect_1/axi_interconnect_1/crossbar_samd/gen_sasd.crossbar_sasd_0/gen_crossbar.mi_awready_mux_inst/O1_F
                                                       system_2_part_2_final_i/axi_interconnect_1/axi_interconnect_1/crossbar_samd/gen_sasd.crossbar_sasd_0/gen_crossbar.mi_awready_mux_inst/O1
    SLICE_X33Y103.B3     net (fanout=4)        0.692   system_2_part_2_final_i/axi_interconnect_1/axi_interconnect_1/crossbar_samd/gen_sasd.crossbar_sasd_0/mi_awready_mux
    SLICE_X33Y103.B      Tilo                  0.124   system_2_part_2_final_i/axi_interconnect_1/axi_interconnect_1/crossbar_samd/gen_sasd.crossbar_sasd_0/gen_crossbar.gen_decerr.decerr_slave_inst/s_axi_rlast_i
                                                       system_2_part_2_final_i/axi_interconnect_1/axi_interconnect_1/crossbar_samd/gen_sasd.crossbar_sasd_0/gen_crossbar.splitter_aw/out1
    SLICE_X33Y103.A4     net (fanout=2)        0.445   system_2_part_2_final_i/axi_interconnect_1/axi_interconnect_1/crossbar_samd/gen_sasd.crossbar_sasd_0/aa_awready
    SLICE_X33Y103.CLK    Tas                   0.095   system_2_part_2_final_i/axi_interconnect_1/axi_interconnect_1/crossbar_samd/gen_sasd.crossbar_sasd_0/gen_crossbar.gen_decerr.decerr_slave_inst/s_axi_rlast_i
                                                       system_2_part_2_final_i/axi_interconnect_1/axi_interconnect_1/crossbar_samd/gen_sasd.crossbar_sasd_0/gen_crossbar.addr_arbiter_inst/m_valid_i_glue_set
                                                       system_2_part_2_final_i/axi_interconnect_1/axi_interconnect_1/crossbar_samd/gen_sasd.crossbar_sasd_0/gen_crossbar.addr_arbiter_inst/m_valid_i
    -------------------------------------------------  ---------------------------
    Total                                      6.799ns (1.710ns logic, 5.089ns route)
                                                       (25.2% logic, 74.8% route)

--------------------------------------------------------------------------------
Slack:                  13.142ns (requirement - (data path - clock path skew + uncertainty))
  Source:               system_2_part_2_final_i/axi_timer_0/axi_timer_0/AXI4_LITE_I/I_SLAVE_ATTACHMENT/I_DECODER/ce_out_i_0 (FF)
  Destination:          system_2_part_2_final_i/axi_interconnect_1/axi_interconnect_1/crossbar_samd/gen_sasd.crossbar_sasd_0/gen_crossbar.addr_arbiter_inst/m_valid_i (FF)
  Requirement:          20.000ns
  Data Path Delay:      6.795ns (Levels of Logic = 7)
  Clock Path Skew:      -0.028ns (1.515 - 1.543)
  Source Clock:         system_2_part_2_final_i/processing_system7_0_FCLK_CLK0 rising at 0.000ns
  Destination Clock:    system_2_part_2_final_i/processing_system7_0_FCLK_CLK0 rising at 20.000ns
  Clock Uncertainty:    0.035ns

  Clock Uncertainty:          0.035ns  ((TSJ^2 + TIJ^2)^1/2 + DJ) / 2 + PE
    Total System Jitter (TSJ):  0.070ns
    Total Input Jitter (TIJ):   0.000ns
    Discrete Jitter (DJ):       0.000ns
    Phase Error (PE):           0.000ns

  Maximum Data Path at Slow Process Corner: system_2_part_2_final_i/axi_timer_0/axi_timer_0/AXI4_LITE_I/I_SLAVE_ATTACHMENT/I_DECODER/ce_out_i_0 to system_2_part_2_final_i/axi_interconnect_1/axi_interconnect_1/crossbar_samd/gen_sasd.crossbar_sasd_0/gen_crossbar.addr_arbiter_inst/m_valid_i
    Location             Delay type         Delay(ns)  Physical Resource
                                                       Logical Resource(s)
    -------------------------------------------------  -------------------
    SLICE_X27Y94.AQ      Tcko                  0.456   system_2_part_2_final_i/axi_timer_0/axi_timer_0/AXI4_LITE_I/I_SLAVE_ATTACHMENT/I_DECODER/ce_out_i_4
                                                       system_2_part_2_final_i/axi_timer_0/axi_timer_0/AXI4_LITE_I/I_SLAVE_ATTACHMENT/I_DECODER/ce_out_i_0
    SLICE_X30Y95.D1      net (fanout=8)        1.037   system_2_part_2_final_i/axi_timer_0/axi_timer_0/AXI4_LITE_I/I_SLAVE_ATTACHMENT/I_DECODER/ce_out_i_0
    SLICE_X30Y95.D       Tilo                  0.124   system_2_part_2_final_i/axi_timer_0/axi_timer_0/TC_CORE_I/tCSR1_Reg[28]
                                                       system_2_part_2_final_i/axi_timer_0/axi_timer_0/AXI4_LITE_I/I_SLAVE_ATTACHMENT/wr_done1_SW0
    SLICE_X30Y95.B1      net (fanout=1)        0.670   system_2_part_2_final_i/axi_timer_0/N89
    SLICE_X30Y95.B       Tilo                  0.124   system_2_part_2_final_i/axi_timer_0/axi_timer_0/TC_CORE_I/tCSR1_Reg[28]
                                                       system_2_part_2_final_i/axi_timer_0/axi_timer_0/AXI4_LITE_I/I_SLAVE_ATTACHMENT/wr_done1
    SLICE_X35Y103.B1     net (fanout=6)        1.410   system_2_part_2_final_i/axi_interconnect_1_M_AWREADY
    SLICE_X35Y103.B      Tilo                  0.124   system_2_part_2_final_i/axi_interconnect_1_S_BVALID
                                                       system_2_part_2_final_i/axi_interconnect_1/axi_interconnect_1/mi_protocol_conv_bank/gen_protocol_slot[0].gen_prot_conv.conv_inst/gen_axilite.gen_axilite_conv.axilite_conv_inst/_n011611_SW1_F
    SLICE_X34Y103.B2     net (fanout=1)        0.653   system_2_part_2_final_i/axi_interconnect_1/N31
    SLICE_X34Y103.B      Tilo                  0.124   system_2_part_2_final_i/axi_interconnect_1/N15
                                                       system_2_part_2_final_i/axi_interconnect_1/axi_interconnect_1/mi_protocol_conv_bank/gen_protocol_slot[0].gen_prot_conv.conv_inst/gen_axilite.gen_axilite_conv.axilite_conv_inst/_n011611_SW11
    SLICE_X34Y103.C6     net (fanout=2)        0.172   system_2_part_2_final_i/axi_interconnect_1/N15
    SLICE_X34Y103.CMUX   Tilo                  0.545   system_2_part_2_final_i/axi_interconnect_1/N15
                                                       system_2_part_2_final_i/axi_interconnect_1/axi_interconnect_1/crossbar_samd/gen_sasd.crossbar_sasd_0/gen_crossbar.mi_awready_mux_inst/O1_G
                                                       system_2_part_2_final_i/axi_interconnect_1/axi_interconnect_1/crossbar_samd/gen_sasd.crossbar_sasd_0/gen_crossbar.mi_awready_mux_inst/O1
    SLICE_X33Y103.B3     net (fanout=4)        0.692   system_2_part_2_final_i/axi_interconnect_1/axi_interconnect_1/crossbar_samd/gen_sasd.crossbar_sasd_0/mi_awready_mux
    SLICE_X33Y103.B      Tilo                  0.124   system_2_part_2_final_i/axi_interconnect_1/axi_interconnect_1/crossbar_samd/gen_sasd.crossbar_sasd_0/gen_crossbar.gen_decerr.decerr_slave_inst/s_axi_rlast_i
                                                       system_2_part_2_final_i/axi_interconnect_1/axi_interconnect_1/crossbar_samd/gen_sasd.crossbar_sasd_0/gen_crossbar.splitter_aw/out1
    SLICE_X33Y103.A4     net (fanout=2)        0.445   system_2_part_2_final_i/axi_interconnect_1/axi_interconnect_1/crossbar_samd/gen_sasd.crossbar_sasd_0/aa_awready
    SLICE_X33Y103.CLK    Tas                   0.095   system_2_part_2_final_i/axi_interconnect_1/axi_interconnect_1/crossbar_samd/gen_sasd.crossbar_sasd_0/gen_crossbar.gen_decerr.decerr_slave_inst/s_axi_rlast_i
                                                       system_2_part_2_final_i/axi_interconnect_1/axi_interconnect_1/crossbar_samd/gen_sasd.crossbar_sasd_0/gen_crossbar.addr_arbiter_inst/m_valid_i_glue_set
                                                       system_2_part_2_final_i/axi_interconnect_1/axi_interconnect_1/crossbar_samd/gen_sasd.crossbar_sasd_0/gen_crossbar.addr_arbiter_inst/m_valid_i
    -------------------------------------------------  ---------------------------
    Total                                      6.795ns (1.716ns logic, 5.079ns route)
                                                       (25.3% logic, 74.7% route)

--------------------------------------------------------------------------------
Slack:                  13.147ns (requirement - (data path - clock path skew + uncertainty))
  Source:               system_2_part_2_final_i/axi_timer_0/axi_timer_0/AXI4_LITE_I/I_SLAVE_ATTACHMENT/I_DECODER/ce_out_i_1 (FF)
  Destination:          system_2_part_2_final_i/axi_interconnect_1/axi_interconnect_1/crossbar_samd/gen_sasd.crossbar_sasd_0/gen_crossbar.addr_arbiter_inst/m_grant_hot_i_0 (FF)
  Requirement:          20.000ns
  Data Path Delay:      6.790ns (Levels of Logic = 6)
  Clock Path Skew:      -0.028ns (1.515 - 1.543)
  Source Clock:         system_2_part_2_final_i/processing_system7_0_FCLK_CLK0 rising at 0.000ns
  Destination Clock:    system_2_part_2_final_i/processing_system7_0_FCLK_CLK0 rising at 20.000ns
  Clock Uncertainty:    0.035ns

  Clock Uncertainty:          0.035ns  ((TSJ^2 + TIJ^2)^1/2 + DJ) / 2 + PE
    Total System Jitter (TSJ):  0.070ns
    Total Input Jitter (TIJ):   0.000ns
    Discrete Jitter (DJ):       0.000ns
    Phase Error (PE):           0.000ns

  Maximum Data Path at Slow Process Corner: system_2_part_2_final_i/axi_timer_0/axi_timer_0/AXI4_LITE_I/I_SLAVE_ATTACHMENT/I_DECODER/ce_out_i_1 to system_2_part_2_final_i/axi_interconnect_1/axi_interconnect_1/crossbar_samd/gen_sasd.crossbar_sasd_0/gen_crossbar.addr_arbiter_inst/m_grant_hot_i_0
    Location             Delay type         Delay(ns)  Physical Resource
                                                       Logical Resource(s)
    -------------------------------------------------  -------------------
    SLICE_X27Y94.BQ      Tcko                  0.456   system_2_part_2_final_i/axi_timer_0/axi_timer_0/AXI4_LITE_I/I_SLAVE_ATTACHMENT/I_DECODER/ce_out_i_4
                                                       system_2_part_2_final_i/axi_timer_0/axi_timer_0/AXI4_LITE_I/I_SLAVE_ATTACHMENT/I_DECODER/ce_out_i_1
    SLICE_X30Y95.D2      net (fanout=59)       1.242   system_2_part_2_final_i/axi_timer_0/axi_timer_0/AXI4_LITE_I/I_SLAVE_ATTACHMENT/I_DECODER/ce_out_i_1
    SLICE_X30Y95.D       Tilo                  0.124   system_2_part_2_final_i/axi_timer_0/axi_timer_0/TC_CORE_I/tCSR1_Reg[28]
                                                       system_2_part_2_final_i/axi_timer_0/axi_timer_0/AXI4_LITE_I/I_SLAVE_ATTACHMENT/wr_done1_SW0
    SLICE_X30Y95.B1      net (fanout=1)        0.670   system_2_part_2_final_i/axi_timer_0/N89
    SLICE_X30Y95.B       Tilo                  0.124   system_2_part_2_final_i/axi_timer_0/axi_timer_0/TC_CORE_I/tCSR1_Reg[28]
                                                       system_2_part_2_final_i/axi_timer_0/axi_timer_0/AXI4_LITE_I/I_SLAVE_ATTACHMENT/wr_done1
    SLICE_X29Y103.D2     net (fanout=6)        1.155   system_2_part_2_final_i/axi_interconnect_1_M_AWREADY
    SLICE_X29Y103.D      Tilo                  0.124   system_2_part_2_final_i/axi_interconnect_1/axi_interconnect_1/crossbar_samd/gen_sasd.crossbar_sasd_0/gen_crossbar.gen_decerr.decerr_slave_inst/s_axi_arready_i
                                                       system_2_part_2_final_i/axi_interconnect_1/axi_interconnect_1/mi_protocol_conv_bank/gen_protocol_slot[0].gen_prot_conv.conv_inst/gen_axilite.gen_axilite_conv.axilite_conv_inst/_n011611_SW0
    SLICE_X34Y103.CX     net (fanout=1)        0.730   system_2_part_2_final_i/axi_interconnect_1/N14
    SLICE_X34Y103.CMUX   Tcxc                  0.488   system_2_part_2_final_i/axi_interconnect_1/N15
                                                       system_2_part_2_final_i/axi_interconnect_1/axi_interconnect_1/crossbar_samd/gen_sasd.crossbar_sasd_0/gen_crossbar.mi_awready_mux_inst/O1
    SLICE_X33Y103.B3     net (fanout=4)        0.692   system_2_part_2_final_i/axi_interconnect_1/axi_interconnect_1/crossbar_samd/gen_sasd.crossbar_sasd_0/mi_awready_mux
    SLICE_X33Y103.B      Tilo                  0.124   system_2_part_2_final_i/axi_interconnect_1/axi_interconnect_1/crossbar_samd/gen_sasd.crossbar_sasd_0/gen_crossbar.gen_decerr.decerr_slave_inst/s_axi_rlast_i
                                                       system_2_part_2_final_i/axi_interconnect_1/axi_interconnect_1/crossbar_samd/gen_sasd.crossbar_sasd_0/gen_crossbar.splitter_aw/out1
    SLICE_X32Y104.A2     net (fanout=2)        0.814   system_2_part_2_final_i/axi_interconnect_1/axi_interconnect_1/crossbar_samd/gen_sasd.crossbar_sasd_0/aa_awready
    SLICE_X32Y104.CLK    Tas                   0.047   system_2_part_2_final_i/axi_interconnect_1/axi_interconnect_1/crossbar_samd/gen_sasd.crossbar_sasd_0/gen_crossbar.addr_arbiter_inst/m_grant_hot_i_0
                                                       system_2_part_2_final_i/axi_interconnect_1/axi_interconnect_1/crossbar_samd/gen_sasd.crossbar_sasd_0/gen_crossbar.addr_arbiter_inst/m_grant_hot_i_0_glue_set
                                                       system_2_part_2_final_i/axi_interconnect_1/axi_interconnect_1/crossbar_samd/gen_sasd.crossbar_sasd_0/gen_crossbar.addr_arbiter_inst/m_grant_hot_i_0
    -------------------------------------------------  ---------------------------
    Total                                      6.790ns (1.487ns logic, 5.303ns route)
                                                       (21.9% logic, 78.1% route)

--------------------------------------------------------------------------------
Slack:                  13.155ns (requirement - (data path - clock path skew + uncertainty))
  Source:               system_2_part_2_final_i/axi_timer_0/axi_timer_0/AXI4_LITE_I/I_SLAVE_ATTACHMENT/I_DECODER/ce_out_i_0 (FF)
  Destination:          system_2_part_2_final_i/processing_system7_0/processing_system7_0/PS7_i (OTHER)
  Requirement:          20.000ns
  Data Path Delay:      6.826ns (Levels of Logic = 4)
  Clock Path Skew:      0.016ns (0.211 - 0.195)
  Source Clock:         system_2_part_2_final_i/processing_system7_0_FCLK_CLK0 rising at 0.000ns
  Destination Clock:    system_2_part_2_final_i/processing_system7_0_FCLK_CLK0 rising at 20.000ns
  Clock Uncertainty:    0.035ns

  Clock Uncertainty:          0.035ns  ((TSJ^2 + TIJ^2)^1/2 + DJ) / 2 + PE
    Total System Jitter (TSJ):  0.070ns
    Total Input Jitter (TIJ):   0.000ns
    Discrete Jitter (DJ):       0.000ns
    Phase Error (PE):           0.000ns

  Maximum Data Path at Slow Process Corner: system_2_part_2_final_i/axi_timer_0/axi_timer_0/AXI4_LITE_I/I_SLAVE_ATTACHMENT/I_DECODER/ce_out_i_0 to system_2_part_2_final_i/processing_system7_0/processing_system7_0/PS7_i
    Location               Delay type         Delay(ns)  Physical Resource
                                                         Logical Resource(s)
    ---------------------------------------------------  -------------------
    SLICE_X27Y94.AQ        Tcko                  0.456   system_2_part_2_final_i/axi_timer_0/axi_timer_0/AXI4_LITE_I/I_SLAVE_ATTACHMENT/I_DECODER/ce_out_i_4
                                                         system_2_part_2_final_i/axi_timer_0/axi_timer_0/AXI4_LITE_I/I_SLAVE_ATTACHMENT/I_DECODER/ce_out_i_0
    SLICE_X30Y95.D1        net (fanout=8)        1.037   system_2_part_2_final_i/axi_timer_0/axi_timer_0/AXI4_LITE_I/I_SLAVE_ATTACHMENT/I_DECODER/ce_out_i_0
    SLICE_X30Y95.D         Tilo                  0.124   system_2_part_2_final_i/axi_timer_0/axi_timer_0/TC_CORE_I/tCSR1_Reg[28]
                                                         system_2_part_2_final_i/axi_timer_0/axi_timer_0/AXI4_LITE_I/I_SLAVE_ATTACHMENT/wr_done1_SW0
    SLICE_X30Y95.B1        net (fanout=1)        0.670   system_2_part_2_final_i/axi_timer_0/N89
    SLICE_X30Y95.B         Tilo                  0.124   system_2_part_2_final_i/axi_timer_0/axi_timer_0/TC_CORE_I/tCSR1_Reg[28]
                                                         system_2_part_2_final_i/axi_timer_0/axi_timer_0/AXI4_LITE_I/I_SLAVE_ATTACHMENT/wr_done1
    SLICE_X32Y101.D4       net (fanout=6)        1.593   system_2_part_2_final_i/axi_interconnect_1_M_AWREADY
    SLICE_X32Y101.DMUX     Tilo                  0.380   system_2_part_2_final_i/axi_timer_0/axi_timer_0/AXI4_LITE_I/I_SLAVE_ATTACHMENT/I_DECODER/Bus_RNW_reg
                                                         system_2_part_2_final_i/axi_interconnect_1/axi_interconnect_1/mi_protocol_conv_bank/gen_protocol_slot[0].gen_prot_conv.conv_inst/gen_axilite.gen_axilite_conv.axilite_conv_inst/S_AXI_WREADY1
    SLICE_X33Y101.D3       net (fanout=2)        0.653   system_2_part_2_final_i/axi_interconnect_1/DEBUG_MC_MP_WDATACONTROL[1]
    SLICE_X33Y101.D        Tilo                  0.124   system_2_part_2_final_i/axi_interconnect_1_M_RDATA[16]
                                                         system_2_part_2_final_i/axi_interconnect_1/axi_interconnect_1/crossbar_samd/gen_sasd.crossbar_sasd_0/si_wready11
    PS7_X0Y0.MAXIGP0WREADY net (fanout=1)        0.782   system_2_part_2_final_i/axi_interconnect_1_S_WREADY
    PS7_X0Y0.MAXIGP0ACLK   Tpssdck_MAXIGP0WREADY  0.883   system_2_part_2_final_i/processing_system7_0/processing_system7_0/PS7_i
                                                         system_2_part_2_final_i/processing_system7_0/processing_system7_0/PS7_i
    ---------------------------------------------------  ---------------------------
    Total                                        6.826ns (2.091ns logic, 4.735ns route)
                                                         (30.6% logic, 69.4% route)

--------------------------------------------------------------------------------
Slack:                  13.226ns (requirement - (data path - clock path skew + uncertainty))
  Source:               system_2_part_2_final_i/axi_timer_0/axi_timer_0/AXI4_LITE_I/I_SLAVE_ATTACHMENT/I_DECODER/ce_out_i_4 (FF)
  Destination:          system_2_part_2_final_i/axi_interconnect_1/axi_interconnect_1/crossbar_samd/gen_sasd.crossbar_sasd_0/gen_crossbar.addr_arbiter_inst/m_grant_hot_i_0 (FF)
  Requirement:          20.000ns
  Data Path Delay:      6.711ns (Levels of Logic = 7)
  Clock Path Skew:      -0.028ns (1.515 - 1.543)
  Source Clock:         system_2_part_2_final_i/processing_system7_0_FCLK_CLK0 rising at 0.000ns
  Destination Clock:    system_2_part_2_final_i/processing_system7_0_FCLK_CLK0 rising at 20.000ns
  Clock Uncertainty:    0.035ns

  Clock Uncertainty:          0.035ns  ((TSJ^2 + TIJ^2)^1/2 + DJ) / 2 + PE
    Total System Jitter (TSJ):  0.070ns
    Total Input Jitter (TIJ):   0.000ns
    Discrete Jitter (DJ):       0.000ns
    Phase Error (PE):           0.000ns

  Maximum Data Path at Slow Process Corner: system_2_part_2_final_i/axi_timer_0/axi_timer_0/AXI4_LITE_I/I_SLAVE_ATTACHMENT/I_DECODER/ce_out_i_4 to system_2_part_2_final_i/axi_interconnect_1/axi_interconnect_1/crossbar_samd/gen_sasd.crossbar_sasd_0/gen_crossbar.addr_arbiter_inst/m_grant_hot_i_0
    Location             Delay type         Delay(ns)  Physical Resource
                                                       Logical Resource(s)
    -------------------------------------------------  -------------------
    SLICE_X27Y94.DQ      Tcko                  0.456   system_2_part_2_final_i/axi_timer_0/axi_timer_0/AXI4_LITE_I/I_SLAVE_ATTACHMENT/I_DECODER/ce_out_i_4
                                                       system_2_part_2_final_i/axi_timer_0/axi_timer_0/AXI4_LITE_I/I_SLAVE_ATTACHMENT/I_DECODER/ce_out_i_4
    SLICE_X30Y95.D5      net (fanout=7)        0.628   system_2_part_2_final_i/axi_timer_0/axi_timer_0/AXI4_LITE_I/I_SLAVE_ATTACHMENT/I_DECODER/ce_out_i_4
    SLICE_X30Y95.D       Tilo                  0.124   system_2_part_2_final_i/axi_timer_0/axi_timer_0/TC_CORE_I/tCSR1_Reg[28]
                                                       system_2_part_2_final_i/axi_timer_0/axi_timer_0/AXI4_LITE_I/I_SLAVE_ATTACHMENT/wr_done1_SW0
    SLICE_X30Y95.B1      net (fanout=1)        0.670   system_2_part_2_final_i/axi_timer_0/N89
    SLICE_X30Y95.B       Tilo                  0.124   system_2_part_2_final_i/axi_timer_0/axi_timer_0/TC_CORE_I/tCSR1_Reg[28]
                                                       system_2_part_2_final_i/axi_timer_0/axi_timer_0/AXI4_LITE_I/I_SLAVE_ATTACHMENT/wr_done1
    SLICE_X35Y103.B1     net (fanout=6)        1.410   system_2_part_2_final_i/axi_interconnect_1_M_AWREADY
    SLICE_X35Y103.B      Tilo                  0.124   system_2_part_2_final_i/axi_interconnect_1_S_BVALID
                                                       system_2_part_2_final_i/axi_interconnect_1/axi_interconnect_1/mi_protocol_conv_bank/gen_protocol_slot[0].gen_prot_conv.conv_inst/gen_axilite.gen_axilite_conv.axilite_conv_inst/_n011611_SW1_F
    SLICE_X34Y103.B2     net (fanout=1)        0.653   system_2_part_2_final_i/axi_interconnect_1/N31
    SLICE_X34Y103.B      Tilo                  0.124   system_2_part_2_final_i/axi_interconnect_1/N15
                                                       system_2_part_2_final_i/axi_interconnect_1/axi_interconnect_1/mi_protocol_conv_bank/gen_protocol_slot[0].gen_prot_conv.conv_inst/gen_axilite.gen_axilite_conv.axilite_conv_inst/_n011611_SW11
    SLICE_X34Y103.D6     net (fanout=2)        0.182   system_2_part_2_final_i/axi_interconnect_1/N15
    SLICE_X34Y103.CMUX   Topdc                 0.539   system_2_part_2_final_i/axi_interconnect_1/N15
                                                       system_2_part_2_final_i/axi_interconnect_1/axi_interconnect_1/crossbar_samd/gen_sasd.crossbar_sasd_0/gen_crossbar.mi_awready_mux_inst/O1_F
                                                       system_2_part_2_final_i/axi_interconnect_1/axi_interconnect_1/crossbar_samd/gen_sasd.crossbar_sasd_0/gen_crossbar.mi_awready_mux_inst/O1
    SLICE_X33Y103.B3     net (fanout=4)        0.692   system_2_part_2_final_i/axi_interconnect_1/axi_interconnect_1/crossbar_samd/gen_sasd.crossbar_sasd_0/mi_awready_mux
    SLICE_X33Y103.B      Tilo                  0.124   system_2_part_2_final_i/axi_interconnect_1/axi_interconnect_1/crossbar_samd/gen_sasd.crossbar_sasd_0/gen_crossbar.gen_decerr.decerr_slave_inst/s_axi_rlast_i
                                                       system_2_part_2_final_i/axi_interconnect_1/axi_interconnect_1/crossbar_samd/gen_sasd.crossbar_sasd_0/gen_crossbar.splitter_aw/out1
    SLICE_X32Y104.A2     net (fanout=2)        0.814   system_2_part_2_final_i/axi_interconnect_1/axi_interconnect_1/crossbar_samd/gen_sasd.crossbar_sasd_0/aa_awready
    SLICE_X32Y104.CLK    Tas                   0.047   system_2_part_2_final_i/axi_interconnect_1/axi_interconnect_1/crossbar_samd/gen_sasd.crossbar_sasd_0/gen_crossbar.addr_arbiter_inst/m_grant_hot_i_0
                                                       system_2_part_2_final_i/axi_interconnect_1/axi_interconnect_1/crossbar_samd/gen_sasd.crossbar_sasd_0/gen_crossbar.addr_arbiter_inst/m_grant_hot_i_0_glue_set
                                                       system_2_part_2_final_i/axi_interconnect_1/axi_interconnect_1/crossbar_samd/gen_sasd.crossbar_sasd_0/gen_crossbar.addr_arbiter_inst/m_grant_hot_i_0
    -------------------------------------------------  ---------------------------
    Total                                      6.711ns (1.662ns logic, 5.049ns route)
                                                       (24.8% logic, 75.2% route)

--------------------------------------------------------------------------------
Slack:                  13.230ns (requirement - (data path - clock path skew + uncertainty))
  Source:               system_2_part_2_final_i/axi_timer_0/axi_timer_0/AXI4_LITE_I/I_SLAVE_ATTACHMENT/I_DECODER/ce_out_i_4 (FF)
  Destination:          system_2_part_2_final_i/axi_interconnect_1/axi_interconnect_1/crossbar_samd/gen_sasd.crossbar_sasd_0/gen_crossbar.addr_arbiter_inst/m_grant_hot_i_0 (FF)
  Requirement:          20.000ns
  Data Path Delay:      6.707ns (Levels of Logic = 7)
  Clock Path Skew:      -0.028ns (1.515 - 1.543)
  Source Clock:         system_2_part_2_final_i/processing_system7_0_FCLK_CLK0 rising at 0.000ns
  Destination Clock:    system_2_part_2_final_i/processing_system7_0_FCLK_CLK0 rising at 20.000ns
  Clock Uncertainty:    0.035ns

  Clock Uncertainty:          0.035ns  ((TSJ^2 + TIJ^2)^1/2 + DJ) / 2 + PE
    Total System Jitter (TSJ):  0.070ns
    Total Input Jitter (TIJ):   0.000ns
    Discrete Jitter (DJ):       0.000ns
    Phase Error (PE):           0.000ns

  Maximum Data Path at Slow Process Corner: system_2_part_2_final_i/axi_timer_0/axi_timer_0/AXI4_LITE_I/I_SLAVE_ATTACHMENT/I_DECODER/ce_out_i_4 to system_2_part_2_final_i/axi_interconnect_1/axi_interconnect_1/crossbar_samd/gen_sasd.crossbar_sasd_0/gen_crossbar.addr_arbiter_inst/m_grant_hot_i_0
    Location             Delay type         Delay(ns)  Physical Resource
                                                       Logical Resource(s)
    -------------------------------------------------  -------------------
    SLICE_X27Y94.DQ      Tcko                  0.456   system_2_part_2_final_i/axi_timer_0/axi_timer_0/AXI4_LITE_I/I_SLAVE_ATTACHMENT/I_DECODER/ce_out_i_4
                                                       system_2_part_2_final_i/axi_timer_0/axi_timer_0/AXI4_LITE_I/I_SLAVE_ATTACHMENT/I_DECODER/ce_out_i_4
    SLICE_X30Y95.D5      net (fanout=7)        0.628   system_2_part_2_final_i/axi_timer_0/axi_timer_0/AXI4_LITE_I/I_SLAVE_ATTACHMENT/I_DECODER/ce_out_i_4
    SLICE_X30Y95.D       Tilo                  0.124   system_2_part_2_final_i/axi_timer_0/axi_timer_0/TC_CORE_I/tCSR1_Reg[28]
                                                       system_2_part_2_final_i/axi_timer_0/axi_timer_0/AXI4_LITE_I/I_SLAVE_ATTACHMENT/wr_done1_SW0
    SLICE_X30Y95.B1      net (fanout=1)        0.670   system_2_part_2_final_i/axi_timer_0/N89
    SLICE_X30Y95.B       Tilo                  0.124   system_2_part_2_final_i/axi_timer_0/axi_timer_0/TC_CORE_I/tCSR1_Reg[28]
                                                       system_2_part_2_final_i/axi_timer_0/axi_timer_0/AXI4_LITE_I/I_SLAVE_ATTACHMENT/wr_done1
    SLICE_X35Y103.B1     net (fanout=6)        1.410   system_2_part_2_final_i/axi_interconnect_1_M_AWREADY
    SLICE_X35Y103.B      Tilo                  0.124   system_2_part_2_final_i/axi_interconnect_1_S_BVALID
                                                       system_2_part_2_final_i/axi_interconnect_1/axi_interconnect_1/mi_protocol_conv_bank/gen_protocol_slot[0].gen_prot_conv.conv_inst/gen_axilite.gen_axilite_conv.axilite_conv_inst/_n011611_SW1_F
    SLICE_X34Y103.B2     net (fanout=1)        0.653   system_2_part_2_final_i/axi_interconnect_1/N31
    SLICE_X34Y103.B      Tilo                  0.124   system_2_part_2_final_i/axi_interconnect_1/N15
                                                       system_2_part_2_final_i/axi_interconnect_1/axi_interconnect_1/mi_protocol_conv_bank/gen_protocol_slot[0].gen_prot_conv.conv_inst/gen_axilite.gen_axilite_conv.axilite_conv_inst/_n011611_SW11
    SLICE_X34Y103.C6     net (fanout=2)        0.172   system_2_part_2_final_i/axi_interconnect_1/N15
    SLICE_X34Y103.CMUX   Tilo                  0.545   system_2_part_2_final_i/axi_interconnect_1/N15
                                                       system_2_part_2_final_i/axi_interconnect_1/axi_interconnect_1/crossbar_samd/gen_sasd.crossbar_sasd_0/gen_crossbar.mi_awready_mux_inst/O1_G
                                                       system_2_part_2_final_i/axi_interconnect_1/axi_interconnect_1/crossbar_samd/gen_sasd.crossbar_sasd_0/gen_crossbar.mi_awready_mux_inst/O1
    SLICE_X33Y103.B3     net (fanout=4)        0.692   system_2_part_2_final_i/axi_interconnect_1/axi_interconnect_1/crossbar_samd/gen_sasd.crossbar_sasd_0/mi_awready_mux
    SLICE_X33Y103.B      Tilo                  0.124   system_2_part_2_final_i/axi_interconnect_1/axi_interconnect_1/crossbar_samd/gen_sasd.crossbar_sasd_0/gen_crossbar.gen_decerr.decerr_slave_inst/s_axi_rlast_i
                                                       system_2_part_2_final_i/axi_interconnect_1/axi_interconnect_1/crossbar_samd/gen_sasd.crossbar_sasd_0/gen_crossbar.splitter_aw/out1
    SLICE_X32Y104.A2     net (fanout=2)        0.814   system_2_part_2_final_i/axi_interconnect_1/axi_interconnect_1/crossbar_samd/gen_sasd.crossbar_sasd_0/aa_awready
    SLICE_X32Y104.CLK    Tas                   0.047   system_2_part_2_final_i/axi_interconnect_1/axi_interconnect_1/crossbar_samd/gen_sasd.crossbar_sasd_0/gen_crossbar.addr_arbiter_inst/m_grant_hot_i_0
                                                       system_2_part_2_final_i/axi_interconnect_1/axi_interconnect_1/crossbar_samd/gen_sasd.crossbar_sasd_0/gen_crossbar.addr_arbiter_inst/m_grant_hot_i_0_glue_set
                                                       system_2_part_2_final_i/axi_interconnect_1/axi_interconnect_1/crossbar_samd/gen_sasd.crossbar_sasd_0/gen_crossbar.addr_arbiter_inst/m_grant_hot_i_0
    -------------------------------------------------  ---------------------------
    Total                                      6.707ns (1.668ns logic, 5.039ns route)
                                                       (24.9% logic, 75.1% route)

--------------------------------------------------------------------------------
Slack:                  13.293ns (requirement - (data path - clock path skew + uncertainty))
  Source:               system_2_part_2_final_i/axi_timer_0/axi_timer_0/AXI4_LITE_I/I_SLAVE_ATTACHMENT/I_DECODER/ce_out_i_5 (FF)
  Destination:          system_2_part_2_final_i/axi_interconnect_1/axi_interconnect_1/crossbar_samd/gen_sasd.crossbar_sasd_0/gen_crossbar.addr_arbiter_inst/m_valid_i (FF)
  Requirement:          20.000ns
  Data Path Delay:      6.644ns (Levels of Logic = 7)
  Clock Path Skew:      -0.028ns (1.515 - 1.543)
  Source Clock:         system_2_part_2_final_i/processing_system7_0_FCLK_CLK0 rising at 0.000ns
  Destination Clock:    system_2_part_2_final_i/processing_system7_0_FCLK_CLK0 rising at 20.000ns
  Clock Uncertainty:    0.035ns

  Clock Uncertainty:          0.035ns  ((TSJ^2 + TIJ^2)^1/2 + DJ) / 2 + PE
    Total System Jitter (TSJ):  0.070ns
    Total Input Jitter (TIJ):   0.000ns
    Discrete Jitter (DJ):       0.000ns
    Phase Error (PE):           0.000ns

  Maximum Data Path at Slow Process Corner: system_2_part_2_final_i/axi_timer_0/axi_timer_0/AXI4_LITE_I/I_SLAVE_ATTACHMENT/I_DECODER/ce_out_i_5 to system_2_part_2_final_i/axi_interconnect_1/axi_interconnect_1/crossbar_samd/gen_sasd.crossbar_sasd_0/gen_crossbar.addr_arbiter_inst/m_valid_i
    Location             Delay type         Delay(ns)  Physical Resource
                                                       Logical Resource(s)
    -------------------------------------------------  -------------------
    SLICE_X27Y95.AQ      Tcko                  0.456   system_2_part_2_final_i/axi_timer_0/axi_timer_0/AXI4_LITE_I/I_SLAVE_ATTACHMENT/I_DECODER/ce_out_i_6
                                                       system_2_part_2_final_i/axi_timer_0/axi_timer_0/AXI4_LITE_I/I_SLAVE_ATTACHMENT/I_DECODER/ce_out_i_5
    SLICE_X30Y95.D3      net (fanout=37)       0.882   system_2_part_2_final_i/axi_timer_0/axi_timer_0/AXI4_LITE_I/I_SLAVE_ATTACHMENT/I_DECODER/ce_out_i_5
    SLICE_X30Y95.D       Tilo                  0.124   system_2_part_2_final_i/axi_timer_0/axi_timer_0/TC_CORE_I/tCSR1_Reg[28]
                                                       system_2_part_2_final_i/axi_timer_0/axi_timer_0/AXI4_LITE_I/I_SLAVE_ATTACHMENT/wr_done1_SW0
    SLICE_X30Y95.B1      net (fanout=1)        0.670   system_2_part_2_final_i/axi_timer_0/N89
    SLICE_X30Y95.B       Tilo                  0.124   system_2_part_2_final_i/axi_timer_0/axi_timer_0/TC_CORE_I/tCSR1_Reg[28]
                                                       system_2_part_2_final_i/axi_timer_0/axi_timer_0/AXI4_LITE_I/I_SLAVE_ATTACHMENT/wr_done1
    SLICE_X35Y103.B1     net (fanout=6)        1.410   system_2_part_2_final_i/axi_interconnect_1_M_AWREADY
    SLICE_X35Y103.B      Tilo                  0.124   system_2_part_2_final_i/axi_interconnect_1_S_BVALID
                                                       system_2_part_2_final_i/axi_interconnect_1/axi_interconnect_1/mi_protocol_conv_bank/gen_protocol_slot[0].gen_prot_conv.conv_inst/gen_axilite.gen_axilite_conv.axilite_conv_inst/_n011611_SW1_F
    SLICE_X34Y103.B2     net (fanout=1)        0.653   system_2_part_2_final_i/axi_interconnect_1/N31
    SLICE_X34Y103.B      Tilo                  0.124   system_2_part_2_final_i/axi_interconnect_1/N15
                                                       system_2_part_2_final_i/axi_interconnect_1/axi_interconnect_1/mi_protocol_conv_bank/gen_protocol_slot[0].gen_prot_conv.conv_inst/gen_axilite.gen_axilite_conv.axilite_conv_inst/_n011611_SW11
    SLICE_X34Y103.D6     net (fanout=2)        0.182   system_2_part_2_final_i/axi_interconnect_1/N15
    SLICE_X34Y103.CMUX   Topdc                 0.539   system_2_part_2_final_i/axi_interconnect_1/N15
                                                       system_2_part_2_final_i/axi_interconnect_1/axi_interconnect_1/crossbar_samd/gen_sasd.crossbar_sasd_0/gen_crossbar.mi_awready_mux_inst/O1_F
                                                       system_2_part_2_final_i/axi_interconnect_1/axi_interconnect_1/crossbar_samd/gen_sasd.crossbar_sasd_0/gen_crossbar.mi_awready_mux_inst/O1
    SLICE_X33Y103.B3     net (fanout=4)        0.692   system_2_part_2_final_i/axi_interconnect_1/axi_interconnect_1/crossbar_samd/gen_sasd.crossbar_sasd_0/mi_awready_mux
    SLICE_X33Y103.B      Tilo                  0.124   system_2_part_2_final_i/axi_interconnect_1/axi_interconnect_1/crossbar_samd/gen_sasd.crossbar_sasd_0/gen_crossbar.gen_decerr.decerr_slave_inst/s_axi_rlast_i
                                                       system_2_part_2_final_i/axi_interconnect_1/axi_interconnect_1/crossbar_samd/gen_sasd.crossbar_sasd_0/gen_crossbar.splitter_aw/out1
    SLICE_X33Y103.A4     net (fanout=2)        0.445   system_2_part_2_final_i/axi_interconnect_1/axi_interconnect_1/crossbar_samd/gen_sasd.crossbar_sasd_0/aa_awready
    SLICE_X33Y103.CLK    Tas                   0.095   system_2_part_2_final_i/axi_interconnect_1/axi_interconnect_1/crossbar_samd/gen_sasd.crossbar_sasd_0/gen_crossbar.gen_decerr.decerr_slave_inst/s_axi_rlast_i
                                                       system_2_part_2_final_i/axi_interconnect_1/axi_interconnect_1/crossbar_samd/gen_sasd.crossbar_sasd_0/gen_crossbar.addr_arbiter_inst/m_valid_i_glue_set
                                                       system_2_part_2_final_i/axi_interconnect_1/axi_interconnect_1/crossbar_samd/gen_sasd.crossbar_sasd_0/gen_crossbar.addr_arbiter_inst/m_valid_i
    -------------------------------------------------  ---------------------------
    Total                                      6.644ns (1.710ns logic, 4.934ns route)
                                                       (25.7% logic, 74.3% route)

--------------------------------------------------------------------------------
Slack:                  13.295ns (requirement - (data path - clock path skew + uncertainty))
  Source:               system_2_part_2_final_i/axi_timer_0/axi_timer_0/AXI4_LITE_I/I_SLAVE_ATTACHMENT/I_DECODER/ce_out_i_5 (FF)
  Destination:          system_2_part_2_final_i/axi_interconnect_1/axi_interconnect_1/crossbar_samd/gen_sasd.crossbar_sasd_0/gen_crossbar.addr_arbiter_inst/m_grant_hot_i_0 (FF)
  Requirement:          20.000ns
  Data Path Delay:      6.642ns (Levels of Logic = 6)
  Clock Path Skew:      -0.028ns (1.515 - 1.543)
  Source Clock:         system_2_part_2_final_i/processing_system7_0_FCLK_CLK0 rising at 0.000ns
  Destination Clock:    system_2_part_2_final_i/processing_system7_0_FCLK_CLK0 rising at 20.000ns
  Clock Uncertainty:    0.035ns

  Clock Uncertainty:          0.035ns  ((TSJ^2 + TIJ^2)^1/2 + DJ) / 2 + PE
    Total System Jitter (TSJ):  0.070ns
    Total Input Jitter (TIJ):   0.000ns
    Discrete Jitter (DJ):       0.000ns
    Phase Error (PE):           0.000ns

  Maximum Data Path at Slow Process Corner: system_2_part_2_final_i/axi_timer_0/axi_timer_0/AXI4_LITE_I/I_SLAVE_ATTACHMENT/I_DECODER/ce_out_i_5 to system_2_part_2_final_i/axi_interconnect_1/axi_interconnect_1/crossbar_samd/gen_sasd.crossbar_sasd_0/gen_crossbar.addr_arbiter_inst/m_grant_hot_i_0
    Location             Delay type         Delay(ns)  Physical Resource
                                                       Logical Resource(s)
    -------------------------------------------------  -------------------
    SLICE_X27Y95.AQ      Tcko                  0.456   system_2_part_2_final_i/axi_timer_0/axi_timer_0/AXI4_LITE_I/I_SLAVE_ATTACHMENT/I_DECODER/ce_out_i_6
                                                       system_2_part_2_final_i/axi_timer_0/axi_timer_0/AXI4_LITE_I/I_SLAVE_ATTACHMENT/I_DECODER/ce_out_i_5
    SLICE_X30Y95.D3      net (fanout=37)       0.882   system_2_part_2_final_i/axi_timer_0/axi_timer_0/AXI4_LITE_I/I_SLAVE_ATTACHMENT/I_DECODER/ce_out_i_5
    SLICE_X30Y95.DMUX    Tilo                  0.381   system_2_part_2_final_i/axi_timer_0/axi_timer_0/TC_CORE_I/tCSR1_Reg[28]
                                                       system_2_part_2_final_i/axi_timer_0/axi_timer_0/AXI4_LITE_I/I_SLAVE_ATTACHMENT/rd_done1_SW0
    SLICE_X30Y95.C3      net (fanout=1)        1.115   system_2_part_2_final_i/axi_timer_0/N91
    SLICE_X30Y95.C       Tilo                  0.124   system_2_part_2_final_i/axi_timer_0/axi_timer_0/TC_CORE_I/tCSR1_Reg[28]
                                                       system_2_part_2_final_i/axi_timer_0/axi_timer_0/AXI4_LITE_I/I_SLAVE_ATTACHMENT/rd_done1
    SLICE_X32Y104.C2     net (fanout=4)        1.313   system_2_part_2_final_i/axi_interconnect_1_M_ARREADY
    SLICE_X32Y104.C      Tilo                  0.124   system_2_part_2_final_i/axi_interconnect_1/axi_interconnect_1/crossbar_samd/gen_sasd.crossbar_sasd_0/gen_crossbar.addr_arbiter_inst/m_grant_hot_i_0
                                                       system_2_part_2_final_i/axi_interconnect_1/axi_interconnect_1/mi_protocol_conv_bank/gen_protocol_slot[0].gen_prot_conv.conv_inst/gen_axilite.gen_axilite_conv.axilite_conv_inst/_n011811_SW0
    SLICE_X32Y104.D4     net (fanout=1)        0.466   system_2_part_2_final_i/axi_interconnect_1/N19
    SLICE_X32Y104.D      Tilo                  0.124   system_2_part_2_final_i/axi_interconnect_1/axi_interconnect_1/crossbar_samd/gen_sasd.crossbar_sasd_0/gen_crossbar.addr_arbiter_inst/m_grant_hot_i_0
                                                       system_2_part_2_final_i/axi_interconnect_1/axi_interconnect_1/crossbar_samd/gen_sasd.crossbar_sasd_0/gen_crossbar.mi_arready_mux_inst/O1
    SLICE_X30Y105.D1     net (fanout=3)        0.936   system_2_part_2_final_i/axi_interconnect_1/axi_interconnect_1/crossbar_samd/gen_sasd.crossbar_sasd_0/mi_arready_mux
    SLICE_X30Y105.D      Tilo                  0.124   system_2_part_2_final_i/axi_interconnect_1_M_RDATA[17]
                                                       system_2_part_2_final_i/axi_interconnect_1/axi_interconnect_1/crossbar_samd/gen_sasd.crossbar_sasd_0/gen_crossbar.splitter_ar/out1
    SLICE_X32Y104.A6     net (fanout=2)        0.550   system_2_part_2_final_i/axi_interconnect_1/axi_interconnect_1/crossbar_samd/gen_sasd.crossbar_sasd_0/aa_arready
    SLICE_X32Y104.CLK    Tas                   0.047   system_2_part_2_final_i/axi_interconnect_1/axi_interconnect_1/crossbar_samd/gen_sasd.crossbar_sasd_0/gen_crossbar.addr_arbiter_inst/m_grant_hot_i_0
                                                       system_2_part_2_final_i/axi_interconnect_1/axi_interconnect_1/crossbar_samd/gen_sasd.crossbar_sasd_0/gen_crossbar.addr_arbiter_inst/m_grant_hot_i_0_glue_set
                                                       system_2_part_2_final_i/axi_interconnect_1/axi_interconnect_1/crossbar_samd/gen_sasd.crossbar_sasd_0/gen_crossbar.addr_arbiter_inst/m_grant_hot_i_0
    -------------------------------------------------  ---------------------------
    Total                                      6.642ns (1.380ns logic, 5.262ns route)
                                                       (20.8% logic, 79.2% route)

--------------------------------------------------------------------------------
Slack:                  13.297ns (requirement - (data path - clock path skew + uncertainty))
  Source:               system_2_part_2_final_i/axi_timer_0/axi_timer_0/AXI4_LITE_I/I_SLAVE_ATTACHMENT/I_DECODER/ce_out_i_5 (FF)
  Destination:          system_2_part_2_final_i/axi_interconnect_1/axi_interconnect_1/crossbar_samd/gen_sasd.crossbar_sasd_0/gen_crossbar.addr_arbiter_inst/m_valid_i (FF)
  Requirement:          20.000ns
  Data Path Delay:      6.640ns (Levels of Logic = 7)
  Clock Path Skew:      -0.028ns (1.515 - 1.543)
  Source Clock:         system_2_part_2_final_i/processing_system7_0_FCLK_CLK0 rising at 0.000ns
  Destination Clock:    system_2_part_2_final_i/processing_system7_0_FCLK_CLK0 rising at 20.000ns
  Clock Uncertainty:    0.035ns

  Clock Uncertainty:          0.035ns  ((TSJ^2 + TIJ^2)^1/2 + DJ) / 2 + PE
    Total System Jitter (TSJ):  0.070ns
    Total Input Jitter (TIJ):   0.000ns
    Discrete Jitter (DJ):       0.000ns
    Phase Error (PE):           0.000ns

  Maximum Data Path at Slow Process Corner: system_2_part_2_final_i/axi_timer_0/axi_timer_0/AXI4_LITE_I/I_SLAVE_ATTACHMENT/I_DECODER/ce_out_i_5 to system_2_part_2_final_i/axi_interconnect_1/axi_interconnect_1/crossbar_samd/gen_sasd.crossbar_sasd_0/gen_crossbar.addr_arbiter_inst/m_valid_i
    Location             Delay type         Delay(ns)  Physical Resource
                                                       Logical Resource(s)
    -------------------------------------------------  -------------------
    SLICE_X27Y95.AQ      Tcko                  0.456   system_2_part_2_final_i/axi_timer_0/axi_timer_0/AXI4_LITE_I/I_SLAVE_ATTACHMENT/I_DECODER/ce_out_i_6
                                                       system_2_part_2_final_i/axi_timer_0/axi_timer_0/AXI4_LITE_I/I_SLAVE_ATTACHMENT/I_DECODER/ce_out_i_5
    SLICE_X30Y95.D3      net (fanout=37)       0.882   system_2_part_2_final_i/axi_timer_0/axi_timer_0/AXI4_LITE_I/I_SLAVE_ATTACHMENT/I_DECODER/ce_out_i_5
    SLICE_X30Y95.D       Tilo                  0.124   system_2_part_2_final_i/axi_timer_0/axi_timer_0/TC_CORE_I/tCSR1_Reg[28]
                                                       system_2_part_2_final_i/axi_timer_0/axi_timer_0/AXI4_LITE_I/I_SLAVE_ATTACHMENT/wr_done1_SW0
    SLICE_X30Y95.B1      net (fanout=1)        0.670   system_2_part_2_final_i/axi_timer_0/N89
    SLICE_X30Y95.B       Tilo                  0.124   system_2_part_2_final_i/axi_timer_0/axi_timer_0/TC_CORE_I/tCSR1_Reg[28]
                                                       system_2_part_2_final_i/axi_timer_0/axi_timer_0/AXI4_LITE_I/I_SLAVE_ATTACHMENT/wr_done1
    SLICE_X35Y103.B1     net (fanout=6)        1.410   system_2_part_2_final_i/axi_interconnect_1_M_AWREADY
    SLICE_X35Y103.B      Tilo                  0.124   system_2_part_2_final_i/axi_interconnect_1_S_BVALID
                                                       system_2_part_2_final_i/axi_interconnect_1/axi_interconnect_1/mi_protocol_conv_bank/gen_protocol_slot[0].gen_prot_conv.conv_inst/gen_axilite.gen_axilite_conv.axilite_conv_inst/_n011611_SW1_F
    SLICE_X34Y103.B2     net (fanout=1)        0.653   system_2_part_2_final_i/axi_interconnect_1/N31
    SLICE_X34Y103.B      Tilo                  0.124   system_2_part_2_final_i/axi_interconnect_1/N15
                                                       system_2_part_2_final_i/axi_interconnect_1/axi_interconnect_1/mi_protocol_conv_bank/gen_protocol_slot[0].gen_prot_conv.conv_inst/gen_axilite.gen_axilite_conv.axilite_conv_inst/_n011611_SW11
    SLICE_X34Y103.C6     net (fanout=2)        0.172   system_2_part_2_final_i/axi_interconnect_1/N15
    SLICE_X34Y103.CMUX   Tilo                  0.545   system_2_part_2_final_i/axi_interconnect_1/N15
                                                       system_2_part_2_final_i/axi_interconnect_1/axi_interconnect_1/crossbar_samd/gen_sasd.crossbar_sasd_0/gen_crossbar.mi_awready_mux_inst/O1_G
                                                       system_2_part_2_final_i/axi_interconnect_1/axi_interconnect_1/crossbar_samd/gen_sasd.crossbar_sasd_0/gen_crossbar.mi_awready_mux_inst/O1
    SLICE_X33Y103.B3     net (fanout=4)        0.692   system_2_part_2_final_i/axi_interconnect_1/axi_interconnect_1/crossbar_samd/gen_sasd.crossbar_sasd_0/mi_awready_mux
    SLICE_X33Y103.B      Tilo                  0.124   system_2_part_2_final_i/axi_interconnect_1/axi_interconnect_1/crossbar_samd/gen_sasd.crossbar_sasd_0/gen_crossbar.gen_decerr.decerr_slave_inst/s_axi_rlast_i
                                                       system_2_part_2_final_i/axi_interconnect_1/axi_interconnect_1/crossbar_samd/gen_sasd.crossbar_sasd_0/gen_crossbar.splitter_aw/out1
    SLICE_X33Y103.A4     net (fanout=2)        0.445   system_2_part_2_final_i/axi_interconnect_1/axi_interconnect_1/crossbar_samd/gen_sasd.crossbar_sasd_0/aa_awready
    SLICE_X33Y103.CLK    Tas                   0.095   system_2_part_2_final_i/axi_interconnect_1/axi_interconnect_1/crossbar_samd/gen_sasd.crossbar_sasd_0/gen_crossbar.gen_decerr.decerr_slave_inst/s_axi_rlast_i
                                                       system_2_part_2_final_i/axi_interconnect_1/axi_interconnect_1/crossbar_samd/gen_sasd.crossbar_sasd_0/gen_crossbar.addr_arbiter_inst/m_valid_i_glue_set
                                                       system_2_part_2_final_i/axi_interconnect_1/axi_interconnect_1/crossbar_samd/gen_sasd.crossbar_sasd_0/gen_crossbar.addr_arbiter_inst/m_valid_i
    -------------------------------------------------  ---------------------------
    Total                                      6.640ns (1.716ns logic, 4.924ns route)
                                                       (25.8% logic, 74.2% route)

--------------------------------------------------------------------------------
Slack:                  13.310ns (requirement - (data path - clock path skew + uncertainty))
  Source:               system_2_part_2_final_i/axi_timer_0/axi_timer_0/AXI4_LITE_I/I_SLAVE_ATTACHMENT/I_DECODER/ce_out_i_5 (FF)
  Destination:          system_2_part_2_final_i/processing_system7_0/processing_system7_0/PS7_i (OTHER)
  Requirement:          20.000ns
  Data Path Delay:      6.671ns (Levels of Logic = 4)
  Clock Path Skew:      0.016ns (0.211 - 0.195)
  Source Clock:         system_2_part_2_final_i/processing_system7_0_FCLK_CLK0 rising at 0.000ns
  Destination Clock:    system_2_part_2_final_i/processing_system7_0_FCLK_CLK0 rising at 20.000ns
  Clock Uncertainty:    0.035ns

  Clock Uncertainty:          0.035ns  ((TSJ^2 + TIJ^2)^1/2 + DJ) / 2 + PE
    Total System Jitter (TSJ):  0.070ns
    Total Input Jitter (TIJ):   0.000ns
    Discrete Jitter (DJ):       0.000ns
    Phase Error (PE):           0.000ns

  Maximum Data Path at Slow Process Corner: system_2_part_2_final_i/axi_timer_0/axi_timer_0/AXI4_LITE_I/I_SLAVE_ATTACHMENT/I_DECODER/ce_out_i_5 to system_2_part_2_final_i/processing_system7_0/processing_system7_0/PS7_i
    Location               Delay type         Delay(ns)  Physical Resource
                                                         Logical Resource(s)
    ---------------------------------------------------  -------------------
    SLICE_X27Y95.AQ        Tcko                  0.456   system_2_part_2_final_i/axi_timer_0/axi_timer_0/AXI4_LITE_I/I_SLAVE_ATTACHMENT/I_DECODER/ce_out_i_6
                                                         system_2_part_2_final_i/axi_timer_0/axi_timer_0/AXI4_LITE_I/I_SLAVE_ATTACHMENT/I_DECODER/ce_out_i_5
    SLICE_X30Y95.D3        net (fanout=37)       0.882   system_2_part_2_final_i/axi_timer_0/axi_timer_0/AXI4_LITE_I/I_SLAVE_ATTACHMENT/I_DECODER/ce_out_i_5
    SLICE_X30Y95.D         Tilo                  0.124   system_2_part_2_final_i/axi_timer_0/axi_timer_0/TC_CORE_I/tCSR1_Reg[28]
                                                         system_2_part_2_final_i/axi_timer_0/axi_timer_0/AXI4_LITE_I/I_SLAVE_ATTACHMENT/wr_done1_SW0
    SLICE_X30Y95.B1        net (fanout=1)        0.670   system_2_part_2_final_i/axi_timer_0/N89
    SLICE_X30Y95.B         Tilo                  0.124   system_2_part_2_final_i/axi_timer_0/axi_timer_0/TC_CORE_I/tCSR1_Reg[28]
                                                         system_2_part_2_final_i/axi_timer_0/axi_timer_0/AXI4_LITE_I/I_SLAVE_ATTACHMENT/wr_done1
    SLICE_X32Y101.D4       net (fanout=6)        1.593   system_2_part_2_final_i/axi_interconnect_1_M_AWREADY
    SLICE_X32Y101.DMUX     Tilo                  0.380   system_2_part_2_final_i/axi_timer_0/axi_timer_0/AXI4_LITE_I/I_SLAVE_ATTACHMENT/I_DECODER/Bus_RNW_reg
                                                         system_2_part_2_final_i/axi_interconnect_1/axi_interconnect_1/mi_protocol_conv_bank/gen_protocol_slot[0].gen_prot_conv.conv_inst/gen_axilite.gen_axilite_conv.axilite_conv_inst/S_AXI_WREADY1
    SLICE_X33Y101.D3       net (fanout=2)        0.653   system_2_part_2_final_i/axi_interconnect_1/DEBUG_MC_MP_WDATACONTROL[1]
    SLICE_X33Y101.D        Tilo                  0.124   system_2_part_2_final_i/axi_interconnect_1_M_RDATA[16]
                                                         system_2_part_2_final_i/axi_interconnect_1/axi_interconnect_1/crossbar_samd/gen_sasd.crossbar_sasd_0/si_wready11
    PS7_X0Y0.MAXIGP0WREADY net (fanout=1)        0.782   system_2_part_2_final_i/axi_interconnect_1_S_WREADY
    PS7_X0Y0.MAXIGP0ACLK   Tpssdck_MAXIGP0WREADY  0.883   system_2_part_2_final_i/processing_system7_0/processing_system7_0/PS7_i
                                                         system_2_part_2_final_i/processing_system7_0/processing_system7_0/PS7_i
    ---------------------------------------------------  ---------------------------
    Total                                        6.671ns (2.091ns logic, 4.580ns route)
                                                         (31.3% logic, 68.7% route)

--------------------------------------------------------------------------------
Slack:                  13.352ns (requirement - (data path - clock path skew + uncertainty))
  Source:               system_2_part_2_final_i/axi_timer_0/axi_timer_0/AXI4_LITE_I/I_SLAVE_ATTACHMENT/I_DECODER/ce_out_i_0 (FF)
  Destination:          system_2_part_2_final_i/axi_interconnect_1/axi_interconnect_1/crossbar_samd/gen_sasd.crossbar_sasd_0/gen_crossbar.addr_arbiter_inst/m_grant_hot_i_0 (FF)
  Requirement:          20.000ns
  Data Path Delay:      6.585ns (Levels of Logic = 6)
  Clock Path Skew:      -0.028ns (1.515 - 1.543)
  Source Clock:         system_2_part_2_final_i/processing_system7_0_FCLK_CLK0 rising at 0.000ns
  Destination Clock:    system_2_part_2_final_i/processing_system7_0_FCLK_CLK0 rising at 20.000ns
  Clock Uncertainty:    0.035ns

  Clock Uncertainty:          0.035ns  ((TSJ^2 + TIJ^2)^1/2 + DJ) / 2 + PE
    Total System Jitter (TSJ):  0.070ns
    Total Input Jitter (TIJ):   0.000ns
    Discrete Jitter (DJ):       0.000ns
    Phase Error (PE):           0.000ns

  Maximum Data Path at Slow Process Corner: system_2_part_2_final_i/axi_timer_0/axi_timer_0/AXI4_LITE_I/I_SLAVE_ATTACHMENT/I_DECODER/ce_out_i_0 to system_2_part_2_final_i/axi_interconnect_1/axi_interconnect_1/crossbar_samd/gen_sasd.crossbar_sasd_0/gen_crossbar.addr_arbiter_inst/m_grant_hot_i_0
    Location             Delay type         Delay(ns)  Physical Resource
                                                       Logical Resource(s)
    -------------------------------------------------  -------------------
    SLICE_X27Y94.AQ      Tcko                  0.456   system_2_part_2_final_i/axi_timer_0/axi_timer_0/AXI4_LITE_I/I_SLAVE_ATTACHMENT/I_DECODER/ce_out_i_4
                                                       system_2_part_2_final_i/axi_timer_0/axi_timer_0/AXI4_LITE_I/I_SLAVE_ATTACHMENT/I_DECODER/ce_out_i_0
    SLICE_X30Y95.D1      net (fanout=8)        1.037   system_2_part_2_final_i/axi_timer_0/axi_timer_0/AXI4_LITE_I/I_SLAVE_ATTACHMENT/I_DECODER/ce_out_i_0
    SLICE_X30Y95.D       Tilo                  0.124   system_2_part_2_final_i/axi_timer_0/axi_timer_0/TC_CORE_I/tCSR1_Reg[28]
                                                       system_2_part_2_final_i/axi_timer_0/axi_timer_0/AXI4_LITE_I/I_SLAVE_ATTACHMENT/wr_done1_SW0
    SLICE_X30Y95.B1      net (fanout=1)        0.670   system_2_part_2_final_i/axi_timer_0/N89
    SLICE_X30Y95.B       Tilo                  0.124   system_2_part_2_final_i/axi_timer_0/axi_timer_0/TC_CORE_I/tCSR1_Reg[28]
                                                       system_2_part_2_final_i/axi_timer_0/axi_timer_0/AXI4_LITE_I/I_SLAVE_ATTACHMENT/wr_done1
    SLICE_X29Y103.D2     net (fanout=6)        1.155   system_2_part_2_final_i/axi_interconnect_1_M_AWREADY
    SLICE_X29Y103.D      Tilo                  0.124   system_2_part_2_final_i/axi_interconnect_1/axi_interconnect_1/crossbar_samd/gen_sasd.crossbar_sasd_0/gen_crossbar.gen_decerr.decerr_slave_inst/s_axi_arready_i
                                                       system_2_part_2_final_i/axi_interconnect_1/axi_interconnect_1/mi_protocol_conv_bank/gen_protocol_slot[0].gen_prot_conv.conv_inst/gen_axilite.gen_axilite_conv.axilite_conv_inst/_n011611_SW0
    SLICE_X34Y103.CX     net (fanout=1)        0.730   system_2_part_2_final_i/axi_interconnect_1/N14
    SLICE_X34Y103.CMUX   Tcxc                  0.488   system_2_part_2_final_i/axi_interconnect_1/N15
                                                       system_2_part_2_final_i/axi_interconnect_1/axi_interconnect_1/crossbar_samd/gen_sasd.crossbar_sasd_0/gen_crossbar.mi_awready_mux_inst/O1
    SLICE_X33Y103.B3     net (fanout=4)        0.692   system_2_part_2_final_i/axi_interconnect_1/axi_interconnect_1/crossbar_samd/gen_sasd.crossbar_sasd_0/mi_awready_mux
    SLICE_X33Y103.B      Tilo                  0.124   system_2_part_2_final_i/axi_interconnect_1/axi_interconnect_1/crossbar_samd/gen_sasd.crossbar_sasd_0/gen_crossbar.gen_decerr.decerr_slave_inst/s_axi_rlast_i
                                                       system_2_part_2_final_i/axi_interconnect_1/axi_interconnect_1/crossbar_samd/gen_sasd.crossbar_sasd_0/gen_crossbar.splitter_aw/out1
    SLICE_X32Y104.A2     net (fanout=2)        0.814   system_2_part_2_final_i/axi_interconnect_1/axi_interconnect_1/crossbar_samd/gen_sasd.crossbar_sasd_0/aa_awready
    SLICE_X32Y104.CLK    Tas                   0.047   system_2_part_2_final_i/axi_interconnect_1/axi_interconnect_1/crossbar_samd/gen_sasd.crossbar_sasd_0/gen_crossbar.addr_arbiter_inst/m_grant_hot_i_0
                                                       system_2_part_2_final_i/axi_interconnect_1/axi_interconnect_1/crossbar_samd/gen_sasd.crossbar_sasd_0/gen_crossbar.addr_arbiter_inst/m_grant_hot_i_0_glue_set
                                                       system_2_part_2_final_i/axi_interconnect_1/axi_interconnect_1/crossbar_samd/gen_sasd.crossbar_sasd_0/gen_crossbar.addr_arbiter_inst/m_grant_hot_i_0
    -------------------------------------------------  ---------------------------
    Total                                      6.585ns (1.487ns logic, 5.098ns route)
                                                       (22.6% logic, 77.4% route)

--------------------------------------------------------------------------------
Slack:                  13.403ns (requirement - (data path - clock path skew + uncertainty))
  Source:               system_2_part_2_final_i/axi_timer_0/axi_timer_0/AXI4_LITE_I/I_SLAVE_ATTACHMENT/I_DECODER/ce_out_i_4 (FF)
  Destination:          system_2_part_2_final_i/axi_interconnect_1/axi_interconnect_1/crossbar_samd/gen_sasd.crossbar_sasd_0/gen_crossbar.addr_arbiter_inst/m_valid_i (FF)
  Requirement:          20.000ns
  Data Path Delay:      6.534ns (Levels of Logic = 6)
  Clock Path Skew:      -0.028ns (1.515 - 1.543)
  Source Clock:         system_2_part_2_final_i/processing_system7_0_FCLK_CLK0 rising at 0.000ns
  Destination Clock:    system_2_part_2_final_i/processing_system7_0_FCLK_CLK0 rising at 20.000ns
  Clock Uncertainty:    0.035ns

  Clock Uncertainty:          0.035ns  ((TSJ^2 + TIJ^2)^1/2 + DJ) / 2 + PE
    Total System Jitter (TSJ):  0.070ns
    Total Input Jitter (TIJ):   0.000ns
    Discrete Jitter (DJ):       0.000ns
    Phase Error (PE):           0.000ns

  Maximum Data Path at Slow Process Corner: system_2_part_2_final_i/axi_timer_0/axi_timer_0/AXI4_LITE_I/I_SLAVE_ATTACHMENT/I_DECODER/ce_out_i_4 to system_2_part_2_final_i/axi_interconnect_1/axi_interconnect_1/crossbar_samd/gen_sasd.crossbar_sasd_0/gen_crossbar.addr_arbiter_inst/m_valid_i
    Location             Delay type         Delay(ns)  Physical Resource
                                                       Logical Resource(s)
    -------------------------------------------------  -------------------
    SLICE_X27Y94.DQ      Tcko                  0.456   system_2_part_2_final_i/axi_timer_0/axi_timer_0/AXI4_LITE_I/I_SLAVE_ATTACHMENT/I_DECODER/ce_out_i_4
                                                       system_2_part_2_final_i/axi_timer_0/axi_timer_0/AXI4_LITE_I/I_SLAVE_ATTACHMENT/I_DECODER/ce_out_i_4
    SLICE_X30Y95.D5      net (fanout=7)        0.628   system_2_part_2_final_i/axi_timer_0/axi_timer_0/AXI4_LITE_I/I_SLAVE_ATTACHMENT/I_DECODER/ce_out_i_4
    SLICE_X30Y95.DMUX    Tilo                  0.350   system_2_part_2_final_i/axi_timer_0/axi_timer_0/TC_CORE_I/tCSR1_Reg[28]
                                                       system_2_part_2_final_i/axi_timer_0/axi_timer_0/AXI4_LITE_I/I_SLAVE_ATTACHMENT/rd_done1_SW0
    SLICE_X30Y95.C3      net (fanout=1)        1.115   system_2_part_2_final_i/axi_timer_0/N91
    SLICE_X30Y95.C       Tilo                  0.124   system_2_part_2_final_i/axi_timer_0/axi_timer_0/TC_CORE_I/tCSR1_Reg[28]
                                                       system_2_part_2_final_i/axi_timer_0/axi_timer_0/AXI4_LITE_I/I_SLAVE_ATTACHMENT/rd_done1
    SLICE_X32Y104.C2     net (fanout=4)        1.313   system_2_part_2_final_i/axi_interconnect_1_M_ARREADY
    SLICE_X32Y104.C      Tilo                  0.124   system_2_part_2_final_i/axi_interconnect_1/axi_interconnect_1/crossbar_samd/gen_sasd.crossbar_sasd_0/gen_crossbar.addr_arbiter_inst/m_grant_hot_i_0
                                                       system_2_part_2_final_i/axi_interconnect_1/axi_interconnect_1/mi_protocol_conv_bank/gen_protocol_slot[0].gen_prot_conv.conv_inst/gen_axilite.gen_axilite_conv.axilite_conv_inst/_n011811_SW0
    SLICE_X32Y104.D4     net (fanout=1)        0.466   system_2_part_2_final_i/axi_interconnect_1/N19
    SLICE_X32Y104.D      Tilo                  0.124   system_2_part_2_final_i/axi_interconnect_1/axi_interconnect_1/crossbar_samd/gen_sasd.crossbar_sasd_0/gen_crossbar.addr_arbiter_inst/m_grant_hot_i_0
                                                       system_2_part_2_final_i/axi_interconnect_1/axi_interconnect_1/crossbar_samd/gen_sasd.crossbar_sasd_0/gen_crossbar.mi_arready_mux_inst/O1
    SLICE_X30Y105.D1     net (fanout=3)        0.936   system_2_part_2_final_i/axi_interconnect_1/axi_interconnect_1/crossbar_samd/gen_sasd.crossbar_sasd_0/mi_arready_mux
    SLICE_X30Y105.D      Tilo                  0.124   system_2_part_2_final_i/axi_interconnect_1_M_RDATA[17]
                                                       system_2_part_2_final_i/axi_interconnect_1/axi_interconnect_1/crossbar_samd/gen_sasd.crossbar_sasd_0/gen_crossbar.splitter_ar/out1
    SLICE_X33Y103.A6     net (fanout=2)        0.679   system_2_part_2_final_i/axi_interconnect_1/axi_interconnect_1/crossbar_samd/gen_sasd.crossbar_sasd_0/aa_arready
    SLICE_X33Y103.CLK    Tas                   0.095   system_2_part_2_final_i/axi_interconnect_1/axi_interconnect_1/crossbar_samd/gen_sasd.crossbar_sasd_0/gen_crossbar.gen_decerr.decerr_slave_inst/s_axi_rlast_i
                                                       system_2_part_2_final_i/axi_interconnect_1/axi_interconnect_1/crossbar_samd/gen_sasd.crossbar_sasd_0/gen_crossbar.addr_arbiter_inst/m_valid_i_glue_set
                                                       system_2_part_2_final_i/axi_interconnect_1/axi_interconnect_1/crossbar_samd/gen_sasd.crossbar_sasd_0/gen_crossbar.addr_arbiter_inst/m_valid_i
    -------------------------------------------------  ---------------------------
    Total                                      6.534ns (1.397ns logic, 5.137ns route)
                                                       (21.4% logic, 78.6% route)

--------------------------------------------------------------------------------
Slack:                  13.409ns (requirement - (data path - clock path skew + uncertainty))
  Source:               system_2_part_2_final_i/axi_timer_0/axi_timer_0/AXI4_LITE_I/I_SLAVE_ATTACHMENT/I_DECODER/ce_out_i_1 (FF)
  Destination:          system_2_part_2_final_i/axi_interconnect_1/axi_interconnect_1/crossbar_samd/gen_sasd.crossbar_sasd_0/gen_crossbar.splitter_aw/m_ready_d_2 (FF)
  Requirement:          20.000ns
  Data Path Delay:      6.528ns (Levels of Logic = 6)
  Clock Path Skew:      -0.028ns (1.515 - 1.543)
  Source Clock:         system_2_part_2_final_i/processing_system7_0_FCLK_CLK0 rising at 0.000ns
  Destination Clock:    system_2_part_2_final_i/processing_system7_0_FCLK_CLK0 rising at 20.000ns
  Clock Uncertainty:    0.035ns

  Clock Uncertainty:          0.035ns  ((TSJ^2 + TIJ^2)^1/2 + DJ) / 2 + PE
    Total System Jitter (TSJ):  0.070ns
    Total Input Jitter (TIJ):   0.000ns
    Discrete Jitter (DJ):       0.000ns
    Phase Error (PE):           0.000ns

  Maximum Data Path at Slow Process Corner: system_2_part_2_final_i/axi_timer_0/axi_timer_0/AXI4_LITE_I/I_SLAVE_ATTACHMENT/I_DECODER/ce_out_i_1 to system_2_part_2_final_i/axi_interconnect_1/axi_interconnect_1/crossbar_samd/gen_sasd.crossbar_sasd_0/gen_crossbar.splitter_aw/m_ready_d_2
    Location             Delay type         Delay(ns)  Physical Resource
                                                       Logical Resource(s)
    -------------------------------------------------  -------------------
    SLICE_X27Y94.BQ      Tcko                  0.456   system_2_part_2_final_i/axi_timer_0/axi_timer_0/AXI4_LITE_I/I_SLAVE_ATTACHMENT/I_DECODER/ce_out_i_4
                                                       system_2_part_2_final_i/axi_timer_0/axi_timer_0/AXI4_LITE_I/I_SLAVE_ATTACHMENT/I_DECODER/ce_out_i_1
    SLICE_X30Y95.D2      net (fanout=59)       1.242   system_2_part_2_final_i/axi_timer_0/axi_timer_0/AXI4_LITE_I/I_SLAVE_ATTACHMENT/I_DECODER/ce_out_i_1
    SLICE_X30Y95.D       Tilo                  0.124   system_2_part_2_final_i/axi_timer_0/axi_timer_0/TC_CORE_I/tCSR1_Reg[28]
                                                       system_2_part_2_final_i/axi_timer_0/axi_timer_0/AXI4_LITE_I/I_SLAVE_ATTACHMENT/wr_done1_SW0
    SLICE_X30Y95.B1      net (fanout=1)        0.670   system_2_part_2_final_i/axi_timer_0/N89
    SLICE_X30Y95.B       Tilo                  0.124   system_2_part_2_final_i/axi_timer_0/axi_timer_0/TC_CORE_I/tCSR1_Reg[28]
                                                       system_2_part_2_final_i/axi_timer_0/axi_timer_0/AXI4_LITE_I/I_SLAVE_ATTACHMENT/wr_done1
    SLICE_X35Y103.B1     net (fanout=6)        1.410   system_2_part_2_final_i/axi_interconnect_1_M_AWREADY
    SLICE_X35Y103.B      Tilo                  0.124   system_2_part_2_final_i/axi_interconnect_1_S_BVALID
                                                       system_2_part_2_final_i/axi_interconnect_1/axi_interconnect_1/mi_protocol_conv_bank/gen_protocol_slot[0].gen_prot_conv.conv_inst/gen_axilite.gen_axilite_conv.axilite_conv_inst/_n011611_SW1_F
    SLICE_X34Y103.B2     net (fanout=1)        0.653   system_2_part_2_final_i/axi_interconnect_1/N31
    SLICE_X34Y103.B      Tilo                  0.124   system_2_part_2_final_i/axi_interconnect_1/N15
                                                       system_2_part_2_final_i/axi_interconnect_1/axi_interconnect_1/mi_protocol_conv_bank/gen_protocol_slot[0].gen_prot_conv.conv_inst/gen_axilite.gen_axilite_conv.axilite_conv_inst/_n011611_SW11
    SLICE_X34Y103.D6     net (fanout=2)        0.182   system_2_part_2_final_i/axi_interconnect_1/N15
    SLICE_X34Y103.CMUX   Topdc                 0.539   system_2_part_2_final_i/axi_interconnect_1/N15
                                                       system_2_part_2_final_i/axi_interconnect_1/axi_interconnect_1/crossbar_samd/gen_sasd.crossbar_sasd_0/gen_crossbar.mi_awready_mux_inst/O1_F
                                                       system_2_part_2_final_i/axi_interconnect_1/axi_interconnect_1/crossbar_samd/gen_sasd.crossbar_sasd_0/gen_crossbar.mi_awready_mux_inst/O1
    SLICE_X32Y103.B2     net (fanout=4)        0.837   system_2_part_2_final_i/axi_interconnect_1/axi_interconnect_1/crossbar_samd/gen_sasd.crossbar_sasd_0/mi_awready_mux
    SLICE_X32Y103.CLK    Tas                   0.043   system_2_part_2_final_i/axi_interconnect_1/axi_interconnect_1/crossbar_samd/gen_sasd.crossbar_sasd_0/gen_crossbar.splitter_aw/m_ready_d[0]
                                                       system_2_part_2_final_i/axi_interconnect_1/axi_interconnect_1/crossbar_samd/gen_sasd.crossbar_sasd_0/gen_crossbar.splitter_aw/m_ready_d_2_rstpot
                                                       system_2_part_2_final_i/axi_interconnect_1/axi_interconnect_1/crossbar_samd/gen_sasd.crossbar_sasd_0/gen_crossbar.splitter_aw/m_ready_d_2
    -------------------------------------------------  ---------------------------
    Total                                      6.528ns (1.534ns logic, 4.994ns route)
                                                       (23.5% logic, 76.5% route)

--------------------------------------------------------------------------------
Slack:                  13.413ns (requirement - (data path - clock path skew + uncertainty))
  Source:               system_2_part_2_final_i/axi_timer_0/axi_timer_0/AXI4_LITE_I/I_SLAVE_ATTACHMENT/I_DECODER/ce_out_i_1 (FF)
  Destination:          system_2_part_2_final_i/axi_interconnect_1/axi_interconnect_1/crossbar_samd/gen_sasd.crossbar_sasd_0/gen_crossbar.splitter_aw/m_ready_d_2 (FF)
  Requirement:          20.000ns
  Data Path Delay:      6.524ns (Levels of Logic = 6)
  Clock Path Skew:      -0.028ns (1.515 - 1.543)
  Source Clock:         system_2_part_2_final_i/processing_system7_0_FCLK_CLK0 rising at 0.000ns
  Destination Clock:    system_2_part_2_final_i/processing_system7_0_FCLK_CLK0 rising at 20.000ns
  Clock Uncertainty:    0.035ns

  Clock Uncertainty:          0.035ns  ((TSJ^2 + TIJ^2)^1/2 + DJ) / 2 + PE
    Total System Jitter (TSJ):  0.070ns
    Total Input Jitter (TIJ):   0.000ns
    Discrete Jitter (DJ):       0.000ns
    Phase Error (PE):           0.000ns

  Maximum Data Path at Slow Process Corner: system_2_part_2_final_i/axi_timer_0/axi_timer_0/AXI4_LITE_I/I_SLAVE_ATTACHMENT/I_DECODER/ce_out_i_1 to system_2_part_2_final_i/axi_interconnect_1/axi_interconnect_1/crossbar_samd/gen_sasd.crossbar_sasd_0/gen_crossbar.splitter_aw/m_ready_d_2
    Location             Delay type         Delay(ns)  Physical Resource
                                                       Logical Resource(s)
    -------------------------------------------------  -------------------
    SLICE_X27Y94.BQ      Tcko                  0.456   system_2_part_2_final_i/axi_timer_0/axi_timer_0/AXI4_LITE_I/I_SLAVE_ATTACHMENT/I_DECODER/ce_out_i_4
                                                       system_2_part_2_final_i/axi_timer_0/axi_timer_0/AXI4_LITE_I/I_SLAVE_ATTACHMENT/I_DECODER/ce_out_i_1
    SLICE_X30Y95.D2      net (fanout=59)       1.242   system_2_part_2_final_i/axi_timer_0/axi_timer_0/AXI4_LITE_I/I_SLAVE_ATTACHMENT/I_DECODER/ce_out_i_1
    SLICE_X30Y95.D       Tilo                  0.124   system_2_part_2_final_i/axi_timer_0/axi_timer_0/TC_CORE_I/tCSR1_Reg[28]
                                                       system_2_part_2_final_i/axi_timer_0/axi_timer_0/AXI4_LITE_I/I_SLAVE_ATTACHMENT/wr_done1_SW0
    SLICE_X30Y95.B1      net (fanout=1)        0.670   system_2_part_2_final_i/axi_timer_0/N89
    SLICE_X30Y95.B       Tilo                  0.124   system_2_part_2_final_i/axi_timer_0/axi_timer_0/TC_CORE_I/tCSR1_Reg[28]
                                                       system_2_part_2_final_i/axi_timer_0/axi_timer_0/AXI4_LITE_I/I_SLAVE_ATTACHMENT/wr_done1
    SLICE_X35Y103.B1     net (fanout=6)        1.410   system_2_part_2_final_i/axi_interconnect_1_M_AWREADY
    SLICE_X35Y103.B      Tilo                  0.124   system_2_part_2_final_i/axi_interconnect_1_S_BVALID
                                                       system_2_part_2_final_i/axi_interconnect_1/axi_interconnect_1/mi_protocol_conv_bank/gen_protocol_slot[0].gen_prot_conv.conv_inst/gen_axilite.gen_axilite_conv.axilite_conv_inst/_n011611_SW1_F
    SLICE_X34Y103.B2     net (fanout=1)        0.653   system_2_part_2_final_i/axi_interconnect_1/N31
    SLICE_X34Y103.B      Tilo                  0.124   system_2_part_2_final_i/axi_interconnect_1/N15
                                                       system_2_part_2_final_i/axi_interconnect_1/axi_interconnect_1/mi_protocol_conv_bank/gen_protocol_slot[0].gen_prot_conv.conv_inst/gen_axilite.gen_axilite_conv.axilite_conv_inst/_n011611_SW11
    SLICE_X34Y103.C6     net (fanout=2)        0.172   system_2_part_2_final_i/axi_interconnect_1/N15
    SLICE_X34Y103.CMUX   Tilo                  0.545   system_2_part_2_final_i/axi_interconnect_1/N15
                                                       system_2_part_2_final_i/axi_interconnect_1/axi_interconnect_1/crossbar_samd/gen_sasd.crossbar_sasd_0/gen_crossbar.mi_awready_mux_inst/O1_G
                                                       system_2_part_2_final_i/axi_interconnect_1/axi_interconnect_1/crossbar_samd/gen_sasd.crossbar_sasd_0/gen_crossbar.mi_awready_mux_inst/O1
    SLICE_X32Y103.B2     net (fanout=4)        0.837   system_2_part_2_final_i/axi_interconnect_1/axi_interconnect_1/crossbar_samd/gen_sasd.crossbar_sasd_0/mi_awready_mux
    SLICE_X32Y103.CLK    Tas                   0.043   system_2_part_2_final_i/axi_interconnect_1/axi_interconnect_1/crossbar_samd/gen_sasd.crossbar_sasd_0/gen_crossbar.splitter_aw/m_ready_d[0]
                                                       system_2_part_2_final_i/axi_interconnect_1/axi_interconnect_1/crossbar_samd/gen_sasd.crossbar_sasd_0/gen_crossbar.splitter_aw/m_ready_d_2_rstpot
                                                       system_2_part_2_final_i/axi_interconnect_1/axi_interconnect_1/crossbar_samd/gen_sasd.crossbar_sasd_0/gen_crossbar.splitter_aw/m_ready_d_2
    -------------------------------------------------  ---------------------------
    Total                                      6.524ns (1.540ns logic, 4.984ns route)
                                                       (23.6% logic, 76.4% route)

--------------------------------------------------------------------------------

Component Switching Limit Checks: TS_clk_fpga_0 = PERIOD TIMEGRP "clk_fpga_0" 50 MHz HIGH 50%;
--------------------------------------------------------------------------------
Slack: 19.000ns (period - (min low pulse limit / (low pulse / period)))
  Period: 20.000ns
  Low pulse: 10.000ns
  Low pulse limit: 0.500ns (Tcl)
  Physical resource: system_2_part_2_final_i/axi_timer_0/axi_timer_0/TC_CORE_I/counterReg_DBus[61]/CLK
  Logical resource: system_2_part_2_final_i/axi_timer_0/axi_timer_0/TC_CORE_I/GEN_SECOND_TIMER.COUNTER_1_I/COUNTER_I/STRUCTURAL_A_GEN.I_ADDSUB_GEN[0].FDRE_I/CK
  Location pin: SLICE_X28Y96.CLK
  Clock network: system_2_part_2_final_i/processing_system7_0_FCLK_CLK0
--------------------------------------------------------------------------------
Slack: 19.000ns (period - (min high pulse limit / (high pulse / period)))
  Period: 20.000ns
  High pulse: 10.000ns
  High pulse limit: 0.500ns (Tch)
  Physical resource: system_2_part_2_final_i/axi_timer_0/axi_timer_0/TC_CORE_I/counterReg_DBus[61]/CLK
  Logical resource: system_2_part_2_final_i/axi_timer_0/axi_timer_0/TC_CORE_I/GEN_SECOND_TIMER.COUNTER_1_I/COUNTER_I/STRUCTURAL_A_GEN.I_ADDSUB_GEN[0].FDRE_I/CK
  Location pin: SLICE_X28Y96.CLK
  Clock network: system_2_part_2_final_i/processing_system7_0_FCLK_CLK0
--------------------------------------------------------------------------------
Slack: 19.000ns (period - min period limit)
  Period: 20.000ns
  Min period limit: 1.000ns (1000.000MHz) (Tcp)
  Physical resource: system_2_part_2_final_i/axi_timer_0/axi_timer_0/TC_CORE_I/counterReg_DBus[61]/CLK
  Logical resource: system_2_part_2_final_i/axi_timer_0/axi_timer_0/TC_CORE_I/GEN_SECOND_TIMER.COUNTER_1_I/COUNTER_I/STRUCTURAL_A_GEN.I_ADDSUB_GEN[0].FDRE_I/CK
  Location pin: SLICE_X28Y96.CLK
  Clock network: system_2_part_2_final_i/processing_system7_0_FCLK_CLK0
--------------------------------------------------------------------------------
Slack: 19.000ns (period - (min low pulse limit / (low pulse / period)))
  Period: 20.000ns
  Low pulse: 10.000ns
  Low pulse limit: 0.500ns (Tcl)
  Physical resource: system_2_part_2_final_i/axi_timer_0/axi_timer_0/TC_CORE_I/counterReg_DBus[61]/CLK
  Logical resource: system_2_part_2_final_i/axi_timer_0/axi_timer_0/TC_CORE_I/GEN_SECOND_TIMER.COUNTER_1_I/COUNTER_I/STRUCTURAL_A_GEN.I_ADDSUB_GEN[1].FDRE_I/CK
  Location pin: SLICE_X28Y96.CLK
  Clock network: system_2_part_2_final_i/processing_system7_0_FCLK_CLK0
--------------------------------------------------------------------------------
Slack: 19.000ns (period - (min high pulse limit / (high pulse / period)))
  Period: 20.000ns
  High pulse: 10.000ns
  High pulse limit: 0.500ns (Tch)
  Physical resource: system_2_part_2_final_i/axi_timer_0/axi_timer_0/TC_CORE_I/counterReg_DBus[61]/CLK
  Logical resource: system_2_part_2_final_i/axi_timer_0/axi_timer_0/TC_CORE_I/GEN_SECOND_TIMER.COUNTER_1_I/COUNTER_I/STRUCTURAL_A_GEN.I_ADDSUB_GEN[1].FDRE_I/CK
  Location pin: SLICE_X28Y96.CLK
  Clock network: system_2_part_2_final_i/processing_system7_0_FCLK_CLK0
--------------------------------------------------------------------------------
Slack: 19.000ns (period - min period limit)
  Period: 20.000ns
  Min period limit: 1.000ns (1000.000MHz) (Tcp)
  Physical resource: system_2_part_2_final_i/axi_timer_0/axi_timer_0/TC_CORE_I/counterReg_DBus[61]/CLK
  Logical resource: system_2_part_2_final_i/axi_timer_0/axi_timer_0/TC_CORE_I/GEN_SECOND_TIMER.COUNTER_1_I/COUNTER_I/STRUCTURAL_A_GEN.I_ADDSUB_GEN[1].FDRE_I/CK
  Location pin: SLICE_X28Y96.CLK
  Clock network: system_2_part_2_final_i/processing_system7_0_FCLK_CLK0
--------------------------------------------------------------------------------
Slack: 19.000ns (period - (min low pulse limit / (low pulse / period)))
  Period: 20.000ns
  Low pulse: 10.000ns
  Low pulse limit: 0.500ns (Tcl)
  Physical resource: system_2_part_2_final_i/axi_timer_0/axi_timer_0/TC_CORE_I/counterReg_DBus[61]/CLK
  Logical resource: system_2_part_2_final_i/axi_timer_0/axi_timer_0/TC_CORE_I/GEN_SECOND_TIMER.COUNTER_1_I/COUNTER_I/STRUCTURAL_A_GEN.I_ADDSUB_GEN[2].FDRE_I/CK
  Location pin: SLICE_X28Y96.CLK
  Clock network: system_2_part_2_final_i/processing_system7_0_FCLK_CLK0
--------------------------------------------------------------------------------
Slack: 19.000ns (period - (min high pulse limit / (high pulse / period)))
  Period: 20.000ns
  High pulse: 10.000ns
  High pulse limit: 0.500ns (Tch)
  Physical resource: system_2_part_2_final_i/axi_timer_0/axi_timer_0/TC_CORE_I/counterReg_DBus[61]/CLK
  Logical resource: system_2_part_2_final_i/axi_timer_0/axi_timer_0/TC_CORE_I/GEN_SECOND_TIMER.COUNTER_1_I/COUNTER_I/STRUCTURAL_A_GEN.I_ADDSUB_GEN[2].FDRE_I/CK
  Location pin: SLICE_X28Y96.CLK
  Clock network: system_2_part_2_final_i/processing_system7_0_FCLK_CLK0
--------------------------------------------------------------------------------
Slack: 19.000ns (period - min period limit)
  Period: 20.000ns
  Min period limit: 1.000ns (1000.000MHz) (Tcp)
  Physical resource: system_2_part_2_final_i/axi_timer_0/axi_timer_0/TC_CORE_I/counterReg_DBus[61]/CLK
  Logical resource: system_2_part_2_final_i/axi_timer_0/axi_timer_0/TC_CORE_I/GEN_SECOND_TIMER.COUNTER_1_I/COUNTER_I/STRUCTURAL_A_GEN.I_ADDSUB_GEN[2].FDRE_I/CK
  Location pin: SLICE_X28Y96.CLK
  Clock network: system_2_part_2_final_i/processing_system7_0_FCLK_CLK0
--------------------------------------------------------------------------------
Slack: 19.000ns (period - (min low pulse limit / (low pulse / period)))
  Period: 20.000ns
  Low pulse: 10.000ns
  Low pulse limit: 0.500ns (Tcl)
  Physical resource: system_2_part_2_final_i/axi_timer_0/axi_timer_0/TC_CORE_I/counterReg_DBus[57]/CLK
  Logical resource: system_2_part_2_final_i/axi_timer_0/axi_timer_0/TC_CORE_I/GEN_SECOND_TIMER.COUNTER_1_I/COUNTER_I/STRUCTURAL_A_GEN.I_ADDSUB_GEN[3].FDRE_I/CK
  Location pin: SLICE_X28Y97.CLK
  Clock network: system_2_part_2_final_i/processing_system7_0_FCLK_CLK0
--------------------------------------------------------------------------------
Slack: 19.000ns (period - (min high pulse limit / (high pulse / period)))
  Period: 20.000ns
  High pulse: 10.000ns
  High pulse limit: 0.500ns (Tch)
  Physical resource: system_2_part_2_final_i/axi_timer_0/axi_timer_0/TC_CORE_I/counterReg_DBus[57]/CLK
  Logical resource: system_2_part_2_final_i/axi_timer_0/axi_timer_0/TC_CORE_I/GEN_SECOND_TIMER.COUNTER_1_I/COUNTER_I/STRUCTURAL_A_GEN.I_ADDSUB_GEN[3].FDRE_I/CK
  Location pin: SLICE_X28Y97.CLK
  Clock network: system_2_part_2_final_i/processing_system7_0_FCLK_CLK0
--------------------------------------------------------------------------------
Slack: 19.000ns (period - min period limit)
  Period: 20.000ns
  Min period limit: 1.000ns (1000.000MHz) (Tcp)
  Physical resource: system_2_part_2_final_i/axi_timer_0/axi_timer_0/TC_CORE_I/counterReg_DBus[57]/CLK
  Logical resource: system_2_part_2_final_i/axi_timer_0/axi_timer_0/TC_CORE_I/GEN_SECOND_TIMER.COUNTER_1_I/COUNTER_I/STRUCTURAL_A_GEN.I_ADDSUB_GEN[3].FDRE_I/CK
  Location pin: SLICE_X28Y97.CLK
  Clock network: system_2_part_2_final_i/processing_system7_0_FCLK_CLK0
--------------------------------------------------------------------------------
Slack: 19.000ns (period - (min low pulse limit / (low pulse / period)))
  Period: 20.000ns
  Low pulse: 10.000ns
  Low pulse limit: 0.500ns (Tcl)
  Physical resource: system_2_part_2_final_i/axi_timer_0/axi_timer_0/TC_CORE_I/counterReg_DBus[57]/CLK
  Logical resource: system_2_part_2_final_i/axi_timer_0/axi_timer_0/TC_CORE_I/GEN_SECOND_TIMER.COUNTER_1_I/COUNTER_I/STRUCTURAL_A_GEN.I_ADDSUB_GEN[4].FDRE_I/CK
  Location pin: SLICE_X28Y97.CLK
  Clock network: system_2_part_2_final_i/processing_system7_0_FCLK_CLK0
--------------------------------------------------------------------------------
Slack: 19.000ns (period - (min high pulse limit / (high pulse / period)))
  Period: 20.000ns
  High pulse: 10.000ns
  High pulse limit: 0.500ns (Tch)
  Physical resource: system_2_part_2_final_i/axi_timer_0/axi_timer_0/TC_CORE_I/counterReg_DBus[57]/CLK
  Logical resource: system_2_part_2_final_i/axi_timer_0/axi_timer_0/TC_CORE_I/GEN_SECOND_TIMER.COUNTER_1_I/COUNTER_I/STRUCTURAL_A_GEN.I_ADDSUB_GEN[4].FDRE_I/CK
  Location pin: SLICE_X28Y97.CLK
  Clock network: system_2_part_2_final_i/processing_system7_0_FCLK_CLK0
--------------------------------------------------------------------------------
Slack: 19.000ns (period - min period limit)
  Period: 20.000ns
  Min period limit: 1.000ns (1000.000MHz) (Tcp)
  Physical resource: system_2_part_2_final_i/axi_timer_0/axi_timer_0/TC_CORE_I/counterReg_DBus[57]/CLK
  Logical resource: system_2_part_2_final_i/axi_timer_0/axi_timer_0/TC_CORE_I/GEN_SECOND_TIMER.COUNTER_1_I/COUNTER_I/STRUCTURAL_A_GEN.I_ADDSUB_GEN[4].FDRE_I/CK
  Location pin: SLICE_X28Y97.CLK
  Clock network: system_2_part_2_final_i/processing_system7_0_FCLK_CLK0
--------------------------------------------------------------------------------
Slack: 19.000ns (period - (min low pulse limit / (low pulse / period)))
  Period: 20.000ns
  Low pulse: 10.000ns
  Low pulse limit: 0.500ns (Tcl)
  Physical resource: system_2_part_2_final_i/axi_timer_0/axi_timer_0/TC_CORE_I/counterReg_DBus[57]/CLK
  Logical resource: system_2_part_2_final_i/axi_timer_0/axi_timer_0/TC_CORE_I/GEN_SECOND_TIMER.COUNTER_1_I/COUNTER_I/STRUCTURAL_A_GEN.I_ADDSUB_GEN[5].FDRE_I/CK
  Location pin: SLICE_X28Y97.CLK
  Clock network: system_2_part_2_final_i/processing_system7_0_FCLK_CLK0
--------------------------------------------------------------------------------
Slack: 19.000ns (period - (min high pulse limit / (high pulse / period)))
  Period: 20.000ns
  High pulse: 10.000ns
  High pulse limit: 0.500ns (Tch)
  Physical resource: system_2_part_2_final_i/axi_timer_0/axi_timer_0/TC_CORE_I/counterReg_DBus[57]/CLK
  Logical resource: system_2_part_2_final_i/axi_timer_0/axi_timer_0/TC_CORE_I/GEN_SECOND_TIMER.COUNTER_1_I/COUNTER_I/STRUCTURAL_A_GEN.I_ADDSUB_GEN[5].FDRE_I/CK
  Location pin: SLICE_X28Y97.CLK
  Clock network: system_2_part_2_final_i/processing_system7_0_FCLK_CLK0
--------------------------------------------------------------------------------
Slack: 19.000ns (period - min period limit)
  Period: 20.000ns
  Min period limit: 1.000ns (1000.000MHz) (Tcp)
  Physical resource: system_2_part_2_final_i/axi_timer_0/axi_timer_0/TC_CORE_I/counterReg_DBus[57]/CLK
  Logical resource: system_2_part_2_final_i/axi_timer_0/axi_timer_0/TC_CORE_I/GEN_SECOND_TIMER.COUNTER_1_I/COUNTER_I/STRUCTURAL_A_GEN.I_ADDSUB_GEN[5].FDRE_I/CK
  Location pin: SLICE_X28Y97.CLK
  Clock network: system_2_part_2_final_i/processing_system7_0_FCLK_CLK0
--------------------------------------------------------------------------------
Slack: 19.000ns (period - (min low pulse limit / (low pulse / period)))
  Period: 20.000ns
  Low pulse: 10.000ns
  Low pulse limit: 0.500ns (Tcl)
  Physical resource: system_2_part_2_final_i/axi_timer_0/axi_timer_0/TC_CORE_I/counterReg_DBus[57]/CLK
  Logical resource: system_2_part_2_final_i/axi_timer_0/axi_timer_0/TC_CORE_I/GEN_SECOND_TIMER.COUNTER_1_I/COUNTER_I/STRUCTURAL_A_GEN.I_ADDSUB_GEN[6].FDRE_I/CK
  Location pin: SLICE_X28Y97.CLK
  Clock network: system_2_part_2_final_i/processing_system7_0_FCLK_CLK0
--------------------------------------------------------------------------------
Slack: 19.000ns (period - (min high pulse limit / (high pulse / period)))
  Period: 20.000ns
  High pulse: 10.000ns
  High pulse limit: 0.500ns (Tch)
  Physical resource: system_2_part_2_final_i/axi_timer_0/axi_timer_0/TC_CORE_I/counterReg_DBus[57]/CLK
  Logical resource: system_2_part_2_final_i/axi_timer_0/axi_timer_0/TC_CORE_I/GEN_SECOND_TIMER.COUNTER_1_I/COUNTER_I/STRUCTURAL_A_GEN.I_ADDSUB_GEN[6].FDRE_I/CK
  Location pin: SLICE_X28Y97.CLK
  Clock network: system_2_part_2_final_i/processing_system7_0_FCLK_CLK0
--------------------------------------------------------------------------------
Slack: 19.000ns (period - min period limit)
  Period: 20.000ns
  Min period limit: 1.000ns (1000.000MHz) (Tcp)
  Physical resource: system_2_part_2_final_i/axi_timer_0/axi_timer_0/TC_CORE_I/counterReg_DBus[57]/CLK
  Logical resource: system_2_part_2_final_i/axi_timer_0/axi_timer_0/TC_CORE_I/GEN_SECOND_TIMER.COUNTER_1_I/COUNTER_I/STRUCTURAL_A_GEN.I_ADDSUB_GEN[6].FDRE_I/CK
  Location pin: SLICE_X28Y97.CLK
  Clock network: system_2_part_2_final_i/processing_system7_0_FCLK_CLK0
--------------------------------------------------------------------------------
Slack: 19.000ns (period - (min low pulse limit / (low pulse / period)))
  Period: 20.000ns
  Low pulse: 10.000ns
  Low pulse limit: 0.500ns (Tcl)
  Physical resource: system_2_part_2_final_i/axi_timer_0/axi_timer_0/TC_CORE_I/counterReg_DBus[53]/CLK
  Logical resource: system_2_part_2_final_i/axi_timer_0/axi_timer_0/TC_CORE_I/GEN_SECOND_TIMER.COUNTER_1_I/COUNTER_I/STRUCTURAL_A_GEN.I_ADDSUB_GEN[7].FDRE_I/CK
  Location pin: SLICE_X28Y98.CLK
  Clock network: system_2_part_2_final_i/processing_system7_0_FCLK_CLK0
--------------------------------------------------------------------------------
Slack: 19.000ns (period - (min high pulse limit / (high pulse / period)))
  Period: 20.000ns
  High pulse: 10.000ns
  High pulse limit: 0.500ns (Tch)
  Physical resource: system_2_part_2_final_i/axi_timer_0/axi_timer_0/TC_CORE_I/counterReg_DBus[53]/CLK
  Logical resource: system_2_part_2_final_i/axi_timer_0/axi_timer_0/TC_CORE_I/GEN_SECOND_TIMER.COUNTER_1_I/COUNTER_I/STRUCTURAL_A_GEN.I_ADDSUB_GEN[7].FDRE_I/CK
  Location pin: SLICE_X28Y98.CLK
  Clock network: system_2_part_2_final_i/processing_system7_0_FCLK_CLK0
--------------------------------------------------------------------------------
Slack: 19.000ns (period - min period limit)
  Period: 20.000ns
  Min period limit: 1.000ns (1000.000MHz) (Tcp)
  Physical resource: system_2_part_2_final_i/axi_timer_0/axi_timer_0/TC_CORE_I/counterReg_DBus[53]/CLK
  Logical resource: system_2_part_2_final_i/axi_timer_0/axi_timer_0/TC_CORE_I/GEN_SECOND_TIMER.COUNTER_1_I/COUNTER_I/STRUCTURAL_A_GEN.I_ADDSUB_GEN[7].FDRE_I/CK
  Location pin: SLICE_X28Y98.CLK
  Clock network: system_2_part_2_final_i/processing_system7_0_FCLK_CLK0
--------------------------------------------------------------------------------
Slack: 19.000ns (period - (min low pulse limit / (low pulse / period)))
  Period: 20.000ns
  Low pulse: 10.000ns
  Low pulse limit: 0.500ns (Tcl)
  Physical resource: system_2_part_2_final_i/axi_timer_0/axi_timer_0/TC_CORE_I/counterReg_DBus[53]/CLK
  Logical resource: system_2_part_2_final_i/axi_timer_0/axi_timer_0/TC_CORE_I/GEN_SECOND_TIMER.COUNTER_1_I/COUNTER_I/STRUCTURAL_A_GEN.I_ADDSUB_GEN[8].FDRE_I/CK
  Location pin: SLICE_X28Y98.CLK
  Clock network: system_2_part_2_final_i/processing_system7_0_FCLK_CLK0
--------------------------------------------------------------------------------
Slack: 19.000ns (period - (min high pulse limit / (high pulse / period)))
  Period: 20.000ns
  High pulse: 10.000ns
  High pulse limit: 0.500ns (Tch)
  Physical resource: system_2_part_2_final_i/axi_timer_0/axi_timer_0/TC_CORE_I/counterReg_DBus[53]/CLK
  Logical resource: system_2_part_2_final_i/axi_timer_0/axi_timer_0/TC_CORE_I/GEN_SECOND_TIMER.COUNTER_1_I/COUNTER_I/STRUCTURAL_A_GEN.I_ADDSUB_GEN[8].FDRE_I/CK
  Location pin: SLICE_X28Y98.CLK
  Clock network: system_2_part_2_final_i/processing_system7_0_FCLK_CLK0
--------------------------------------------------------------------------------
Slack: 19.000ns (period - min period limit)
  Period: 20.000ns
  Min period limit: 1.000ns (1000.000MHz) (Tcp)
  Physical resource: system_2_part_2_final_i/axi_timer_0/axi_timer_0/TC_CORE_I/counterReg_DBus[53]/CLK
  Logical resource: system_2_part_2_final_i/axi_timer_0/axi_timer_0/TC_CORE_I/GEN_SECOND_TIMER.COUNTER_1_I/COUNTER_I/STRUCTURAL_A_GEN.I_ADDSUB_GEN[8].FDRE_I/CK
  Location pin: SLICE_X28Y98.CLK
  Clock network: system_2_part_2_final_i/processing_system7_0_FCLK_CLK0
--------------------------------------------------------------------------------
Slack: 19.000ns (period - (min low pulse limit / (low pulse / period)))
  Period: 20.000ns
  Low pulse: 10.000ns
  Low pulse limit: 0.500ns (Tcl)
  Physical resource: system_2_part_2_final_i/axi_timer_0/axi_timer_0/TC_CORE_I/counterReg_DBus[53]/CLK
  Logical resource: system_2_part_2_final_i/axi_timer_0/axi_timer_0/TC_CORE_I/GEN_SECOND_TIMER.COUNTER_1_I/COUNTER_I/STRUCTURAL_A_GEN.I_ADDSUB_GEN[9].FDRE_I/CK
  Location pin: SLICE_X28Y98.CLK
  Clock network: system_2_part_2_final_i/processing_system7_0_FCLK_CLK0
--------------------------------------------------------------------------------
Slack: 19.000ns (period - (min high pulse limit / (high pulse / period)))
  Period: 20.000ns
  High pulse: 10.000ns
  High pulse limit: 0.500ns (Tch)
  Physical resource: system_2_part_2_final_i/axi_timer_0/axi_timer_0/TC_CORE_I/counterReg_DBus[53]/CLK
  Logical resource: system_2_part_2_final_i/axi_timer_0/axi_timer_0/TC_CORE_I/GEN_SECOND_TIMER.COUNTER_1_I/COUNTER_I/STRUCTURAL_A_GEN.I_ADDSUB_GEN[9].FDRE_I/CK
  Location pin: SLICE_X28Y98.CLK
  Clock network: system_2_part_2_final_i/processing_system7_0_FCLK_CLK0
--------------------------------------------------------------------------------
Slack: 19.000ns (period - min period limit)
  Period: 20.000ns
  Min period limit: 1.000ns (1000.000MHz) (Tcp)
  Physical resource: system_2_part_2_final_i/axi_timer_0/axi_timer_0/TC_CORE_I/counterReg_DBus[53]/CLK
  Logical resource: system_2_part_2_final_i/axi_timer_0/axi_timer_0/TC_CORE_I/GEN_SECOND_TIMER.COUNTER_1_I/COUNTER_I/STRUCTURAL_A_GEN.I_ADDSUB_GEN[9].FDRE_I/CK
  Location pin: SLICE_X28Y98.CLK
  Clock network: system_2_part_2_final_i/processing_system7_0_FCLK_CLK0
--------------------------------------------------------------------------------

================================================================================
Timing constraint: PATH "TS_axi_interconnect_1_reset_resync_path" TIG;

 2 paths analyzed, 2 endpoints analyzed, 0 failing endpoints
 0 timing errors detected. (0 setup errors, 0 hold errors)
--------------------------------------------------------------------------------
Delay:                  1.227ns (data path - clock path skew + uncertainty)
  Source:               system_2_part_2_final_i/axi_interconnect_1/axi_interconnect_1/si_converter_bank/gen_conv_slot[0].clock_conv_inst/interconnect_aresetn_resync_1 (FF)
  Destination:          system_2_part_2_final_i/axi_interconnect_1/axi_interconnect_1/si_converter_bank/gen_conv_slot[0].clock_conv_inst/interconnect_aresetn_resync_2 (FF)
  Data Path Delay:      1.192ns (Levels of Logic = 0)
  Clock Path Skew:      0.000ns
  Source Clock:         system_2_part_2_final_i/processing_system7_0_FCLK_CLK0 rising at 0.000ns
  Destination Clock:    system_2_part_2_final_i/processing_system7_0_FCLK_CLK0 rising at 20.000ns
  Clock Uncertainty:    0.035ns

  Clock Uncertainty:          0.035ns  ((TSJ^2 + TIJ^2)^1/2 + DJ) / 2 + PE
    Total System Jitter (TSJ):  0.070ns
    Total Input Jitter (TIJ):   0.000ns
    Discrete Jitter (DJ):       0.000ns
    Phase Error (PE):           0.000ns

  Maximum Data Path at Slow Process Corner: system_2_part_2_final_i/axi_interconnect_1/axi_interconnect_1/si_converter_bank/gen_conv_slot[0].clock_conv_inst/interconnect_aresetn_resync_1 to system_2_part_2_final_i/axi_interconnect_1/axi_interconnect_1/si_converter_bank/gen_conv_slot[0].clock_conv_inst/interconnect_aresetn_resync_2
    Location             Delay type         Delay(ns)  Physical Resource
                                                       Logical Resource(s)
    -------------------------------------------------  -------------------
    SLICE_X34Y99.BQ      Tcko                  0.518   system_2_part_2_final_i/axi_interconnect_1/axi_interconnect_1/si_converter_bank/gen_conv_slot[0].clock_conv_inst/interconnect_aresetn_resync[2]
                                                       system_2_part_2_final_i/axi_interconnect_1/axi_interconnect_1/si_converter_bank/gen_conv_slot[0].clock_conv_inst/interconnect_aresetn_resync_1
    SLICE_X34Y99.CX      net (fanout=1)        0.646   system_2_part_2_final_i/axi_interconnect_1/axi_interconnect_1/si_converter_bank/gen_conv_slot[0].clock_conv_inst/interconnect_aresetn_resync[1]
    SLICE_X34Y99.CLK     Tdick                 0.028   system_2_part_2_final_i/axi_interconnect_1/axi_interconnect_1/si_converter_bank/gen_conv_slot[0].clock_conv_inst/interconnect_aresetn_resync[2]
                                                       system_2_part_2_final_i/axi_interconnect_1/axi_interconnect_1/si_converter_bank/gen_conv_slot[0].clock_conv_inst/interconnect_aresetn_resync_2
    -------------------------------------------------  ---------------------------
    Total                                      1.192ns (0.546ns logic, 0.646ns route)
                                                       (45.8% logic, 54.2% route)

--------------------------------------------------------------------------------
Delay:                  1.166ns (data path - clock path skew + uncertainty)
  Source:               system_2_part_2_final_i/axi_interconnect_1/axi_interconnect_1/si_converter_bank/gen_conv_slot[0].clock_conv_inst/interconnect_aresetn_resync_0 (FF)
  Destination:          system_2_part_2_final_i/axi_interconnect_1/axi_interconnect_1/si_converter_bank/gen_conv_slot[0].clock_conv_inst/interconnect_aresetn_resync_1 (FF)
  Data Path Delay:      1.131ns (Levels of Logic = 0)
  Clock Path Skew:      0.000ns
  Source Clock:         system_2_part_2_final_i/processing_system7_0_FCLK_CLK0 rising at 0.000ns
  Destination Clock:    system_2_part_2_final_i/processing_system7_0_FCLK_CLK0 rising at 20.000ns
  Clock Uncertainty:    0.035ns

  Clock Uncertainty:          0.035ns  ((TSJ^2 + TIJ^2)^1/2 + DJ) / 2 + PE
    Total System Jitter (TSJ):  0.070ns
    Total Input Jitter (TIJ):   0.000ns
    Discrete Jitter (DJ):       0.000ns
    Phase Error (PE):           0.000ns

  Maximum Data Path at Slow Process Corner: system_2_part_2_final_i/axi_interconnect_1/axi_interconnect_1/si_converter_bank/gen_conv_slot[0].clock_conv_inst/interconnect_aresetn_resync_0 to system_2_part_2_final_i/axi_interconnect_1/axi_interconnect_1/si_converter_bank/gen_conv_slot[0].clock_conv_inst/interconnect_aresetn_resync_1
    Location             Delay type         Delay(ns)  Physical Resource
                                                       Logical Resource(s)
    -------------------------------------------------  -------------------
    SLICE_X34Y99.AQ      Tcko                  0.518   system_2_part_2_final_i/axi_interconnect_1/axi_interconnect_1/si_converter_bank/gen_conv_slot[0].clock_conv_inst/interconnect_aresetn_resync[2]
                                                       system_2_part_2_final_i/axi_interconnect_1/axi_interconnect_1/si_converter_bank/gen_conv_slot[0].clock_conv_inst/interconnect_aresetn_resync_0
    SLICE_X34Y99.BX      net (fanout=1)        0.568   system_2_part_2_final_i/axi_interconnect_1/axi_interconnect_1/si_converter_bank/gen_conv_slot[0].clock_conv_inst/interconnect_aresetn_resync[0]
    SLICE_X34Y99.CLK     Tdick                 0.045   system_2_part_2_final_i/axi_interconnect_1/axi_interconnect_1/si_converter_bank/gen_conv_slot[0].clock_conv_inst/interconnect_aresetn_resync[2]
                                                       system_2_part_2_final_i/axi_interconnect_1/axi_interconnect_1/si_converter_bank/gen_conv_slot[0].clock_conv_inst/interconnect_aresetn_resync_1
    -------------------------------------------------  ---------------------------
    Total                                      1.131ns (0.563ns logic, 0.568ns route)
                                                       (49.8% logic, 50.2% route)

--------------------------------------------------------------------------------


All constraints were met.


Data Sheet report:
-----------------
No constraints were found to generate data for the Data Sheet Report section.
Use the Advanced Analysis (-a) option or generate global constraints for each
clock, its pad to setup and clock to pad paths, and a pad to pad constraint.

Timing summary:
---------------

Timing errors: 0  Score: 0  (Setup/Max: 0, Hold: 0)

Constraints cover 23160 paths, 0 nets, and 2458 connections

Design statistics:
   Minimum period:   7.388ns{1}   (Maximum frequency: 135.355MHz)


------------------------------------Footnotes-----------------------------------
1)  The minimum period statistic assumes all single cycle delays.

Analysis completed Thu Mar 12 17:07:00 2026 
--------------------------------------------------------------------------------

Trace Settings:
-------------------------
Trace Settings 

Peak Memory Usage: 778 MB



