--------------------------------------------------------------------------------
Release 14.7 Trace  (lin64)
Copyright (c) 1995-2013 Xilinx, Inc.  All rights reserved.

/nfs/sw_cmc/x86_64.EL7/tools/xilinx_14.7/14.7/ISE_DS/ISE/bin/lin64/unwrapped/trce
-intstyle ise -o system_2_stub.twr -v 30 -l 30 system_2_stub_routed.ncd
system_2_stub.pcf

Design file:              system_2_stub_routed.ncd
Physical constraint file: system_2_stub.pcf
Device,package,speed:     xc7z020,clg484,C,-1 (PRODUCTION 1.08 2013-10-13)
Report level:             verbose report, limited to 30 items per constraint

Environment Variable      Effect 
--------------------      ------ 
NONE                      No environment variables were set
--------------------------------------------------------------------------------

INFO:Timing:3386 - Intersecting Constraints found and resolved.  For more 
   information, see the TSI report.  Please consult the Xilinx Command Line 
   Tools User Guide for information on generating a TSI report.
INFO:Timing:3412 - To improve timing, see the Timing Closure User Guide (UG612).
INFO:Timing:2752 - To get complete path coverage, use the unconstrained paths 
   option. All paths that are not constrained will be reported in the 
   unconstrained paths section(s) of the report.
INFO:Timing:3339 - The clock-to-out numbers in this timing report are based on 
   a 50 Ohm transmission line loading model.  For the details of this model, 
   and for more information on accounting for different loading conditions, 
   please see the device datasheet.

================================================================================
Timing constraint: TS_clk_fpga_0 = PERIOD TIMEGRP "clk_fpga_0" 50 MHz HIGH 50%;
For more information, see Period Analysis in the Timing Closure User Guide (UG612).

 22297 paths analyzed, 2586 endpoints analyzed, 0 failing endpoints
 0 timing errors detected. (0 setup errors, 0 hold errors, 0 component switching limit errors)
 Minimum period is   5.474ns.
--------------------------------------------------------------------------------
Slack:                  14.526ns (requirement - (data path - clock path skew + uncertainty))
  Source:               system_2_i/axi_timer_0/axi_timer_0/AXI4_LITE_I/I_SLAVE_ATTACHMENT/I_DECODER/ce_out_i_1 (FF)
  Destination:          system_2_i/axi_interconnect_1/axi_interconnect_1/crossbar_samd/gen_sasd.crossbar_sasd_0/gen_crossbar.addr_arbiter_inst/m_grant_hot_i_0 (FF)
  Requirement:          20.000ns
  Data Path Delay:      5.375ns (Levels of Logic = 7)
  Clock Path Skew:      -0.064ns (0.813 - 0.877)
  Source Clock:         system_2_i/processing_system7_0_FCLK_CLK0 rising at 0.000ns
  Destination Clock:    system_2_i/processing_system7_0_FCLK_CLK0 rising at 20.000ns
  Clock Uncertainty:    0.035ns

  Clock Uncertainty:          0.035ns  ((TSJ^2 + TIJ^2)^1/2 + DJ) / 2 + PE
    Total System Jitter (TSJ):  0.070ns
    Total Input Jitter (TIJ):   0.000ns
    Discrete Jitter (DJ):       0.000ns
    Phase Error (PE):           0.000ns

  Maximum Data Path at Slow Process Corner: system_2_i/axi_timer_0/axi_timer_0/AXI4_LITE_I/I_SLAVE_ATTACHMENT/I_DECODER/ce_out_i_1 to system_2_i/axi_interconnect_1/axi_interconnect_1/crossbar_samd/gen_sasd.crossbar_sasd_0/gen_crossbar.addr_arbiter_inst/m_grant_hot_i_0
    Location             Delay type         Delay(ns)  Physical Resource
                                                       Logical Resource(s)
    -------------------------------------------------  -------------------
    SLICE_X29Y94.BQ      Tcko                  0.456   system_2_i/axi_timer_0/axi_timer_0/AXI4_LITE_I/I_SLAVE_ATTACHMENT/I_DECODER/ce_out_i_4
                                                       system_2_i/axi_timer_0/axi_timer_0/AXI4_LITE_I/I_SLAVE_ATTACHMENT/I_DECODER/ce_out_i_1
    SLICE_X27Y93.C2      net (fanout=58)       0.890   system_2_i/axi_timer_0/axi_timer_0/AXI4_LITE_I/I_SLAVE_ATTACHMENT/I_DECODER/ce_out_i_1
    SLICE_X27Y93.C       Tilo                  0.124   system_2_i/axi_interconnect_1/axi_interconnect_1/crossbar_samd/gen_sasd.crossbar_sasd_0/gen_crossbar.addr_arbiter_inst/grant_rnw
                                                       system_2_i/axi_timer_0/axi_timer_0/AXI4_LITE_I/I_SLAVE_ATTACHMENT/wr_done1_SW0
    SLICE_X27Y93.A6      net (fanout=1)        0.154   system_2_i/axi_timer_0/N89
    SLICE_X27Y93.A       Tilo                  0.124   system_2_i/axi_interconnect_1/axi_interconnect_1/crossbar_samd/gen_sasd.crossbar_sasd_0/gen_crossbar.addr_arbiter_inst/grant_rnw
                                                       system_2_i/axi_timer_0/axi_timer_0/AXI4_LITE_I/I_SLAVE_ATTACHMENT/wr_done1
    SLICE_X29Y92.C5      net (fanout=6)        0.461   system_2_i/axi_interconnect_1_M_AWREADY
    SLICE_X29Y92.C       Tilo                  0.124   system_2_i/axi_interconnect_1_M_BVALID
                                                       system_2_i/axi_interconnect_1/axi_interconnect_1/mi_protocol_conv_bank/gen_protocol_slot[0].gen_prot_conv.conv_inst/gen_axilite.gen_axilite_conv.axilite_conv_inst/_n011611_SW1_F
    SLICE_X27Y92.B1      net (fanout=1)        0.816   system_2_i/axi_interconnect_1/N31
    SLICE_X27Y92.B       Tilo                  0.124   system_2_i/axi_interconnect_1/axi_interconnect_1/crossbar_samd/gen_sasd.crossbar_sasd_0/gen_crossbar.gen_decerr.decerr_slave_inst/s_axi_awready_i
                                                       system_2_i/axi_interconnect_1/axi_interconnect_1/mi_protocol_conv_bank/gen_protocol_slot[0].gen_prot_conv.conv_inst/gen_axilite.gen_axilite_conv.axilite_conv_inst/_n011611_SW11
    SLICE_X27Y92.C6      net (fanout=2)        0.160   system_2_i/axi_interconnect_1/N15
    SLICE_X27Y92.CMUX    Tilo                  0.543   system_2_i/axi_interconnect_1/axi_interconnect_1/crossbar_samd/gen_sasd.crossbar_sasd_0/gen_crossbar.gen_decerr.decerr_slave_inst/s_axi_awready_i
                                                       system_2_i/axi_interconnect_1/axi_interconnect_1/crossbar_samd/gen_sasd.crossbar_sasd_0/gen_crossbar.mi_awready_mux_inst/O1_G
                                                       system_2_i/axi_interconnect_1/axi_interconnect_1/crossbar_samd/gen_sasd.crossbar_sasd_0/gen_crossbar.mi_awready_mux_inst/O1
    SLICE_X26Y91.B4      net (fanout=4)        0.610   system_2_i/axi_interconnect_1/axi_interconnect_1/crossbar_samd/gen_sasd.crossbar_sasd_0/mi_awready_mux
    SLICE_X26Y91.B       Tilo                  0.124   system_2_i/axi_interconnect_1/axi_interconnect_1/crossbar_samd/gen_sasd.crossbar_sasd_0/gen_crossbar.addr_arbiter_inst/m_valid_i
                                                       system_2_i/axi_interconnect_1/axi_interconnect_1/crossbar_samd/gen_sasd.crossbar_sasd_0/gen_crossbar.splitter_aw/out1
    SLICE_X26Y95.A5      net (fanout=2)        0.618   system_2_i/axi_interconnect_1/axi_interconnect_1/crossbar_samd/gen_sasd.crossbar_sasd_0/aa_awready
    SLICE_X26Y95.CLK     Tas                   0.047   system_2_i/axi_interconnect_1/axi_interconnect_1/crossbar_samd/gen_sasd.crossbar_sasd_0/gen_crossbar.gen_decerr.decerr_slave_inst/s_axi_arready_i
                                                       system_2_i/axi_interconnect_1/axi_interconnect_1/crossbar_samd/gen_sasd.crossbar_sasd_0/gen_crossbar.addr_arbiter_inst/m_grant_hot_i_0_glue_set
                                                       system_2_i/axi_interconnect_1/axi_interconnect_1/crossbar_samd/gen_sasd.crossbar_sasd_0/gen_crossbar.addr_arbiter_inst/m_grant_hot_i_0
    -------------------------------------------------  ---------------------------
    Total                                      5.375ns (1.666ns logic, 3.709ns route)
                                                       (31.0% logic, 69.0% route)

--------------------------------------------------------------------------------
Slack:                  14.528ns (requirement - (data path - clock path skew + uncertainty))
  Source:               system_2_i/axi_timer_0/axi_timer_0/AXI4_LITE_I/I_SLAVE_ATTACHMENT/I_DECODER/ce_out_i_1 (FF)
  Destination:          system_2_i/axi_interconnect_1/axi_interconnect_1/crossbar_samd/gen_sasd.crossbar_sasd_0/gen_crossbar.addr_arbiter_inst/m_grant_hot_i_0 (FF)
  Requirement:          20.000ns
  Data Path Delay:      5.373ns (Levels of Logic = 7)
  Clock Path Skew:      -0.064ns (0.813 - 0.877)
  Source Clock:         system_2_i/processing_system7_0_FCLK_CLK0 rising at 0.000ns
  Destination Clock:    system_2_i/processing_system7_0_FCLK_CLK0 rising at 20.000ns
  Clock Uncertainty:    0.035ns

  Clock Uncertainty:          0.035ns  ((TSJ^2 + TIJ^2)^1/2 + DJ) / 2 + PE
    Total System Jitter (TSJ):  0.070ns
    Total Input Jitter (TIJ):   0.000ns
    Discrete Jitter (DJ):       0.000ns
    Phase Error (PE):           0.000ns

  Maximum Data Path at Slow Process Corner: system_2_i/axi_timer_0/axi_timer_0/AXI4_LITE_I/I_SLAVE_ATTACHMENT/I_DECODER/ce_out_i_1 to system_2_i/axi_interconnect_1/axi_interconnect_1/crossbar_samd/gen_sasd.crossbar_sasd_0/gen_crossbar.addr_arbiter_inst/m_grant_hot_i_0
    Location             Delay type         Delay(ns)  Physical Resource
                                                       Logical Resource(s)
    -------------------------------------------------  -------------------
    SLICE_X29Y94.BQ      Tcko                  0.456   system_2_i/axi_timer_0/axi_timer_0/AXI4_LITE_I/I_SLAVE_ATTACHMENT/I_DECODER/ce_out_i_4
                                                       system_2_i/axi_timer_0/axi_timer_0/AXI4_LITE_I/I_SLAVE_ATTACHMENT/I_DECODER/ce_out_i_1
    SLICE_X27Y93.C2      net (fanout=58)       0.890   system_2_i/axi_timer_0/axi_timer_0/AXI4_LITE_I/I_SLAVE_ATTACHMENT/I_DECODER/ce_out_i_1
    SLICE_X27Y93.C       Tilo                  0.124   system_2_i/axi_interconnect_1/axi_interconnect_1/crossbar_samd/gen_sasd.crossbar_sasd_0/gen_crossbar.addr_arbiter_inst/grant_rnw
                                                       system_2_i/axi_timer_0/axi_timer_0/AXI4_LITE_I/I_SLAVE_ATTACHMENT/wr_done1_SW0
    SLICE_X27Y93.A6      net (fanout=1)        0.154   system_2_i/axi_timer_0/N89
    SLICE_X27Y93.A       Tilo                  0.124   system_2_i/axi_interconnect_1/axi_interconnect_1/crossbar_samd/gen_sasd.crossbar_sasd_0/gen_crossbar.addr_arbiter_inst/grant_rnw
                                                       system_2_i/axi_timer_0/axi_timer_0/AXI4_LITE_I/I_SLAVE_ATTACHMENT/wr_done1
    SLICE_X29Y92.C5      net (fanout=6)        0.461   system_2_i/axi_interconnect_1_M_AWREADY
    SLICE_X29Y92.C       Tilo                  0.124   system_2_i/axi_interconnect_1_M_BVALID
                                                       system_2_i/axi_interconnect_1/axi_interconnect_1/mi_protocol_conv_bank/gen_protocol_slot[0].gen_prot_conv.conv_inst/gen_axilite.gen_axilite_conv.axilite_conv_inst/_n011611_SW1_F
    SLICE_X27Y92.B1      net (fanout=1)        0.816   system_2_i/axi_interconnect_1/N31
    SLICE_X27Y92.B       Tilo                  0.124   system_2_i/axi_interconnect_1/axi_interconnect_1/crossbar_samd/gen_sasd.crossbar_sasd_0/gen_crossbar.gen_decerr.decerr_slave_inst/s_axi_awready_i
                                                       system_2_i/axi_interconnect_1/axi_interconnect_1/mi_protocol_conv_bank/gen_protocol_slot[0].gen_prot_conv.conv_inst/gen_axilite.gen_axilite_conv.axilite_conv_inst/_n011611_SW11
    SLICE_X27Y92.D6      net (fanout=2)        0.165   system_2_i/axi_interconnect_1/N15
    SLICE_X27Y92.CMUX    Topdc                 0.536   system_2_i/axi_interconnect_1/axi_interconnect_1/crossbar_samd/gen_sasd.crossbar_sasd_0/gen_crossbar.gen_decerr.decerr_slave_inst/s_axi_awready_i
                                                       system_2_i/axi_interconnect_1/axi_interconnect_1/crossbar_samd/gen_sasd.crossbar_sasd_0/gen_crossbar.mi_awready_mux_inst/O1_F
                                                       system_2_i/axi_interconnect_1/axi_interconnect_1/crossbar_samd/gen_sasd.crossbar_sasd_0/gen_crossbar.mi_awready_mux_inst/O1
    SLICE_X26Y91.B4      net (fanout=4)        0.610   system_2_i/axi_interconnect_1/axi_interconnect_1/crossbar_samd/gen_sasd.crossbar_sasd_0/mi_awready_mux
    SLICE_X26Y91.B       Tilo                  0.124   system_2_i/axi_interconnect_1/axi_interconnect_1/crossbar_samd/gen_sasd.crossbar_sasd_0/gen_crossbar.addr_arbiter_inst/m_valid_i
                                                       system_2_i/axi_interconnect_1/axi_interconnect_1/crossbar_samd/gen_sasd.crossbar_sasd_0/gen_crossbar.splitter_aw/out1
    SLICE_X26Y95.A5      net (fanout=2)        0.618   system_2_i/axi_interconnect_1/axi_interconnect_1/crossbar_samd/gen_sasd.crossbar_sasd_0/aa_awready
    SLICE_X26Y95.CLK     Tas                   0.047   system_2_i/axi_interconnect_1/axi_interconnect_1/crossbar_samd/gen_sasd.crossbar_sasd_0/gen_crossbar.gen_decerr.decerr_slave_inst/s_axi_arready_i
                                                       system_2_i/axi_interconnect_1/axi_interconnect_1/crossbar_samd/gen_sasd.crossbar_sasd_0/gen_crossbar.addr_arbiter_inst/m_grant_hot_i_0_glue_set
                                                       system_2_i/axi_interconnect_1/axi_interconnect_1/crossbar_samd/gen_sasd.crossbar_sasd_0/gen_crossbar.addr_arbiter_inst/m_grant_hot_i_0
    -------------------------------------------------  ---------------------------
    Total                                      5.373ns (1.659ns logic, 3.714ns route)
                                                       (30.9% logic, 69.1% route)

--------------------------------------------------------------------------------
Slack:                  14.677ns (requirement - (data path - clock path skew + uncertainty))
  Source:               system_2_i/axi_timer_0/axi_timer_0/AXI4_LITE_I/I_SLAVE_ATTACHMENT/I_DECODER/ce_out_i_1 (FF)
  Destination:          system_2_i/axi_interconnect_1/axi_interconnect_1/crossbar_samd/gen_sasd.crossbar_sasd_0/gen_crossbar.addr_arbiter_inst/m_valid_i (FF)
  Requirement:          20.000ns
  Data Path Delay:      5.223ns (Levels of Logic = 7)
  Clock Path Skew:      -0.065ns (0.812 - 0.877)
  Source Clock:         system_2_i/processing_system7_0_FCLK_CLK0 rising at 0.000ns
  Destination Clock:    system_2_i/processing_system7_0_FCLK_CLK0 rising at 20.000ns
  Clock Uncertainty:    0.035ns

  Clock Uncertainty:          0.035ns  ((TSJ^2 + TIJ^2)^1/2 + DJ) / 2 + PE
    Total System Jitter (TSJ):  0.070ns
    Total Input Jitter (TIJ):   0.000ns
    Discrete Jitter (DJ):       0.000ns
    Phase Error (PE):           0.000ns

  Maximum Data Path at Slow Process Corner: system_2_i/axi_timer_0/axi_timer_0/AXI4_LITE_I/I_SLAVE_ATTACHMENT/I_DECODER/ce_out_i_1 to system_2_i/axi_interconnect_1/axi_interconnect_1/crossbar_samd/gen_sasd.crossbar_sasd_0/gen_crossbar.addr_arbiter_inst/m_valid_i
    Location             Delay type         Delay(ns)  Physical Resource
                                                       Logical Resource(s)
    -------------------------------------------------  -------------------
    SLICE_X29Y94.BQ      Tcko                  0.456   system_2_i/axi_timer_0/axi_timer_0/AXI4_LITE_I/I_SLAVE_ATTACHMENT/I_DECODER/ce_out_i_4
                                                       system_2_i/axi_timer_0/axi_timer_0/AXI4_LITE_I/I_SLAVE_ATTACHMENT/I_DECODER/ce_out_i_1
    SLICE_X27Y93.C2      net (fanout=58)       0.890   system_2_i/axi_timer_0/axi_timer_0/AXI4_LITE_I/I_SLAVE_ATTACHMENT/I_DECODER/ce_out_i_1
    SLICE_X27Y93.C       Tilo                  0.124   system_2_i/axi_interconnect_1/axi_interconnect_1/crossbar_samd/gen_sasd.crossbar_sasd_0/gen_crossbar.addr_arbiter_inst/grant_rnw
                                                       system_2_i/axi_timer_0/axi_timer_0/AXI4_LITE_I/I_SLAVE_ATTACHMENT/wr_done1_SW0
    SLICE_X27Y93.A6      net (fanout=1)        0.154   system_2_i/axi_timer_0/N89
    SLICE_X27Y93.A       Tilo                  0.124   system_2_i/axi_interconnect_1/axi_interconnect_1/crossbar_samd/gen_sasd.crossbar_sasd_0/gen_crossbar.addr_arbiter_inst/grant_rnw
                                                       system_2_i/axi_timer_0/axi_timer_0/AXI4_LITE_I/I_SLAVE_ATTACHMENT/wr_done1
    SLICE_X29Y92.C5      net (fanout=6)        0.461   system_2_i/axi_interconnect_1_M_AWREADY
    SLICE_X29Y92.C       Tilo                  0.124   system_2_i/axi_interconnect_1_M_BVALID
                                                       system_2_i/axi_interconnect_1/axi_interconnect_1/mi_protocol_conv_bank/gen_protocol_slot[0].gen_prot_conv.conv_inst/gen_axilite.gen_axilite_conv.axilite_conv_inst/_n011611_SW1_F
    SLICE_X27Y92.B1      net (fanout=1)        0.816   system_2_i/axi_interconnect_1/N31
    SLICE_X27Y92.B       Tilo                  0.124   system_2_i/axi_interconnect_1/axi_interconnect_1/crossbar_samd/gen_sasd.crossbar_sasd_0/gen_crossbar.gen_decerr.decerr_slave_inst/s_axi_awready_i
                                                       system_2_i/axi_interconnect_1/axi_interconnect_1/mi_protocol_conv_bank/gen_protocol_slot[0].gen_prot_conv.conv_inst/gen_axilite.gen_axilite_conv.axilite_conv_inst/_n011611_SW11
    SLICE_X27Y92.C6      net (fanout=2)        0.160   system_2_i/axi_interconnect_1/N15
    SLICE_X27Y92.CMUX    Tilo                  0.543   system_2_i/axi_interconnect_1/axi_interconnect_1/crossbar_samd/gen_sasd.crossbar_sasd_0/gen_crossbar.gen_decerr.decerr_slave_inst/s_axi_awready_i
                                                       system_2_i/axi_interconnect_1/axi_interconnect_1/crossbar_samd/gen_sasd.crossbar_sasd_0/gen_crossbar.mi_awready_mux_inst/O1_G
                                                       system_2_i/axi_interconnect_1/axi_interconnect_1/crossbar_samd/gen_sasd.crossbar_sasd_0/gen_crossbar.mi_awready_mux_inst/O1
    SLICE_X26Y91.B4      net (fanout=4)        0.610   system_2_i/axi_interconnect_1/axi_interconnect_1/crossbar_samd/gen_sasd.crossbar_sasd_0/mi_awready_mux
    SLICE_X26Y91.B       Tilo                  0.124   system_2_i/axi_interconnect_1/axi_interconnect_1/crossbar_samd/gen_sasd.crossbar_sasd_0/gen_crossbar.addr_arbiter_inst/m_valid_i
                                                       system_2_i/axi_interconnect_1/axi_interconnect_1/crossbar_samd/gen_sasd.crossbar_sasd_0/gen_crossbar.splitter_aw/out1
    SLICE_X26Y91.A4      net (fanout=2)        0.466   system_2_i/axi_interconnect_1/axi_interconnect_1/crossbar_samd/gen_sasd.crossbar_sasd_0/aa_awready
    SLICE_X26Y91.CLK     Tas                   0.047   system_2_i/axi_interconnect_1/axi_interconnect_1/crossbar_samd/gen_sasd.crossbar_sasd_0/gen_crossbar.addr_arbiter_inst/m_valid_i
                                                       system_2_i/axi_interconnect_1/axi_interconnect_1/crossbar_samd/gen_sasd.crossbar_sasd_0/gen_crossbar.addr_arbiter_inst/m_valid_i_glue_set
                                                       system_2_i/axi_interconnect_1/axi_interconnect_1/crossbar_samd/gen_sasd.crossbar_sasd_0/gen_crossbar.addr_arbiter_inst/m_valid_i
    -------------------------------------------------  ---------------------------
    Total                                      5.223ns (1.666ns logic, 3.557ns route)
                                                       (31.9% logic, 68.1% route)

--------------------------------------------------------------------------------
Slack:                  14.679ns (requirement - (data path - clock path skew + uncertainty))
  Source:               system_2_i/axi_timer_0/axi_timer_0/AXI4_LITE_I/I_SLAVE_ATTACHMENT/I_DECODER/ce_out_i_1 (FF)
  Destination:          system_2_i/axi_interconnect_1/axi_interconnect_1/crossbar_samd/gen_sasd.crossbar_sasd_0/gen_crossbar.addr_arbiter_inst/m_valid_i (FF)
  Requirement:          20.000ns
  Data Path Delay:      5.221ns (Levels of Logic = 7)
  Clock Path Skew:      -0.065ns (0.812 - 0.877)
  Source Clock:         system_2_i/processing_system7_0_FCLK_CLK0 rising at 0.000ns
  Destination Clock:    system_2_i/processing_system7_0_FCLK_CLK0 rising at 20.000ns
  Clock Uncertainty:    0.035ns

  Clock Uncertainty:          0.035ns  ((TSJ^2 + TIJ^2)^1/2 + DJ) / 2 + PE
    Total System Jitter (TSJ):  0.070ns
    Total Input Jitter (TIJ):   0.000ns
    Discrete Jitter (DJ):       0.000ns
    Phase Error (PE):           0.000ns

  Maximum Data Path at Slow Process Corner: system_2_i/axi_timer_0/axi_timer_0/AXI4_LITE_I/I_SLAVE_ATTACHMENT/I_DECODER/ce_out_i_1 to system_2_i/axi_interconnect_1/axi_interconnect_1/crossbar_samd/gen_sasd.crossbar_sasd_0/gen_crossbar.addr_arbiter_inst/m_valid_i
    Location             Delay type         Delay(ns)  Physical Resource
                                                       Logical Resource(s)
    -------------------------------------------------  -------------------
    SLICE_X29Y94.BQ      Tcko                  0.456   system_2_i/axi_timer_0/axi_timer_0/AXI4_LITE_I/I_SLAVE_ATTACHMENT/I_DECODER/ce_out_i_4
                                                       system_2_i/axi_timer_0/axi_timer_0/AXI4_LITE_I/I_SLAVE_ATTACHMENT/I_DECODER/ce_out_i_1
    SLICE_X27Y93.C2      net (fanout=58)       0.890   system_2_i/axi_timer_0/axi_timer_0/AXI4_LITE_I/I_SLAVE_ATTACHMENT/I_DECODER/ce_out_i_1
    SLICE_X27Y93.C       Tilo                  0.124   system_2_i/axi_interconnect_1/axi_interconnect_1/crossbar_samd/gen_sasd.crossbar_sasd_0/gen_crossbar.addr_arbiter_inst/grant_rnw
                                                       system_2_i/axi_timer_0/axi_timer_0/AXI4_LITE_I/I_SLAVE_ATTACHMENT/wr_done1_SW0
    SLICE_X27Y93.A6      net (fanout=1)        0.154   system_2_i/axi_timer_0/N89
    SLICE_X27Y93.A       Tilo                  0.124   system_2_i/axi_interconnect_1/axi_interconnect_1/crossbar_samd/gen_sasd.crossbar_sasd_0/gen_crossbar.addr_arbiter_inst/grant_rnw
                                                       system_2_i/axi_timer_0/axi_timer_0/AXI4_LITE_I/I_SLAVE_ATTACHMENT/wr_done1
    SLICE_X29Y92.C5      net (fanout=6)        0.461   system_2_i/axi_interconnect_1_M_AWREADY
    SLICE_X29Y92.C       Tilo                  0.124   system_2_i/axi_interconnect_1_M_BVALID
                                                       system_2_i/axi_interconnect_1/axi_interconnect_1/mi_protocol_conv_bank/gen_protocol_slot[0].gen_prot_conv.conv_inst/gen_axilite.gen_axilite_conv.axilite_conv_inst/_n011611_SW1_F
    SLICE_X27Y92.B1      net (fanout=1)        0.816   system_2_i/axi_interconnect_1/N31
    SLICE_X27Y92.B       Tilo                  0.124   system_2_i/axi_interconnect_1/axi_interconnect_1/crossbar_samd/gen_sasd.crossbar_sasd_0/gen_crossbar.gen_decerr.decerr_slave_inst/s_axi_awready_i
                                                       system_2_i/axi_interconnect_1/axi_interconnect_1/mi_protocol_conv_bank/gen_protocol_slot[0].gen_prot_conv.conv_inst/gen_axilite.gen_axilite_conv.axilite_conv_inst/_n011611_SW11
    SLICE_X27Y92.D6      net (fanout=2)        0.165   system_2_i/axi_interconnect_1/N15
    SLICE_X27Y92.CMUX    Topdc                 0.536   system_2_i/axi_interconnect_1/axi_interconnect_1/crossbar_samd/gen_sasd.crossbar_sasd_0/gen_crossbar.gen_decerr.decerr_slave_inst/s_axi_awready_i
                                                       system_2_i/axi_interconnect_1/axi_interconnect_1/crossbar_samd/gen_sasd.crossbar_sasd_0/gen_crossbar.mi_awready_mux_inst/O1_F
                                                       system_2_i/axi_interconnect_1/axi_interconnect_1/crossbar_samd/gen_sasd.crossbar_sasd_0/gen_crossbar.mi_awready_mux_inst/O1
    SLICE_X26Y91.B4      net (fanout=4)        0.610   system_2_i/axi_interconnect_1/axi_interconnect_1/crossbar_samd/gen_sasd.crossbar_sasd_0/mi_awready_mux
    SLICE_X26Y91.B       Tilo                  0.124   system_2_i/axi_interconnect_1/axi_interconnect_1/crossbar_samd/gen_sasd.crossbar_sasd_0/gen_crossbar.addr_arbiter_inst/m_valid_i
                                                       system_2_i/axi_interconnect_1/axi_interconnect_1/crossbar_samd/gen_sasd.crossbar_sasd_0/gen_crossbar.splitter_aw/out1
    SLICE_X26Y91.A4      net (fanout=2)        0.466   system_2_i/axi_interconnect_1/axi_interconnect_1/crossbar_samd/gen_sasd.crossbar_sasd_0/aa_awready
    SLICE_X26Y91.CLK     Tas                   0.047   system_2_i/axi_interconnect_1/axi_interconnect_1/crossbar_samd/gen_sasd.crossbar_sasd_0/gen_crossbar.addr_arbiter_inst/m_valid_i
                                                       system_2_i/axi_interconnect_1/axi_interconnect_1/crossbar_samd/gen_sasd.crossbar_sasd_0/gen_crossbar.addr_arbiter_inst/m_valid_i_glue_set
                                                       system_2_i/axi_interconnect_1/axi_interconnect_1/crossbar_samd/gen_sasd.crossbar_sasd_0/gen_crossbar.addr_arbiter_inst/m_valid_i
    -------------------------------------------------  ---------------------------
    Total                                      5.221ns (1.659ns logic, 3.562ns route)
                                                       (31.8% logic, 68.2% route)

--------------------------------------------------------------------------------
Slack:                  14.691ns (requirement - (data path - clock path skew + uncertainty))
  Source:               system_2_i/axi_timer_0/axi_timer_0/AXI4_LITE_I/I_SLAVE_ATTACHMENT/INCLUDE_DPHASE_TIMER.dpto_cnt_5 (FF)
  Destination:          system_2_i/axi_interconnect_1/axi_interconnect_1/crossbar_samd/gen_sasd.crossbar_sasd_0/gen_crossbar.addr_arbiter_inst/m_grant_hot_i_0 (FF)
  Requirement:          20.000ns
  Data Path Delay:      5.251ns (Levels of Logic = 6)
  Clock Path Skew:      -0.023ns (0.170 - 0.193)
  Source Clock:         system_2_i/processing_system7_0_FCLK_CLK0 rising at 0.000ns
  Destination Clock:    system_2_i/processing_system7_0_FCLK_CLK0 rising at 20.000ns
  Clock Uncertainty:    0.035ns

  Clock Uncertainty:          0.035ns  ((TSJ^2 + TIJ^2)^1/2 + DJ) / 2 + PE
    Total System Jitter (TSJ):  0.070ns
    Total Input Jitter (TIJ):   0.000ns
    Discrete Jitter (DJ):       0.000ns
    Phase Error (PE):           0.000ns

  Maximum Data Path at Slow Process Corner: system_2_i/axi_timer_0/axi_timer_0/AXI4_LITE_I/I_SLAVE_ATTACHMENT/INCLUDE_DPHASE_TIMER.dpto_cnt_5 to system_2_i/axi_interconnect_1/axi_interconnect_1/crossbar_samd/gen_sasd.crossbar_sasd_0/gen_crossbar.addr_arbiter_inst/m_grant_hot_i_0
    Location             Delay type         Delay(ns)  Physical Resource
                                                       Logical Resource(s)
    -------------------------------------------------  -------------------
    SLICE_X26Y89.DQ      Tcko                  0.518   system_2_i/axi_timer_0/axi_timer_0/AXI4_LITE_I/I_SLAVE_ATTACHMENT/INCLUDE_DPHASE_TIMER.dpto_cnt[5]
                                                       system_2_i/axi_timer_0/axi_timer_0/AXI4_LITE_I/I_SLAVE_ATTACHMENT/INCLUDE_DPHASE_TIMER.dpto_cnt_5
    SLICE_X27Y93.A1      net (fanout=4)        0.982   system_2_i/axi_timer_0/axi_timer_0/AXI4_LITE_I/I_SLAVE_ATTACHMENT/INCLUDE_DPHASE_TIMER.dpto_cnt[5]
    SLICE_X27Y93.A       Tilo                  0.124   system_2_i/axi_interconnect_1/axi_interconnect_1/crossbar_samd/gen_sasd.crossbar_sasd_0/gen_crossbar.addr_arbiter_inst/grant_rnw
                                                       system_2_i/axi_timer_0/axi_timer_0/AXI4_LITE_I/I_SLAVE_ATTACHMENT/wr_done1
    SLICE_X29Y92.C5      net (fanout=6)        0.461   system_2_i/axi_interconnect_1_M_AWREADY
    SLICE_X29Y92.C       Tilo                  0.124   system_2_i/axi_interconnect_1_M_BVALID
                                                       system_2_i/axi_interconnect_1/axi_interconnect_1/mi_protocol_conv_bank/gen_protocol_slot[0].gen_prot_conv.conv_inst/gen_axilite.gen_axilite_conv.axilite_conv_inst/_n011611_SW1_F
    SLICE_X27Y92.B1      net (fanout=1)        0.816   system_2_i/axi_interconnect_1/N31
    SLICE_X27Y92.B       Tilo                  0.124   system_2_i/axi_interconnect_1/axi_interconnect_1/crossbar_samd/gen_sasd.crossbar_sasd_0/gen_crossbar.gen_decerr.decerr_slave_inst/s_axi_awready_i
                                                       system_2_i/axi_interconnect_1/axi_interconnect_1/mi_protocol_conv_bank/gen_protocol_slot[0].gen_prot_conv.conv_inst/gen_axilite.gen_axilite_conv.axilite_conv_inst/_n011611_SW11
    SLICE_X27Y92.C6      net (fanout=2)        0.160   system_2_i/axi_interconnect_1/N15
    SLICE_X27Y92.CMUX    Tilo                  0.543   system_2_i/axi_interconnect_1/axi_interconnect_1/crossbar_samd/gen_sasd.crossbar_sasd_0/gen_crossbar.gen_decerr.decerr_slave_inst/s_axi_awready_i
                                                       system_2_i/axi_interconnect_1/axi_interconnect_1/crossbar_samd/gen_sasd.crossbar_sasd_0/gen_crossbar.mi_awready_mux_inst/O1_G
                                                       system_2_i/axi_interconnect_1/axi_interconnect_1/crossbar_samd/gen_sasd.crossbar_sasd_0/gen_crossbar.mi_awready_mux_inst/O1
    SLICE_X26Y91.B4      net (fanout=4)        0.610   system_2_i/axi_interconnect_1/axi_interconnect_1/crossbar_samd/gen_sasd.crossbar_sasd_0/mi_awready_mux
    SLICE_X26Y91.B       Tilo                  0.124   system_2_i/axi_interconnect_1/axi_interconnect_1/crossbar_samd/gen_sasd.crossbar_sasd_0/gen_crossbar.addr_arbiter_inst/m_valid_i
                                                       system_2_i/axi_interconnect_1/axi_interconnect_1/crossbar_samd/gen_sasd.crossbar_sasd_0/gen_crossbar.splitter_aw/out1
    SLICE_X26Y95.A5      net (fanout=2)        0.618   system_2_i/axi_interconnect_1/axi_interconnect_1/crossbar_samd/gen_sasd.crossbar_sasd_0/aa_awready
    SLICE_X26Y95.CLK     Tas                   0.047   system_2_i/axi_interconnect_1/axi_interconnect_1/crossbar_samd/gen_sasd.crossbar_sasd_0/gen_crossbar.gen_decerr.decerr_slave_inst/s_axi_arready_i
                                                       system_2_i/axi_interconnect_1/axi_interconnect_1/crossbar_samd/gen_sasd.crossbar_sasd_0/gen_crossbar.addr_arbiter_inst/m_grant_hot_i_0_glue_set
                                                       system_2_i/axi_interconnect_1/axi_interconnect_1/crossbar_samd/gen_sasd.crossbar_sasd_0/gen_crossbar.addr_arbiter_inst/m_grant_hot_i_0
    -------------------------------------------------  ---------------------------
    Total                                      5.251ns (1.604ns logic, 3.647ns route)
                                                       (30.5% logic, 69.5% route)

--------------------------------------------------------------------------------
Slack:                  14.693ns (requirement - (data path - clock path skew + uncertainty))
  Source:               system_2_i/axi_timer_0/axi_timer_0/AXI4_LITE_I/I_SLAVE_ATTACHMENT/INCLUDE_DPHASE_TIMER.dpto_cnt_5 (FF)
  Destination:          system_2_i/axi_interconnect_1/axi_interconnect_1/crossbar_samd/gen_sasd.crossbar_sasd_0/gen_crossbar.addr_arbiter_inst/m_grant_hot_i_0 (FF)
  Requirement:          20.000ns
  Data Path Delay:      5.249ns (Levels of Logic = 6)
  Clock Path Skew:      -0.023ns (0.170 - 0.193)
  Source Clock:         system_2_i/processing_system7_0_FCLK_CLK0 rising at 0.000ns
  Destination Clock:    system_2_i/processing_system7_0_FCLK_CLK0 rising at 20.000ns
  Clock Uncertainty:    0.035ns

  Clock Uncertainty:          0.035ns  ((TSJ^2 + TIJ^2)^1/2 + DJ) / 2 + PE
    Total System Jitter (TSJ):  0.070ns
    Total Input Jitter (TIJ):   0.000ns
    Discrete Jitter (DJ):       0.000ns
    Phase Error (PE):           0.000ns

  Maximum Data Path at Slow Process Corner: system_2_i/axi_timer_0/axi_timer_0/AXI4_LITE_I/I_SLAVE_ATTACHMENT/INCLUDE_DPHASE_TIMER.dpto_cnt_5 to system_2_i/axi_interconnect_1/axi_interconnect_1/crossbar_samd/gen_sasd.crossbar_sasd_0/gen_crossbar.addr_arbiter_inst/m_grant_hot_i_0
    Location             Delay type         Delay(ns)  Physical Resource
                                                       Logical Resource(s)
    -------------------------------------------------  -------------------
    SLICE_X26Y89.DQ      Tcko                  0.518   system_2_i/axi_timer_0/axi_timer_0/AXI4_LITE_I/I_SLAVE_ATTACHMENT/INCLUDE_DPHASE_TIMER.dpto_cnt[5]
                                                       system_2_i/axi_timer_0/axi_timer_0/AXI4_LITE_I/I_SLAVE_ATTACHMENT/INCLUDE_DPHASE_TIMER.dpto_cnt_5
    SLICE_X27Y93.A1      net (fanout=4)        0.982   system_2_i/axi_timer_0/axi_timer_0/AXI4_LITE_I/I_SLAVE_ATTACHMENT/INCLUDE_DPHASE_TIMER.dpto_cnt[5]
    SLICE_X27Y93.A       Tilo                  0.124   system_2_i/axi_interconnect_1/axi_interconnect_1/crossbar_samd/gen_sasd.crossbar_sasd_0/gen_crossbar.addr_arbiter_inst/grant_rnw
                                                       system_2_i/axi_timer_0/axi_timer_0/AXI4_LITE_I/I_SLAVE_ATTACHMENT/wr_done1
    SLICE_X29Y92.C5      net (fanout=6)        0.461   system_2_i/axi_interconnect_1_M_AWREADY
    SLICE_X29Y92.C       Tilo                  0.124   system_2_i/axi_interconnect_1_M_BVALID
                                                       system_2_i/axi_interconnect_1/axi_interconnect_1/mi_protocol_conv_bank/gen_protocol_slot[0].gen_prot_conv.conv_inst/gen_axilite.gen_axilite_conv.axilite_conv_inst/_n011611_SW1_F
    SLICE_X27Y92.B1      net (fanout=1)        0.816   system_2_i/axi_interconnect_1/N31
    SLICE_X27Y92.B       Tilo                  0.124   system_2_i/axi_interconnect_1/axi_interconnect_1/crossbar_samd/gen_sasd.crossbar_sasd_0/gen_crossbar.gen_decerr.decerr_slave_inst/s_axi_awready_i
                                                       system_2_i/axi_interconnect_1/axi_interconnect_1/mi_protocol_conv_bank/gen_protocol_slot[0].gen_prot_conv.conv_inst/gen_axilite.gen_axilite_conv.axilite_conv_inst/_n011611_SW11
    SLICE_X27Y92.D6      net (fanout=2)        0.165   system_2_i/axi_interconnect_1/N15
    SLICE_X27Y92.CMUX    Topdc                 0.536   system_2_i/axi_interconnect_1/axi_interconnect_1/crossbar_samd/gen_sasd.crossbar_sasd_0/gen_crossbar.gen_decerr.decerr_slave_inst/s_axi_awready_i
                                                       system_2_i/axi_interconnect_1/axi_interconnect_1/crossbar_samd/gen_sasd.crossbar_sasd_0/gen_crossbar.mi_awready_mux_inst/O1_F
                                                       system_2_i/axi_interconnect_1/axi_interconnect_1/crossbar_samd/gen_sasd.crossbar_sasd_0/gen_crossbar.mi_awready_mux_inst/O1
    SLICE_X26Y91.B4      net (fanout=4)        0.610   system_2_i/axi_interconnect_1/axi_interconnect_1/crossbar_samd/gen_sasd.crossbar_sasd_0/mi_awready_mux
    SLICE_X26Y91.B       Tilo                  0.124   system_2_i/axi_interconnect_1/axi_interconnect_1/crossbar_samd/gen_sasd.crossbar_sasd_0/gen_crossbar.addr_arbiter_inst/m_valid_i
                                                       system_2_i/axi_interconnect_1/axi_interconnect_1/crossbar_samd/gen_sasd.crossbar_sasd_0/gen_crossbar.splitter_aw/out1
    SLICE_X26Y95.A5      net (fanout=2)        0.618   system_2_i/axi_interconnect_1/axi_interconnect_1/crossbar_samd/gen_sasd.crossbar_sasd_0/aa_awready
    SLICE_X26Y95.CLK     Tas                   0.047   system_2_i/axi_interconnect_1/axi_interconnect_1/crossbar_samd/gen_sasd.crossbar_sasd_0/gen_crossbar.gen_decerr.decerr_slave_inst/s_axi_arready_i
                                                       system_2_i/axi_interconnect_1/axi_interconnect_1/crossbar_samd/gen_sasd.crossbar_sasd_0/gen_crossbar.addr_arbiter_inst/m_grant_hot_i_0_glue_set
                                                       system_2_i/axi_interconnect_1/axi_interconnect_1/crossbar_samd/gen_sasd.crossbar_sasd_0/gen_crossbar.addr_arbiter_inst/m_grant_hot_i_0
    -------------------------------------------------  ---------------------------
    Total                                      5.249ns (1.597ns logic, 3.652ns route)
                                                       (30.4% logic, 69.6% route)

--------------------------------------------------------------------------------
Slack:                  14.705ns (requirement - (data path - clock path skew + uncertainty))
  Source:               system_2_i/axi_timer_0/axi_timer_0/AXI4_LITE_I/I_SLAVE_ATTACHMENT/I_DECODER/ce_out_i_4 (FF)
  Destination:          system_2_i/axi_interconnect_1/axi_interconnect_1/crossbar_samd/gen_sasd.crossbar_sasd_0/gen_crossbar.addr_arbiter_inst/m_grant_hot_i_0 (FF)
  Requirement:          20.000ns
  Data Path Delay:      5.196ns (Levels of Logic = 7)
  Clock Path Skew:      -0.064ns (0.813 - 0.877)
  Source Clock:         system_2_i/processing_system7_0_FCLK_CLK0 rising at 0.000ns
  Destination Clock:    system_2_i/processing_system7_0_FCLK_CLK0 rising at 20.000ns
  Clock Uncertainty:    0.035ns

  Clock Uncertainty:          0.035ns  ((TSJ^2 + TIJ^2)^1/2 + DJ) / 2 + PE
    Total System Jitter (TSJ):  0.070ns
    Total Input Jitter (TIJ):   0.000ns
    Discrete Jitter (DJ):       0.000ns
    Phase Error (PE):           0.000ns

  Maximum Data Path at Slow Process Corner: system_2_i/axi_timer_0/axi_timer_0/AXI4_LITE_I/I_SLAVE_ATTACHMENT/I_DECODER/ce_out_i_4 to system_2_i/axi_interconnect_1/axi_interconnect_1/crossbar_samd/gen_sasd.crossbar_sasd_0/gen_crossbar.addr_arbiter_inst/m_grant_hot_i_0
    Location             Delay type         Delay(ns)  Physical Resource
                                                       Logical Resource(s)
    -------------------------------------------------  -------------------
    SLICE_X29Y94.DQ      Tcko                  0.456   system_2_i/axi_timer_0/axi_timer_0/AXI4_LITE_I/I_SLAVE_ATTACHMENT/I_DECODER/ce_out_i_4
                                                       system_2_i/axi_timer_0/axi_timer_0/AXI4_LITE_I/I_SLAVE_ATTACHMENT/I_DECODER/ce_out_i_4
    SLICE_X27Y93.C3      net (fanout=7)        0.711   system_2_i/axi_timer_0/axi_timer_0/AXI4_LITE_I/I_SLAVE_ATTACHMENT/I_DECODER/ce_out_i_4
    SLICE_X27Y93.C       Tilo                  0.124   system_2_i/axi_interconnect_1/axi_interconnect_1/crossbar_samd/gen_sasd.crossbar_sasd_0/gen_crossbar.addr_arbiter_inst/grant_rnw
                                                       system_2_i/axi_timer_0/axi_timer_0/AXI4_LITE_I/I_SLAVE_ATTACHMENT/wr_done1_SW0
    SLICE_X27Y93.A6      net (fanout=1)        0.154   system_2_i/axi_timer_0/N89
    SLICE_X27Y93.A       Tilo                  0.124   system_2_i/axi_interconnect_1/axi_interconnect_1/crossbar_samd/gen_sasd.crossbar_sasd_0/gen_crossbar.addr_arbiter_inst/grant_rnw
                                                       system_2_i/axi_timer_0/axi_timer_0/AXI4_LITE_I/I_SLAVE_ATTACHMENT/wr_done1
    SLICE_X29Y92.C5      net (fanout=6)        0.461   system_2_i/axi_interconnect_1_M_AWREADY
    SLICE_X29Y92.C       Tilo                  0.124   system_2_i/axi_interconnect_1_M_BVALID
                                                       system_2_i/axi_interconnect_1/axi_interconnect_1/mi_protocol_conv_bank/gen_protocol_slot[0].gen_prot_conv.conv_inst/gen_axilite.gen_axilite_conv.axilite_conv_inst/_n011611_SW1_F
    SLICE_X27Y92.B1      net (fanout=1)        0.816   system_2_i/axi_interconnect_1/N31
    SLICE_X27Y92.B       Tilo                  0.124   system_2_i/axi_interconnect_1/axi_interconnect_1/crossbar_samd/gen_sasd.crossbar_sasd_0/gen_crossbar.gen_decerr.decerr_slave_inst/s_axi_awready_i
                                                       system_2_i/axi_interconnect_1/axi_interconnect_1/mi_protocol_conv_bank/gen_protocol_slot[0].gen_prot_conv.conv_inst/gen_axilite.gen_axilite_conv.axilite_conv_inst/_n011611_SW11
    SLICE_X27Y92.C6      net (fanout=2)        0.160   system_2_i/axi_interconnect_1/N15
    SLICE_X27Y92.CMUX    Tilo                  0.543   system_2_i/axi_interconnect_1/axi_interconnect_1/crossbar_samd/gen_sasd.crossbar_sasd_0/gen_crossbar.gen_decerr.decerr_slave_inst/s_axi_awready_i
                                                       system_2_i/axi_interconnect_1/axi_interconnect_1/crossbar_samd/gen_sasd.crossbar_sasd_0/gen_crossbar.mi_awready_mux_inst/O1_G
                                                       system_2_i/axi_interconnect_1/axi_interconnect_1/crossbar_samd/gen_sasd.crossbar_sasd_0/gen_crossbar.mi_awready_mux_inst/O1
    SLICE_X26Y91.B4      net (fanout=4)        0.610   system_2_i/axi_interconnect_1/axi_interconnect_1/crossbar_samd/gen_sasd.crossbar_sasd_0/mi_awready_mux
    SLICE_X26Y91.B       Tilo                  0.124   system_2_i/axi_interconnect_1/axi_interconnect_1/crossbar_samd/gen_sasd.crossbar_sasd_0/gen_crossbar.addr_arbiter_inst/m_valid_i
                                                       system_2_i/axi_interconnect_1/axi_interconnect_1/crossbar_samd/gen_sasd.crossbar_sasd_0/gen_crossbar.splitter_aw/out1
    SLICE_X26Y95.A5      net (fanout=2)        0.618   system_2_i/axi_interconnect_1/axi_interconnect_1/crossbar_samd/gen_sasd.crossbar_sasd_0/aa_awready
    SLICE_X26Y95.CLK     Tas                   0.047   system_2_i/axi_interconnect_1/axi_interconnect_1/crossbar_samd/gen_sasd.crossbar_sasd_0/gen_crossbar.gen_decerr.decerr_slave_inst/s_axi_arready_i
                                                       system_2_i/axi_interconnect_1/axi_interconnect_1/crossbar_samd/gen_sasd.crossbar_sasd_0/gen_crossbar.addr_arbiter_inst/m_grant_hot_i_0_glue_set
                                                       system_2_i/axi_interconnect_1/axi_interconnect_1/crossbar_samd/gen_sasd.crossbar_sasd_0/gen_crossbar.addr_arbiter_inst/m_grant_hot_i_0
    -------------------------------------------------  ---------------------------
    Total                                      5.196ns (1.666ns logic, 3.530ns route)
                                                       (32.1% logic, 67.9% route)

--------------------------------------------------------------------------------
Slack:                  14.707ns (requirement - (data path - clock path skew + uncertainty))
  Source:               system_2_i/axi_timer_0/axi_timer_0/AXI4_LITE_I/I_SLAVE_ATTACHMENT/I_DECODER/ce_out_i_4 (FF)
  Destination:          system_2_i/axi_interconnect_1/axi_interconnect_1/crossbar_samd/gen_sasd.crossbar_sasd_0/gen_crossbar.addr_arbiter_inst/m_grant_hot_i_0 (FF)
  Requirement:          20.000ns
  Data Path Delay:      5.194ns (Levels of Logic = 7)
  Clock Path Skew:      -0.064ns (0.813 - 0.877)
  Source Clock:         system_2_i/processing_system7_0_FCLK_CLK0 rising at 0.000ns
  Destination Clock:    system_2_i/processing_system7_0_FCLK_CLK0 rising at 20.000ns
  Clock Uncertainty:    0.035ns

  Clock Uncertainty:          0.035ns  ((TSJ^2 + TIJ^2)^1/2 + DJ) / 2 + PE
    Total System Jitter (TSJ):  0.070ns
    Total Input Jitter (TIJ):   0.000ns
    Discrete Jitter (DJ):       0.000ns
    Phase Error (PE):           0.000ns

  Maximum Data Path at Slow Process Corner: system_2_i/axi_timer_0/axi_timer_0/AXI4_LITE_I/I_SLAVE_ATTACHMENT/I_DECODER/ce_out_i_4 to system_2_i/axi_interconnect_1/axi_interconnect_1/crossbar_samd/gen_sasd.crossbar_sasd_0/gen_crossbar.addr_arbiter_inst/m_grant_hot_i_0
    Location             Delay type         Delay(ns)  Physical Resource
                                                       Logical Resource(s)
    -------------------------------------------------  -------------------
    SLICE_X29Y94.DQ      Tcko                  0.456   system_2_i/axi_timer_0/axi_timer_0/AXI4_LITE_I/I_SLAVE_ATTACHMENT/I_DECODER/ce_out_i_4
                                                       system_2_i/axi_timer_0/axi_timer_0/AXI4_LITE_I/I_SLAVE_ATTACHMENT/I_DECODER/ce_out_i_4
    SLICE_X27Y93.C3      net (fanout=7)        0.711   system_2_i/axi_timer_0/axi_timer_0/AXI4_LITE_I/I_SLAVE_ATTACHMENT/I_DECODER/ce_out_i_4
    SLICE_X27Y93.C       Tilo                  0.124   system_2_i/axi_interconnect_1/axi_interconnect_1/crossbar_samd/gen_sasd.crossbar_sasd_0/gen_crossbar.addr_arbiter_inst/grant_rnw
                                                       system_2_i/axi_timer_0/axi_timer_0/AXI4_LITE_I/I_SLAVE_ATTACHMENT/wr_done1_SW0
    SLICE_X27Y93.A6      net (fanout=1)        0.154   system_2_i/axi_timer_0/N89
    SLICE_X27Y93.A       Tilo                  0.124   system_2_i/axi_interconnect_1/axi_interconnect_1/crossbar_samd/gen_sasd.crossbar_sasd_0/gen_crossbar.addr_arbiter_inst/grant_rnw
                                                       system_2_i/axi_timer_0/axi_timer_0/AXI4_LITE_I/I_SLAVE_ATTACHMENT/wr_done1
    SLICE_X29Y92.C5      net (fanout=6)        0.461   system_2_i/axi_interconnect_1_M_AWREADY
    SLICE_X29Y92.C       Tilo                  0.124   system_2_i/axi_interconnect_1_M_BVALID
                                                       system_2_i/axi_interconnect_1/axi_interconnect_1/mi_protocol_conv_bank/gen_protocol_slot[0].gen_prot_conv.conv_inst/gen_axilite.gen_axilite_conv.axilite_conv_inst/_n011611_SW1_F
    SLICE_X27Y92.B1      net (fanout=1)        0.816   system_2_i/axi_interconnect_1/N31
    SLICE_X27Y92.B       Tilo                  0.124   system_2_i/axi_interconnect_1/axi_interconnect_1/crossbar_samd/gen_sasd.crossbar_sasd_0/gen_crossbar.gen_decerr.decerr_slave_inst/s_axi_awready_i
                                                       system_2_i/axi_interconnect_1/axi_interconnect_1/mi_protocol_conv_bank/gen_protocol_slot[0].gen_prot_conv.conv_inst/gen_axilite.gen_axilite_conv.axilite_conv_inst/_n011611_SW11
    SLICE_X27Y92.D6      net (fanout=2)        0.165   system_2_i/axi_interconnect_1/N15
    SLICE_X27Y92.CMUX    Topdc                 0.536   system_2_i/axi_interconnect_1/axi_interconnect_1/crossbar_samd/gen_sasd.crossbar_sasd_0/gen_crossbar.gen_decerr.decerr_slave_inst/s_axi_awready_i
                                                       system_2_i/axi_interconnect_1/axi_interconnect_1/crossbar_samd/gen_sasd.crossbar_sasd_0/gen_crossbar.mi_awready_mux_inst/O1_F
                                                       system_2_i/axi_interconnect_1/axi_interconnect_1/crossbar_samd/gen_sasd.crossbar_sasd_0/gen_crossbar.mi_awready_mux_inst/O1
    SLICE_X26Y91.B4      net (fanout=4)        0.610   system_2_i/axi_interconnect_1/axi_interconnect_1/crossbar_samd/gen_sasd.crossbar_sasd_0/mi_awready_mux
    SLICE_X26Y91.B       Tilo                  0.124   system_2_i/axi_interconnect_1/axi_interconnect_1/crossbar_samd/gen_sasd.crossbar_sasd_0/gen_crossbar.addr_arbiter_inst/m_valid_i
                                                       system_2_i/axi_interconnect_1/axi_interconnect_1/crossbar_samd/gen_sasd.crossbar_sasd_0/gen_crossbar.splitter_aw/out1
    SLICE_X26Y95.A5      net (fanout=2)        0.618   system_2_i/axi_interconnect_1/axi_interconnect_1/crossbar_samd/gen_sasd.crossbar_sasd_0/aa_awready
    SLICE_X26Y95.CLK     Tas                   0.047   system_2_i/axi_interconnect_1/axi_interconnect_1/crossbar_samd/gen_sasd.crossbar_sasd_0/gen_crossbar.gen_decerr.decerr_slave_inst/s_axi_arready_i
                                                       system_2_i/axi_interconnect_1/axi_interconnect_1/crossbar_samd/gen_sasd.crossbar_sasd_0/gen_crossbar.addr_arbiter_inst/m_grant_hot_i_0_glue_set
                                                       system_2_i/axi_interconnect_1/axi_interconnect_1/crossbar_samd/gen_sasd.crossbar_sasd_0/gen_crossbar.addr_arbiter_inst/m_grant_hot_i_0
    -------------------------------------------------  ---------------------------
    Total                                      5.194ns (1.659ns logic, 3.535ns route)
                                                       (31.9% logic, 68.1% route)

--------------------------------------------------------------------------------
Slack:                  14.791ns (requirement - (data path - clock path skew + uncertainty))
  Source:               system_2_i/axi_timer_0/axi_timer_0/AXI4_LITE_I/I_SLAVE_ATTACHMENT/I_DECODER/Bus_RNW_reg (FF)
  Destination:          system_2_i/axi_interconnect_1/axi_interconnect_1/crossbar_samd/gen_sasd.crossbar_sasd_0/gen_crossbar.addr_arbiter_inst/m_grant_hot_i_0 (FF)
  Requirement:          20.000ns
  Data Path Delay:      5.110ns (Levels of Logic = 6)
  Clock Path Skew:      -0.064ns (0.813 - 0.877)
  Source Clock:         system_2_i/processing_system7_0_FCLK_CLK0 rising at 0.000ns
  Destination Clock:    system_2_i/processing_system7_0_FCLK_CLK0 rising at 20.000ns
  Clock Uncertainty:    0.035ns

  Clock Uncertainty:          0.035ns  ((TSJ^2 + TIJ^2)^1/2 + DJ) / 2 + PE
    Total System Jitter (TSJ):  0.070ns
    Total Input Jitter (TIJ):   0.000ns
    Discrete Jitter (DJ):       0.000ns
    Phase Error (PE):           0.000ns

  Maximum Data Path at Slow Process Corner: system_2_i/axi_timer_0/axi_timer_0/AXI4_LITE_I/I_SLAVE_ATTACHMENT/I_DECODER/Bus_RNW_reg to system_2_i/axi_interconnect_1/axi_interconnect_1/crossbar_samd/gen_sasd.crossbar_sasd_0/gen_crossbar.addr_arbiter_inst/m_grant_hot_i_0
    Location             Delay type         Delay(ns)  Physical Resource
                                                       Logical Resource(s)
    -------------------------------------------------  -------------------
    SLICE_X29Y93.AQ      Tcko                  0.456   system_2_i/axi_timer_0/axi_timer_0/AXI4_LITE_I/I_SLAVE_ATTACHMENT/I_DECODER/Bus_RNW_reg
                                                       system_2_i/axi_timer_0/axi_timer_0/AXI4_LITE_I/I_SLAVE_ATTACHMENT/I_DECODER/Bus_RNW_reg
    SLICE_X27Y93.A2      net (fanout=98)       0.903   system_2_i/axi_timer_0/axi_timer_0/AXI4_LITE_I/I_SLAVE_ATTACHMENT/I_DECODER/Bus_RNW_reg
    SLICE_X27Y93.A       Tilo                  0.124   system_2_i/axi_interconnect_1/axi_interconnect_1/crossbar_samd/gen_sasd.crossbar_sasd_0/gen_crossbar.addr_arbiter_inst/grant_rnw
                                                       system_2_i/axi_timer_0/axi_timer_0/AXI4_LITE_I/I_SLAVE_ATTACHMENT/wr_done1
    SLICE_X29Y92.C5      net (fanout=6)        0.461   system_2_i/axi_interconnect_1_M_AWREADY
    SLICE_X29Y92.C       Tilo                  0.124   system_2_i/axi_interconnect_1_M_BVALID
                                                       system_2_i/axi_interconnect_1/axi_interconnect_1/mi_protocol_conv_bank/gen_protocol_slot[0].gen_prot_conv.conv_inst/gen_axilite.gen_axilite_conv.axilite_conv_inst/_n011611_SW1_F
    SLICE_X27Y92.B1      net (fanout=1)        0.816   system_2_i/axi_interconnect_1/N31
    SLICE_X27Y92.B       Tilo                  0.124   system_2_i/axi_interconnect_1/axi_interconnect_1/crossbar_samd/gen_sasd.crossbar_sasd_0/gen_crossbar.gen_decerr.decerr_slave_inst/s_axi_awready_i
                                                       system_2_i/axi_interconnect_1/axi_interconnect_1/mi_protocol_conv_bank/gen_protocol_slot[0].gen_prot_conv.conv_inst/gen_axilite.gen_axilite_conv.axilite_conv_inst/_n011611_SW11
    SLICE_X27Y92.C6      net (fanout=2)        0.160   system_2_i/axi_interconnect_1/N15
    SLICE_X27Y92.CMUX    Tilo                  0.543   system_2_i/axi_interconnect_1/axi_interconnect_1/crossbar_samd/gen_sasd.crossbar_sasd_0/gen_crossbar.gen_decerr.decerr_slave_inst/s_axi_awready_i
                                                       system_2_i/axi_interconnect_1/axi_interconnect_1/crossbar_samd/gen_sasd.crossbar_sasd_0/gen_crossbar.mi_awready_mux_inst/O1_G
                                                       system_2_i/axi_interconnect_1/axi_interconnect_1/crossbar_samd/gen_sasd.crossbar_sasd_0/gen_crossbar.mi_awready_mux_inst/O1
    SLICE_X26Y91.B4      net (fanout=4)        0.610   system_2_i/axi_interconnect_1/axi_interconnect_1/crossbar_samd/gen_sasd.crossbar_sasd_0/mi_awready_mux
    SLICE_X26Y91.B       Tilo                  0.124   system_2_i/axi_interconnect_1/axi_interconnect_1/crossbar_samd/gen_sasd.crossbar_sasd_0/gen_crossbar.addr_arbiter_inst/m_valid_i
                                                       system_2_i/axi_interconnect_1/axi_interconnect_1/crossbar_samd/gen_sasd.crossbar_sasd_0/gen_crossbar.splitter_aw/out1
    SLICE_X26Y95.A5      net (fanout=2)        0.618   system_2_i/axi_interconnect_1/axi_interconnect_1/crossbar_samd/gen_sasd.crossbar_sasd_0/aa_awready
    SLICE_X26Y95.CLK     Tas                   0.047   system_2_i/axi_interconnect_1/axi_interconnect_1/crossbar_samd/gen_sasd.crossbar_sasd_0/gen_crossbar.gen_decerr.decerr_slave_inst/s_axi_arready_i
                                                       system_2_i/axi_interconnect_1/axi_interconnect_1/crossbar_samd/gen_sasd.crossbar_sasd_0/gen_crossbar.addr_arbiter_inst/m_grant_hot_i_0_glue_set
                                                       system_2_i/axi_interconnect_1/axi_interconnect_1/crossbar_samd/gen_sasd.crossbar_sasd_0/gen_crossbar.addr_arbiter_inst/m_grant_hot_i_0
    -------------------------------------------------  ---------------------------
    Total                                      5.110ns (1.542ns logic, 3.568ns route)
                                                       (30.2% logic, 69.8% route)

--------------------------------------------------------------------------------
Slack:                  14.793ns (requirement - (data path - clock path skew + uncertainty))
  Source:               system_2_i/axi_timer_0/axi_timer_0/AXI4_LITE_I/I_SLAVE_ATTACHMENT/I_DECODER/Bus_RNW_reg (FF)
  Destination:          system_2_i/axi_interconnect_1/axi_interconnect_1/crossbar_samd/gen_sasd.crossbar_sasd_0/gen_crossbar.addr_arbiter_inst/m_grant_hot_i_0 (FF)
  Requirement:          20.000ns
  Data Path Delay:      5.108ns (Levels of Logic = 6)
  Clock Path Skew:      -0.064ns (0.813 - 0.877)
  Source Clock:         system_2_i/processing_system7_0_FCLK_CLK0 rising at 0.000ns
  Destination Clock:    system_2_i/processing_system7_0_FCLK_CLK0 rising at 20.000ns
  Clock Uncertainty:    0.035ns

  Clock Uncertainty:          0.035ns  ((TSJ^2 + TIJ^2)^1/2 + DJ) / 2 + PE
    Total System Jitter (TSJ):  0.070ns
    Total Input Jitter (TIJ):   0.000ns
    Discrete Jitter (DJ):       0.000ns
    Phase Error (PE):           0.000ns

  Maximum Data Path at Slow Process Corner: system_2_i/axi_timer_0/axi_timer_0/AXI4_LITE_I/I_SLAVE_ATTACHMENT/I_DECODER/Bus_RNW_reg to system_2_i/axi_interconnect_1/axi_interconnect_1/crossbar_samd/gen_sasd.crossbar_sasd_0/gen_crossbar.addr_arbiter_inst/m_grant_hot_i_0
    Location             Delay type         Delay(ns)  Physical Resource
                                                       Logical Resource(s)
    -------------------------------------------------  -------------------
    SLICE_X29Y93.AQ      Tcko                  0.456   system_2_i/axi_timer_0/axi_timer_0/AXI4_LITE_I/I_SLAVE_ATTACHMENT/I_DECODER/Bus_RNW_reg
                                                       system_2_i/axi_timer_0/axi_timer_0/AXI4_LITE_I/I_SLAVE_ATTACHMENT/I_DECODER/Bus_RNW_reg
    SLICE_X27Y93.A2      net (fanout=98)       0.903   system_2_i/axi_timer_0/axi_timer_0/AXI4_LITE_I/I_SLAVE_ATTACHMENT/I_DECODER/Bus_RNW_reg
    SLICE_X27Y93.A       Tilo                  0.124   system_2_i/axi_interconnect_1/axi_interconnect_1/crossbar_samd/gen_sasd.crossbar_sasd_0/gen_crossbar.addr_arbiter_inst/grant_rnw
                                                       system_2_i/axi_timer_0/axi_timer_0/AXI4_LITE_I/I_SLAVE_ATTACHMENT/wr_done1
    SLICE_X29Y92.C5      net (fanout=6)        0.461   system_2_i/axi_interconnect_1_M_AWREADY
    SLICE_X29Y92.C       Tilo                  0.124   system_2_i/axi_interconnect_1_M_BVALID
                                                       system_2_i/axi_interconnect_1/axi_interconnect_1/mi_protocol_conv_bank/gen_protocol_slot[0].gen_prot_conv.conv_inst/gen_axilite.gen_axilite_conv.axilite_conv_inst/_n011611_SW1_F
    SLICE_X27Y92.B1      net (fanout=1)        0.816   system_2_i/axi_interconnect_1/N31
    SLICE_X27Y92.B       Tilo                  0.124   system_2_i/axi_interconnect_1/axi_interconnect_1/crossbar_samd/gen_sasd.crossbar_sasd_0/gen_crossbar.gen_decerr.decerr_slave_inst/s_axi_awready_i
                                                       system_2_i/axi_interconnect_1/axi_interconnect_1/mi_protocol_conv_bank/gen_protocol_slot[0].gen_prot_conv.conv_inst/gen_axilite.gen_axilite_conv.axilite_conv_inst/_n011611_SW11
    SLICE_X27Y92.D6      net (fanout=2)        0.165   system_2_i/axi_interconnect_1/N15
    SLICE_X27Y92.CMUX    Topdc                 0.536   system_2_i/axi_interconnect_1/axi_interconnect_1/crossbar_samd/gen_sasd.crossbar_sasd_0/gen_crossbar.gen_decerr.decerr_slave_inst/s_axi_awready_i
                                                       system_2_i/axi_interconnect_1/axi_interconnect_1/crossbar_samd/gen_sasd.crossbar_sasd_0/gen_crossbar.mi_awready_mux_inst/O1_F
                                                       system_2_i/axi_interconnect_1/axi_interconnect_1/crossbar_samd/gen_sasd.crossbar_sasd_0/gen_crossbar.mi_awready_mux_inst/O1
    SLICE_X26Y91.B4      net (fanout=4)        0.610   system_2_i/axi_interconnect_1/axi_interconnect_1/crossbar_samd/gen_sasd.crossbar_sasd_0/mi_awready_mux
    SLICE_X26Y91.B       Tilo                  0.124   system_2_i/axi_interconnect_1/axi_interconnect_1/crossbar_samd/gen_sasd.crossbar_sasd_0/gen_crossbar.addr_arbiter_inst/m_valid_i
                                                       system_2_i/axi_interconnect_1/axi_interconnect_1/crossbar_samd/gen_sasd.crossbar_sasd_0/gen_crossbar.splitter_aw/out1
    SLICE_X26Y95.A5      net (fanout=2)        0.618   system_2_i/axi_interconnect_1/axi_interconnect_1/crossbar_samd/gen_sasd.crossbar_sasd_0/aa_awready
    SLICE_X26Y95.CLK     Tas                   0.047   system_2_i/axi_interconnect_1/axi_interconnect_1/crossbar_samd/gen_sasd.crossbar_sasd_0/gen_crossbar.gen_decerr.decerr_slave_inst/s_axi_arready_i
                                                       system_2_i/axi_interconnect_1/axi_interconnect_1/crossbar_samd/gen_sasd.crossbar_sasd_0/gen_crossbar.addr_arbiter_inst/m_grant_hot_i_0_glue_set
                                                       system_2_i/axi_interconnect_1/axi_interconnect_1/crossbar_samd/gen_sasd.crossbar_sasd_0/gen_crossbar.addr_arbiter_inst/m_grant_hot_i_0
    -------------------------------------------------  ---------------------------
    Total                                      5.108ns (1.535ns logic, 3.573ns route)
                                                       (30.1% logic, 69.9% route)

--------------------------------------------------------------------------------
Slack:                  14.833ns (requirement - (data path - clock path skew + uncertainty))
  Source:               system_2_i/axi_timer_0/axi_timer_0/AXI4_LITE_I/I_SLAVE_ATTACHMENT/I_DECODER/ce_out_i_5 (FF)
  Destination:          system_2_i/axi_interconnect_1/axi_interconnect_1/crossbar_samd/gen_sasd.crossbar_sasd_0/gen_crossbar.addr_arbiter_inst/m_grant_hot_i_0 (FF)
  Requirement:          20.000ns
  Data Path Delay:      5.107ns (Levels of Logic = 7)
  Clock Path Skew:      -0.025ns (0.170 - 0.195)
  Source Clock:         system_2_i/processing_system7_0_FCLK_CLK0 rising at 0.000ns
  Destination Clock:    system_2_i/processing_system7_0_FCLK_CLK0 rising at 20.000ns
  Clock Uncertainty:    0.035ns

  Clock Uncertainty:          0.035ns  ((TSJ^2 + TIJ^2)^1/2 + DJ) / 2 + PE
    Total System Jitter (TSJ):  0.070ns
    Total Input Jitter (TIJ):   0.000ns
    Discrete Jitter (DJ):       0.000ns
    Phase Error (PE):           0.000ns

  Maximum Data Path at Slow Process Corner: system_2_i/axi_timer_0/axi_timer_0/AXI4_LITE_I/I_SLAVE_ATTACHMENT/I_DECODER/ce_out_i_5 to system_2_i/axi_interconnect_1/axi_interconnect_1/crossbar_samd/gen_sasd.crossbar_sasd_0/gen_crossbar.addr_arbiter_inst/m_grant_hot_i_0
    Location             Delay type         Delay(ns)  Physical Resource
                                                       Logical Resource(s)
    -------------------------------------------------  -------------------
    SLICE_X27Y94.CQ      Tcko                  0.456   system_2_i/axi_timer_0/axi_timer_0/AXI4_LITE_I/I_SLAVE_ATTACHMENT/I_DECODER/ce_out_i_6
                                                       system_2_i/axi_timer_0/axi_timer_0/AXI4_LITE_I/I_SLAVE_ATTACHMENT/I_DECODER/ce_out_i_5
    SLICE_X27Y93.C4      net (fanout=36)       0.622   system_2_i/axi_timer_0/axi_timer_0/AXI4_LITE_I/I_SLAVE_ATTACHMENT/I_DECODER/ce_out_i_5
    SLICE_X27Y93.C       Tilo                  0.124   system_2_i/axi_interconnect_1/axi_interconnect_1/crossbar_samd/gen_sasd.crossbar_sasd_0/gen_crossbar.addr_arbiter_inst/grant_rnw
                                                       system_2_i/axi_timer_0/axi_timer_0/AXI4_LITE_I/I_SLAVE_ATTACHMENT/wr_done1_SW0
    SLICE_X27Y93.A6      net (fanout=1)        0.154   system_2_i/axi_timer_0/N89
    SLICE_X27Y93.A       Tilo                  0.124   system_2_i/axi_interconnect_1/axi_interconnect_1/crossbar_samd/gen_sasd.crossbar_sasd_0/gen_crossbar.addr_arbiter_inst/grant_rnw
                                                       system_2_i/axi_timer_0/axi_timer_0/AXI4_LITE_I/I_SLAVE_ATTACHMENT/wr_done1
    SLICE_X29Y92.C5      net (fanout=6)        0.461   system_2_i/axi_interconnect_1_M_AWREADY
    SLICE_X29Y92.C       Tilo                  0.124   system_2_i/axi_interconnect_1_M_BVALID
                                                       system_2_i/axi_interconnect_1/axi_interconnect_1/mi_protocol_conv_bank/gen_protocol_slot[0].gen_prot_conv.conv_inst/gen_axilite.gen_axilite_conv.axilite_conv_inst/_n011611_SW1_F
    SLICE_X27Y92.B1      net (fanout=1)        0.816   system_2_i/axi_interconnect_1/N31
    SLICE_X27Y92.B       Tilo                  0.124   system_2_i/axi_interconnect_1/axi_interconnect_1/crossbar_samd/gen_sasd.crossbar_sasd_0/gen_crossbar.gen_decerr.decerr_slave_inst/s_axi_awready_i
                                                       system_2_i/axi_interconnect_1/axi_interconnect_1/mi_protocol_conv_bank/gen_protocol_slot[0].gen_prot_conv.conv_inst/gen_axilite.gen_axilite_conv.axilite_conv_inst/_n011611_SW11
    SLICE_X27Y92.C6      net (fanout=2)        0.160   system_2_i/axi_interconnect_1/N15
    SLICE_X27Y92.CMUX    Tilo                  0.543   system_2_i/axi_interconnect_1/axi_interconnect_1/crossbar_samd/gen_sasd.crossbar_sasd_0/gen_crossbar.gen_decerr.decerr_slave_inst/s_axi_awready_i
                                                       system_2_i/axi_interconnect_1/axi_interconnect_1/crossbar_samd/gen_sasd.crossbar_sasd_0/gen_crossbar.mi_awready_mux_inst/O1_G
                                                       system_2_i/axi_interconnect_1/axi_interconnect_1/crossbar_samd/gen_sasd.crossbar_sasd_0/gen_crossbar.mi_awready_mux_inst/O1
    SLICE_X26Y91.B4      net (fanout=4)        0.610   system_2_i/axi_interconnect_1/axi_interconnect_1/crossbar_samd/gen_sasd.crossbar_sasd_0/mi_awready_mux
    SLICE_X26Y91.B       Tilo                  0.124   system_2_i/axi_interconnect_1/axi_interconnect_1/crossbar_samd/gen_sasd.crossbar_sasd_0/gen_crossbar.addr_arbiter_inst/m_valid_i
                                                       system_2_i/axi_interconnect_1/axi_interconnect_1/crossbar_samd/gen_sasd.crossbar_sasd_0/gen_crossbar.splitter_aw/out1
    SLICE_X26Y95.A5      net (fanout=2)        0.618   system_2_i/axi_interconnect_1/axi_interconnect_1/crossbar_samd/gen_sasd.crossbar_sasd_0/aa_awready
    SLICE_X26Y95.CLK     Tas                   0.047   system_2_i/axi_interconnect_1/axi_interconnect_1/crossbar_samd/gen_sasd.crossbar_sasd_0/gen_crossbar.gen_decerr.decerr_slave_inst/s_axi_arready_i
                                                       system_2_i/axi_interconnect_1/axi_interconnect_1/crossbar_samd/gen_sasd.crossbar_sasd_0/gen_crossbar.addr_arbiter_inst/m_grant_hot_i_0_glue_set
                                                       system_2_i/axi_interconnect_1/axi_interconnect_1/crossbar_samd/gen_sasd.crossbar_sasd_0/gen_crossbar.addr_arbiter_inst/m_grant_hot_i_0
    -------------------------------------------------  ---------------------------
    Total                                      5.107ns (1.666ns logic, 3.441ns route)
                                                       (32.6% logic, 67.4% route)

--------------------------------------------------------------------------------
Slack:                  14.835ns (requirement - (data path - clock path skew + uncertainty))
  Source:               system_2_i/axi_timer_0/axi_timer_0/AXI4_LITE_I/I_SLAVE_ATTACHMENT/I_DECODER/ce_out_i_5 (FF)
  Destination:          system_2_i/axi_interconnect_1/axi_interconnect_1/crossbar_samd/gen_sasd.crossbar_sasd_0/gen_crossbar.addr_arbiter_inst/m_grant_hot_i_0 (FF)
  Requirement:          20.000ns
  Data Path Delay:      5.105ns (Levels of Logic = 7)
  Clock Path Skew:      -0.025ns (0.170 - 0.195)
  Source Clock:         system_2_i/processing_system7_0_FCLK_CLK0 rising at 0.000ns
  Destination Clock:    system_2_i/processing_system7_0_FCLK_CLK0 rising at 20.000ns
  Clock Uncertainty:    0.035ns

  Clock Uncertainty:          0.035ns  ((TSJ^2 + TIJ^2)^1/2 + DJ) / 2 + PE
    Total System Jitter (TSJ):  0.070ns
    Total Input Jitter (TIJ):   0.000ns
    Discrete Jitter (DJ):       0.000ns
    Phase Error (PE):           0.000ns

  Maximum Data Path at Slow Process Corner: system_2_i/axi_timer_0/axi_timer_0/AXI4_LITE_I/I_SLAVE_ATTACHMENT/I_DECODER/ce_out_i_5 to system_2_i/axi_interconnect_1/axi_interconnect_1/crossbar_samd/gen_sasd.crossbar_sasd_0/gen_crossbar.addr_arbiter_inst/m_grant_hot_i_0
    Location             Delay type         Delay(ns)  Physical Resource
                                                       Logical Resource(s)
    -------------------------------------------------  -------------------
    SLICE_X27Y94.CQ      Tcko                  0.456   system_2_i/axi_timer_0/axi_timer_0/AXI4_LITE_I/I_SLAVE_ATTACHMENT/I_DECODER/ce_out_i_6
                                                       system_2_i/axi_timer_0/axi_timer_0/AXI4_LITE_I/I_SLAVE_ATTACHMENT/I_DECODER/ce_out_i_5
    SLICE_X27Y93.C4      net (fanout=36)       0.622   system_2_i/axi_timer_0/axi_timer_0/AXI4_LITE_I/I_SLAVE_ATTACHMENT/I_DECODER/ce_out_i_5
    SLICE_X27Y93.C       Tilo                  0.124   system_2_i/axi_interconnect_1/axi_interconnect_1/crossbar_samd/gen_sasd.crossbar_sasd_0/gen_crossbar.addr_arbiter_inst/grant_rnw
                                                       system_2_i/axi_timer_0/axi_timer_0/AXI4_LITE_I/I_SLAVE_ATTACHMENT/wr_done1_SW0
    SLICE_X27Y93.A6      net (fanout=1)        0.154   system_2_i/axi_timer_0/N89
    SLICE_X27Y93.A       Tilo                  0.124   system_2_i/axi_interconnect_1/axi_interconnect_1/crossbar_samd/gen_sasd.crossbar_sasd_0/gen_crossbar.addr_arbiter_inst/grant_rnw
                                                       system_2_i/axi_timer_0/axi_timer_0/AXI4_LITE_I/I_SLAVE_ATTACHMENT/wr_done1
    SLICE_X29Y92.C5      net (fanout=6)        0.461   system_2_i/axi_interconnect_1_M_AWREADY
    SLICE_X29Y92.C       Tilo                  0.124   system_2_i/axi_interconnect_1_M_BVALID
                                                       system_2_i/axi_interconnect_1/axi_interconnect_1/mi_protocol_conv_bank/gen_protocol_slot[0].gen_prot_conv.conv_inst/gen_axilite.gen_axilite_conv.axilite_conv_inst/_n011611_SW1_F
    SLICE_X27Y92.B1      net (fanout=1)        0.816   system_2_i/axi_interconnect_1/N31
    SLICE_X27Y92.B       Tilo                  0.124   system_2_i/axi_interconnect_1/axi_interconnect_1/crossbar_samd/gen_sasd.crossbar_sasd_0/gen_crossbar.gen_decerr.decerr_slave_inst/s_axi_awready_i
                                                       system_2_i/axi_interconnect_1/axi_interconnect_1/mi_protocol_conv_bank/gen_protocol_slot[0].gen_prot_conv.conv_inst/gen_axilite.gen_axilite_conv.axilite_conv_inst/_n011611_SW11
    SLICE_X27Y92.D6      net (fanout=2)        0.165   system_2_i/axi_interconnect_1/N15
    SLICE_X27Y92.CMUX    Topdc                 0.536   system_2_i/axi_interconnect_1/axi_interconnect_1/crossbar_samd/gen_sasd.crossbar_sasd_0/gen_crossbar.gen_decerr.decerr_slave_inst/s_axi_awready_i
                                                       system_2_i/axi_interconnect_1/axi_interconnect_1/crossbar_samd/gen_sasd.crossbar_sasd_0/gen_crossbar.mi_awready_mux_inst/O1_F
                                                       system_2_i/axi_interconnect_1/axi_interconnect_1/crossbar_samd/gen_sasd.crossbar_sasd_0/gen_crossbar.mi_awready_mux_inst/O1
    SLICE_X26Y91.B4      net (fanout=4)        0.610   system_2_i/axi_interconnect_1/axi_interconnect_1/crossbar_samd/gen_sasd.crossbar_sasd_0/mi_awready_mux
    SLICE_X26Y91.B       Tilo                  0.124   system_2_i/axi_interconnect_1/axi_interconnect_1/crossbar_samd/gen_sasd.crossbar_sasd_0/gen_crossbar.addr_arbiter_inst/m_valid_i
                                                       system_2_i/axi_interconnect_1/axi_interconnect_1/crossbar_samd/gen_sasd.crossbar_sasd_0/gen_crossbar.splitter_aw/out1
    SLICE_X26Y95.A5      net (fanout=2)        0.618   system_2_i/axi_interconnect_1/axi_interconnect_1/crossbar_samd/gen_sasd.crossbar_sasd_0/aa_awready
    SLICE_X26Y95.CLK     Tas                   0.047   system_2_i/axi_interconnect_1/axi_interconnect_1/crossbar_samd/gen_sasd.crossbar_sasd_0/gen_crossbar.gen_decerr.decerr_slave_inst/s_axi_arready_i
                                                       system_2_i/axi_interconnect_1/axi_interconnect_1/crossbar_samd/gen_sasd.crossbar_sasd_0/gen_crossbar.addr_arbiter_inst/m_grant_hot_i_0_glue_set
                                                       system_2_i/axi_interconnect_1/axi_interconnect_1/crossbar_samd/gen_sasd.crossbar_sasd_0/gen_crossbar.addr_arbiter_inst/m_grant_hot_i_0
    -------------------------------------------------  ---------------------------
    Total                                      5.105ns (1.659ns logic, 3.446ns route)
                                                       (32.5% logic, 67.5% route)

--------------------------------------------------------------------------------
Slack:                  14.842ns (requirement - (data path - clock path skew + uncertainty))
  Source:               system_2_i/axi_timer_0/axi_timer_0/AXI4_LITE_I/I_SLAVE_ATTACHMENT/INCLUDE_DPHASE_TIMER.dpto_cnt_5 (FF)
  Destination:          system_2_i/axi_interconnect_1/axi_interconnect_1/crossbar_samd/gen_sasd.crossbar_sasd_0/gen_crossbar.addr_arbiter_inst/m_valid_i (FF)
  Requirement:          20.000ns
  Data Path Delay:      5.099ns (Levels of Logic = 6)
  Clock Path Skew:      -0.024ns (0.169 - 0.193)
  Source Clock:         system_2_i/processing_system7_0_FCLK_CLK0 rising at 0.000ns
  Destination Clock:    system_2_i/processing_system7_0_FCLK_CLK0 rising at 20.000ns
  Clock Uncertainty:    0.035ns

  Clock Uncertainty:          0.035ns  ((TSJ^2 + TIJ^2)^1/2 + DJ) / 2 + PE
    Total System Jitter (TSJ):  0.070ns
    Total Input Jitter (TIJ):   0.000ns
    Discrete Jitter (DJ):       0.000ns
    Phase Error (PE):           0.000ns

  Maximum Data Path at Slow Process Corner: system_2_i/axi_timer_0/axi_timer_0/AXI4_LITE_I/I_SLAVE_ATTACHMENT/INCLUDE_DPHASE_TIMER.dpto_cnt_5 to system_2_i/axi_interconnect_1/axi_interconnect_1/crossbar_samd/gen_sasd.crossbar_sasd_0/gen_crossbar.addr_arbiter_inst/m_valid_i
    Location             Delay type         Delay(ns)  Physical Resource
                                                       Logical Resource(s)
    -------------------------------------------------  -------------------
    SLICE_X26Y89.DQ      Tcko                  0.518   system_2_i/axi_timer_0/axi_timer_0/AXI4_LITE_I/I_SLAVE_ATTACHMENT/INCLUDE_DPHASE_TIMER.dpto_cnt[5]
                                                       system_2_i/axi_timer_0/axi_timer_0/AXI4_LITE_I/I_SLAVE_ATTACHMENT/INCLUDE_DPHASE_TIMER.dpto_cnt_5
    SLICE_X27Y93.A1      net (fanout=4)        0.982   system_2_i/axi_timer_0/axi_timer_0/AXI4_LITE_I/I_SLAVE_ATTACHMENT/INCLUDE_DPHASE_TIMER.dpto_cnt[5]
    SLICE_X27Y93.A       Tilo                  0.124   system_2_i/axi_interconnect_1/axi_interconnect_1/crossbar_samd/gen_sasd.crossbar_sasd_0/gen_crossbar.addr_arbiter_inst/grant_rnw
                                                       system_2_i/axi_timer_0/axi_timer_0/AXI4_LITE_I/I_SLAVE_ATTACHMENT/wr_done1
    SLICE_X29Y92.C5      net (fanout=6)        0.461   system_2_i/axi_interconnect_1_M_AWREADY
    SLICE_X29Y92.C       Tilo                  0.124   system_2_i/axi_interconnect_1_M_BVALID
                                                       system_2_i/axi_interconnect_1/axi_interconnect_1/mi_protocol_conv_bank/gen_protocol_slot[0].gen_prot_conv.conv_inst/gen_axilite.gen_axilite_conv.axilite_conv_inst/_n011611_SW1_F
    SLICE_X27Y92.B1      net (fanout=1)        0.816   system_2_i/axi_interconnect_1/N31
    SLICE_X27Y92.B       Tilo                  0.124   system_2_i/axi_interconnect_1/axi_interconnect_1/crossbar_samd/gen_sasd.crossbar_sasd_0/gen_crossbar.gen_decerr.decerr_slave_inst/s_axi_awready_i
                                                       system_2_i/axi_interconnect_1/axi_interconnect_1/mi_protocol_conv_bank/gen_protocol_slot[0].gen_prot_conv.conv_inst/gen_axilite.gen_axilite_conv.axilite_conv_inst/_n011611_SW11
    SLICE_X27Y92.C6      net (fanout=2)        0.160   system_2_i/axi_interconnect_1/N15
    SLICE_X27Y92.CMUX    Tilo                  0.543   system_2_i/axi_interconnect_1/axi_interconnect_1/crossbar_samd/gen_sasd.crossbar_sasd_0/gen_crossbar.gen_decerr.decerr_slave_inst/s_axi_awready_i
                                                       system_2_i/axi_interconnect_1/axi_interconnect_1/crossbar_samd/gen_sasd.crossbar_sasd_0/gen_crossbar.mi_awready_mux_inst/O1_G
                                                       system_2_i/axi_interconnect_1/axi_interconnect_1/crossbar_samd/gen_sasd.crossbar_sasd_0/gen_crossbar.mi_awready_mux_inst/O1
    SLICE_X26Y91.B4      net (fanout=4)        0.610   system_2_i/axi_interconnect_1/axi_interconnect_1/crossbar_samd/gen_sasd.crossbar_sasd_0/mi_awready_mux
    SLICE_X26Y91.B       Tilo                  0.124   system_2_i/axi_interconnect_1/axi_interconnect_1/crossbar_samd/gen_sasd.crossbar_sasd_0/gen_crossbar.addr_arbiter_inst/m_valid_i
                                                       system_2_i/axi_interconnect_1/axi_interconnect_1/crossbar_samd/gen_sasd.crossbar_sasd_0/gen_crossbar.splitter_aw/out1
    SLICE_X26Y91.A4      net (fanout=2)        0.466   system_2_i/axi_interconnect_1/axi_interconnect_1/crossbar_samd/gen_sasd.crossbar_sasd_0/aa_awready
    SLICE_X26Y91.CLK     Tas                   0.047   system_2_i/axi_interconnect_1/axi_interconnect_1/crossbar_samd/gen_sasd.crossbar_sasd_0/gen_crossbar.addr_arbiter_inst/m_valid_i
                                                       system_2_i/axi_interconnect_1/axi_interconnect_1/crossbar_samd/gen_sasd.crossbar_sasd_0/gen_crossbar.addr_arbiter_inst/m_valid_i_glue_set
                                                       system_2_i/axi_interconnect_1/axi_interconnect_1/crossbar_samd/gen_sasd.crossbar_sasd_0/gen_crossbar.addr_arbiter_inst/m_valid_i
    -------------------------------------------------  ---------------------------
    Total                                      5.099ns (1.604ns logic, 3.495ns route)
                                                       (31.5% logic, 68.5% route)

--------------------------------------------------------------------------------
Slack:                  14.844ns (requirement - (data path - clock path skew + uncertainty))
  Source:               system_2_i/axi_timer_0/axi_timer_0/AXI4_LITE_I/I_SLAVE_ATTACHMENT/INCLUDE_DPHASE_TIMER.dpto_cnt_5 (FF)
  Destination:          system_2_i/axi_interconnect_1/axi_interconnect_1/crossbar_samd/gen_sasd.crossbar_sasd_0/gen_crossbar.addr_arbiter_inst/m_valid_i (FF)
  Requirement:          20.000ns
  Data Path Delay:      5.097ns (Levels of Logic = 6)
  Clock Path Skew:      -0.024ns (0.169 - 0.193)
  Source Clock:         system_2_i/processing_system7_0_FCLK_CLK0 rising at 0.000ns
  Destination Clock:    system_2_i/processing_system7_0_FCLK_CLK0 rising at 20.000ns
  Clock Uncertainty:    0.035ns

  Clock Uncertainty:          0.035ns  ((TSJ^2 + TIJ^2)^1/2 + DJ) / 2 + PE
    Total System Jitter (TSJ):  0.070ns
    Total Input Jitter (TIJ):   0.000ns
    Discrete Jitter (DJ):       0.000ns
    Phase Error (PE):           0.000ns

  Maximum Data Path at Slow Process Corner: system_2_i/axi_timer_0/axi_timer_0/AXI4_LITE_I/I_SLAVE_ATTACHMENT/INCLUDE_DPHASE_TIMER.dpto_cnt_5 to system_2_i/axi_interconnect_1/axi_interconnect_1/crossbar_samd/gen_sasd.crossbar_sasd_0/gen_crossbar.addr_arbiter_inst/m_valid_i
    Location             Delay type         Delay(ns)  Physical Resource
                                                       Logical Resource(s)
    -------------------------------------------------  -------------------
    SLICE_X26Y89.DQ      Tcko                  0.518   system_2_i/axi_timer_0/axi_timer_0/AXI4_LITE_I/I_SLAVE_ATTACHMENT/INCLUDE_DPHASE_TIMER.dpto_cnt[5]
                                                       system_2_i/axi_timer_0/axi_timer_0/AXI4_LITE_I/I_SLAVE_ATTACHMENT/INCLUDE_DPHASE_TIMER.dpto_cnt_5
    SLICE_X27Y93.A1      net (fanout=4)        0.982   system_2_i/axi_timer_0/axi_timer_0/AXI4_LITE_I/I_SLAVE_ATTACHMENT/INCLUDE_DPHASE_TIMER.dpto_cnt[5]
    SLICE_X27Y93.A       Tilo                  0.124   system_2_i/axi_interconnect_1/axi_interconnect_1/crossbar_samd/gen_sasd.crossbar_sasd_0/gen_crossbar.addr_arbiter_inst/grant_rnw
                                                       system_2_i/axi_timer_0/axi_timer_0/AXI4_LITE_I/I_SLAVE_ATTACHMENT/wr_done1
    SLICE_X29Y92.C5      net (fanout=6)        0.461   system_2_i/axi_interconnect_1_M_AWREADY
    SLICE_X29Y92.C       Tilo                  0.124   system_2_i/axi_interconnect_1_M_BVALID
                                                       system_2_i/axi_interconnect_1/axi_interconnect_1/mi_protocol_conv_bank/gen_protocol_slot[0].gen_prot_conv.conv_inst/gen_axilite.gen_axilite_conv.axilite_conv_inst/_n011611_SW1_F
    SLICE_X27Y92.B1      net (fanout=1)        0.816   system_2_i/axi_interconnect_1/N31
    SLICE_X27Y92.B       Tilo                  0.124   system_2_i/axi_interconnect_1/axi_interconnect_1/crossbar_samd/gen_sasd.crossbar_sasd_0/gen_crossbar.gen_decerr.decerr_slave_inst/s_axi_awready_i
                                                       system_2_i/axi_interconnect_1/axi_interconnect_1/mi_protocol_conv_bank/gen_protocol_slot[0].gen_prot_conv.conv_inst/gen_axilite.gen_axilite_conv.axilite_conv_inst/_n011611_SW11
    SLICE_X27Y92.D6      net (fanout=2)        0.165   system_2_i/axi_interconnect_1/N15
    SLICE_X27Y92.CMUX    Topdc                 0.536   system_2_i/axi_interconnect_1/axi_interconnect_1/crossbar_samd/gen_sasd.crossbar_sasd_0/gen_crossbar.gen_decerr.decerr_slave_inst/s_axi_awready_i
                                                       system_2_i/axi_interconnect_1/axi_interconnect_1/crossbar_samd/gen_sasd.crossbar_sasd_0/gen_crossbar.mi_awready_mux_inst/O1_F
                                                       system_2_i/axi_interconnect_1/axi_interconnect_1/crossbar_samd/gen_sasd.crossbar_sasd_0/gen_crossbar.mi_awready_mux_inst/O1
    SLICE_X26Y91.B4      net (fanout=4)        0.610   system_2_i/axi_interconnect_1/axi_interconnect_1/crossbar_samd/gen_sasd.crossbar_sasd_0/mi_awready_mux
    SLICE_X26Y91.B       Tilo                  0.124   system_2_i/axi_interconnect_1/axi_interconnect_1/crossbar_samd/gen_sasd.crossbar_sasd_0/gen_crossbar.addr_arbiter_inst/m_valid_i
                                                       system_2_i/axi_interconnect_1/axi_interconnect_1/crossbar_samd/gen_sasd.crossbar_sasd_0/gen_crossbar.splitter_aw/out1
    SLICE_X26Y91.A4      net (fanout=2)        0.466   system_2_i/axi_interconnect_1/axi_interconnect_1/crossbar_samd/gen_sasd.crossbar_sasd_0/aa_awready
    SLICE_X26Y91.CLK     Tas                   0.047   system_2_i/axi_interconnect_1/axi_interconnect_1/crossbar_samd/gen_sasd.crossbar_sasd_0/gen_crossbar.addr_arbiter_inst/m_valid_i
                                                       system_2_i/axi_interconnect_1/axi_interconnect_1/crossbar_samd/gen_sasd.crossbar_sasd_0/gen_crossbar.addr_arbiter_inst/m_valid_i_glue_set
                                                       system_2_i/axi_interconnect_1/axi_interconnect_1/crossbar_samd/gen_sasd.crossbar_sasd_0/gen_crossbar.addr_arbiter_inst/m_valid_i
    -------------------------------------------------  ---------------------------
    Total                                      5.097ns (1.597ns logic, 3.500ns route)
                                                       (31.3% logic, 68.7% route)

--------------------------------------------------------------------------------
Slack:                  14.845ns (requirement - (data path - clock path skew + uncertainty))
  Source:               system_2_i/axi_timer_0/axi_timer_0/AXI4_LITE_I/I_SLAVE_ATTACHMENT/I_DECODER/ce_out_i_6 (FF)
  Destination:          system_2_i/axi_interconnect_1/axi_interconnect_1/crossbar_samd/gen_sasd.crossbar_sasd_0/gen_crossbar.addr_arbiter_inst/m_grant_hot_i_0 (FF)
  Requirement:          20.000ns
  Data Path Delay:      5.095ns (Levels of Logic = 6)
  Clock Path Skew:      -0.025ns (0.170 - 0.195)
  Source Clock:         system_2_i/processing_system7_0_FCLK_CLK0 rising at 0.000ns
  Destination Clock:    system_2_i/processing_system7_0_FCLK_CLK0 rising at 20.000ns
  Clock Uncertainty:    0.035ns

  Clock Uncertainty:          0.035ns  ((TSJ^2 + TIJ^2)^1/2 + DJ) / 2 + PE
    Total System Jitter (TSJ):  0.070ns
    Total Input Jitter (TIJ):   0.000ns
    Discrete Jitter (DJ):       0.000ns
    Phase Error (PE):           0.000ns

  Maximum Data Path at Slow Process Corner: system_2_i/axi_timer_0/axi_timer_0/AXI4_LITE_I/I_SLAVE_ATTACHMENT/I_DECODER/ce_out_i_6 to system_2_i/axi_interconnect_1/axi_interconnect_1/crossbar_samd/gen_sasd.crossbar_sasd_0/gen_crossbar.addr_arbiter_inst/m_grant_hot_i_0
    Location             Delay type         Delay(ns)  Physical Resource
                                                       Logical Resource(s)
    -------------------------------------------------  -------------------
    SLICE_X27Y94.DQ      Tcko                  0.456   system_2_i/axi_timer_0/axi_timer_0/AXI4_LITE_I/I_SLAVE_ATTACHMENT/I_DECODER/ce_out_i_6
                                                       system_2_i/axi_timer_0/axi_timer_0/AXI4_LITE_I/I_SLAVE_ATTACHMENT/I_DECODER/ce_out_i_6
    SLICE_X27Y93.A4      net (fanout=5)        0.888   system_2_i/axi_timer_0/axi_timer_0/AXI4_LITE_I/I_SLAVE_ATTACHMENT/I_DECODER/ce_out_i_6
    SLICE_X27Y93.A       Tilo                  0.124   system_2_i/axi_interconnect_1/axi_interconnect_1/crossbar_samd/gen_sasd.crossbar_sasd_0/gen_crossbar.addr_arbiter_inst/grant_rnw
                                                       system_2_i/axi_timer_0/axi_timer_0/AXI4_LITE_I/I_SLAVE_ATTACHMENT/wr_done1
    SLICE_X29Y92.C5      net (fanout=6)        0.461   system_2_i/axi_interconnect_1_M_AWREADY
    SLICE_X29Y92.C       Tilo                  0.124   system_2_i/axi_interconnect_1_M_BVALID
                                                       system_2_i/axi_interconnect_1/axi_interconnect_1/mi_protocol_conv_bank/gen_protocol_slot[0].gen_prot_conv.conv_inst/gen_axilite.gen_axilite_conv.axilite_conv_inst/_n011611_SW1_F
    SLICE_X27Y92.B1      net (fanout=1)        0.816   system_2_i/axi_interconnect_1/N31
    SLICE_X27Y92.B       Tilo                  0.124   system_2_i/axi_interconnect_1/axi_interconnect_1/crossbar_samd/gen_sasd.crossbar_sasd_0/gen_crossbar.gen_decerr.decerr_slave_inst/s_axi_awready_i
                                                       system_2_i/axi_interconnect_1/axi_interconnect_1/mi_protocol_conv_bank/gen_protocol_slot[0].gen_prot_conv.conv_inst/gen_axilite.gen_axilite_conv.axilite_conv_inst/_n011611_SW11
    SLICE_X27Y92.C6      net (fanout=2)        0.160   system_2_i/axi_interconnect_1/N15
    SLICE_X27Y92.CMUX    Tilo                  0.543   system_2_i/axi_interconnect_1/axi_interconnect_1/crossbar_samd/gen_sasd.crossbar_sasd_0/gen_crossbar.gen_decerr.decerr_slave_inst/s_axi_awready_i
                                                       system_2_i/axi_interconnect_1/axi_interconnect_1/crossbar_samd/gen_sasd.crossbar_sasd_0/gen_crossbar.mi_awready_mux_inst/O1_G
                                                       system_2_i/axi_interconnect_1/axi_interconnect_1/crossbar_samd/gen_sasd.crossbar_sasd_0/gen_crossbar.mi_awready_mux_inst/O1
    SLICE_X26Y91.B4      net (fanout=4)        0.610   system_2_i/axi_interconnect_1/axi_interconnect_1/crossbar_samd/gen_sasd.crossbar_sasd_0/mi_awready_mux
    SLICE_X26Y91.B       Tilo                  0.124   system_2_i/axi_interconnect_1/axi_interconnect_1/crossbar_samd/gen_sasd.crossbar_sasd_0/gen_crossbar.addr_arbiter_inst/m_valid_i
                                                       system_2_i/axi_interconnect_1/axi_interconnect_1/crossbar_samd/gen_sasd.crossbar_sasd_0/gen_crossbar.splitter_aw/out1
    SLICE_X26Y95.A5      net (fanout=2)        0.618   system_2_i/axi_interconnect_1/axi_interconnect_1/crossbar_samd/gen_sasd.crossbar_sasd_0/aa_awready
    SLICE_X26Y95.CLK     Tas                   0.047   system_2_i/axi_interconnect_1/axi_interconnect_1/crossbar_samd/gen_sasd.crossbar_sasd_0/gen_crossbar.gen_decerr.decerr_slave_inst/s_axi_arready_i
                                                       system_2_i/axi_interconnect_1/axi_interconnect_1/crossbar_samd/gen_sasd.crossbar_sasd_0/gen_crossbar.addr_arbiter_inst/m_grant_hot_i_0_glue_set
                                                       system_2_i/axi_interconnect_1/axi_interconnect_1/crossbar_samd/gen_sasd.crossbar_sasd_0/gen_crossbar.addr_arbiter_inst/m_grant_hot_i_0
    -------------------------------------------------  ---------------------------
    Total                                      5.095ns (1.542ns logic, 3.553ns route)
                                                       (30.3% logic, 69.7% route)

--------------------------------------------------------------------------------
Slack:                  14.847ns (requirement - (data path - clock path skew + uncertainty))
  Source:               system_2_i/axi_timer_0/axi_timer_0/AXI4_LITE_I/I_SLAVE_ATTACHMENT/I_DECODER/ce_out_i_6 (FF)
  Destination:          system_2_i/axi_interconnect_1/axi_interconnect_1/crossbar_samd/gen_sasd.crossbar_sasd_0/gen_crossbar.addr_arbiter_inst/m_grant_hot_i_0 (FF)
  Requirement:          20.000ns
  Data Path Delay:      5.093ns (Levels of Logic = 6)
  Clock Path Skew:      -0.025ns (0.170 - 0.195)
  Source Clock:         system_2_i/processing_system7_0_FCLK_CLK0 rising at 0.000ns
  Destination Clock:    system_2_i/processing_system7_0_FCLK_CLK0 rising at 20.000ns
  Clock Uncertainty:    0.035ns

  Clock Uncertainty:          0.035ns  ((TSJ^2 + TIJ^2)^1/2 + DJ) / 2 + PE
    Total System Jitter (TSJ):  0.070ns
    Total Input Jitter (TIJ):   0.000ns
    Discrete Jitter (DJ):       0.000ns
    Phase Error (PE):           0.000ns

  Maximum Data Path at Slow Process Corner: system_2_i/axi_timer_0/axi_timer_0/AXI4_LITE_I/I_SLAVE_ATTACHMENT/I_DECODER/ce_out_i_6 to system_2_i/axi_interconnect_1/axi_interconnect_1/crossbar_samd/gen_sasd.crossbar_sasd_0/gen_crossbar.addr_arbiter_inst/m_grant_hot_i_0
    Location             Delay type         Delay(ns)  Physical Resource
                                                       Logical Resource(s)
    -------------------------------------------------  -------------------
    SLICE_X27Y94.DQ      Tcko                  0.456   system_2_i/axi_timer_0/axi_timer_0/AXI4_LITE_I/I_SLAVE_ATTACHMENT/I_DECODER/ce_out_i_6
                                                       system_2_i/axi_timer_0/axi_timer_0/AXI4_LITE_I/I_SLAVE_ATTACHMENT/I_DECODER/ce_out_i_6
    SLICE_X27Y93.A4      net (fanout=5)        0.888   system_2_i/axi_timer_0/axi_timer_0/AXI4_LITE_I/I_SLAVE_ATTACHMENT/I_DECODER/ce_out_i_6
    SLICE_X27Y93.A       Tilo                  0.124   system_2_i/axi_interconnect_1/axi_interconnect_1/crossbar_samd/gen_sasd.crossbar_sasd_0/gen_crossbar.addr_arbiter_inst/grant_rnw
                                                       system_2_i/axi_timer_0/axi_timer_0/AXI4_LITE_I/I_SLAVE_ATTACHMENT/wr_done1
    SLICE_X29Y92.C5      net (fanout=6)        0.461   system_2_i/axi_interconnect_1_M_AWREADY
    SLICE_X29Y92.C       Tilo                  0.124   system_2_i/axi_interconnect_1_M_BVALID
                                                       system_2_i/axi_interconnect_1/axi_interconnect_1/mi_protocol_conv_bank/gen_protocol_slot[0].gen_prot_conv.conv_inst/gen_axilite.gen_axilite_conv.axilite_conv_inst/_n011611_SW1_F
    SLICE_X27Y92.B1      net (fanout=1)        0.816   system_2_i/axi_interconnect_1/N31
    SLICE_X27Y92.B       Tilo                  0.124   system_2_i/axi_interconnect_1/axi_interconnect_1/crossbar_samd/gen_sasd.crossbar_sasd_0/gen_crossbar.gen_decerr.decerr_slave_inst/s_axi_awready_i
                                                       system_2_i/axi_interconnect_1/axi_interconnect_1/mi_protocol_conv_bank/gen_protocol_slot[0].gen_prot_conv.conv_inst/gen_axilite.gen_axilite_conv.axilite_conv_inst/_n011611_SW11
    SLICE_X27Y92.D6      net (fanout=2)        0.165   system_2_i/axi_interconnect_1/N15
    SLICE_X27Y92.CMUX    Topdc                 0.536   system_2_i/axi_interconnect_1/axi_interconnect_1/crossbar_samd/gen_sasd.crossbar_sasd_0/gen_crossbar.gen_decerr.decerr_slave_inst/s_axi_awready_i
                                                       system_2_i/axi_interconnect_1/axi_interconnect_1/crossbar_samd/gen_sasd.crossbar_sasd_0/gen_crossbar.mi_awready_mux_inst/O1_F
                                                       system_2_i/axi_interconnect_1/axi_interconnect_1/crossbar_samd/gen_sasd.crossbar_sasd_0/gen_crossbar.mi_awready_mux_inst/O1
    SLICE_X26Y91.B4      net (fanout=4)        0.610   system_2_i/axi_interconnect_1/axi_interconnect_1/crossbar_samd/gen_sasd.crossbar_sasd_0/mi_awready_mux
    SLICE_X26Y91.B       Tilo                  0.124   system_2_i/axi_interconnect_1/axi_interconnect_1/crossbar_samd/gen_sasd.crossbar_sasd_0/gen_crossbar.addr_arbiter_inst/m_valid_i
                                                       system_2_i/axi_interconnect_1/axi_interconnect_1/crossbar_samd/gen_sasd.crossbar_sasd_0/gen_crossbar.splitter_aw/out1
    SLICE_X26Y95.A5      net (fanout=2)        0.618   system_2_i/axi_interconnect_1/axi_interconnect_1/crossbar_samd/gen_sasd.crossbar_sasd_0/aa_awready
    SLICE_X26Y95.CLK     Tas                   0.047   system_2_i/axi_interconnect_1/axi_interconnect_1/crossbar_samd/gen_sasd.crossbar_sasd_0/gen_crossbar.gen_decerr.decerr_slave_inst/s_axi_arready_i
                                                       system_2_i/axi_interconnect_1/axi_interconnect_1/crossbar_samd/gen_sasd.crossbar_sasd_0/gen_crossbar.addr_arbiter_inst/m_grant_hot_i_0_glue_set
                                                       system_2_i/axi_interconnect_1/axi_interconnect_1/crossbar_samd/gen_sasd.crossbar_sasd_0/gen_crossbar.addr_arbiter_inst/m_grant_hot_i_0
    -------------------------------------------------  ---------------------------
    Total                                      5.093ns (1.535ns logic, 3.558ns route)
                                                       (30.1% logic, 69.9% route)

--------------------------------------------------------------------------------
Slack:                  14.856ns (requirement - (data path - clock path skew + uncertainty))
  Source:               system_2_i/axi_timer_0/axi_timer_0/AXI4_LITE_I/I_SLAVE_ATTACHMENT/I_DECODER/ce_out_i_4 (FF)
  Destination:          system_2_i/axi_interconnect_1/axi_interconnect_1/crossbar_samd/gen_sasd.crossbar_sasd_0/gen_crossbar.addr_arbiter_inst/m_valid_i (FF)
  Requirement:          20.000ns
  Data Path Delay:      5.044ns (Levels of Logic = 7)
  Clock Path Skew:      -0.065ns (0.812 - 0.877)
  Source Clock:         system_2_i/processing_system7_0_FCLK_CLK0 rising at 0.000ns
  Destination Clock:    system_2_i/processing_system7_0_FCLK_CLK0 rising at 20.000ns
  Clock Uncertainty:    0.035ns

  Clock Uncertainty:          0.035ns  ((TSJ^2 + TIJ^2)^1/2 + DJ) / 2 + PE
    Total System Jitter (TSJ):  0.070ns
    Total Input Jitter (TIJ):   0.000ns
    Discrete Jitter (DJ):       0.000ns
    Phase Error (PE):           0.000ns

  Maximum Data Path at Slow Process Corner: system_2_i/axi_timer_0/axi_timer_0/AXI4_LITE_I/I_SLAVE_ATTACHMENT/I_DECODER/ce_out_i_4 to system_2_i/axi_interconnect_1/axi_interconnect_1/crossbar_samd/gen_sasd.crossbar_sasd_0/gen_crossbar.addr_arbiter_inst/m_valid_i
    Location             Delay type         Delay(ns)  Physical Resource
                                                       Logical Resource(s)
    -------------------------------------------------  -------------------
    SLICE_X29Y94.DQ      Tcko                  0.456   system_2_i/axi_timer_0/axi_timer_0/AXI4_LITE_I/I_SLAVE_ATTACHMENT/I_DECODER/ce_out_i_4
                                                       system_2_i/axi_timer_0/axi_timer_0/AXI4_LITE_I/I_SLAVE_ATTACHMENT/I_DECODER/ce_out_i_4
    SLICE_X27Y93.C3      net (fanout=7)        0.711   system_2_i/axi_timer_0/axi_timer_0/AXI4_LITE_I/I_SLAVE_ATTACHMENT/I_DECODER/ce_out_i_4
    SLICE_X27Y93.C       Tilo                  0.124   system_2_i/axi_interconnect_1/axi_interconnect_1/crossbar_samd/gen_sasd.crossbar_sasd_0/gen_crossbar.addr_arbiter_inst/grant_rnw
                                                       system_2_i/axi_timer_0/axi_timer_0/AXI4_LITE_I/I_SLAVE_ATTACHMENT/wr_done1_SW0
    SLICE_X27Y93.A6      net (fanout=1)        0.154   system_2_i/axi_timer_0/N89
    SLICE_X27Y93.A       Tilo                  0.124   system_2_i/axi_interconnect_1/axi_interconnect_1/crossbar_samd/gen_sasd.crossbar_sasd_0/gen_crossbar.addr_arbiter_inst/grant_rnw
                                                       system_2_i/axi_timer_0/axi_timer_0/AXI4_LITE_I/I_SLAVE_ATTACHMENT/wr_done1
    SLICE_X29Y92.C5      net (fanout=6)        0.461   system_2_i/axi_interconnect_1_M_AWREADY
    SLICE_X29Y92.C       Tilo                  0.124   system_2_i/axi_interconnect_1_M_BVALID
                                                       system_2_i/axi_interconnect_1/axi_interconnect_1/mi_protocol_conv_bank/gen_protocol_slot[0].gen_prot_conv.conv_inst/gen_axilite.gen_axilite_conv.axilite_conv_inst/_n011611_SW1_F
    SLICE_X27Y92.B1      net (fanout=1)        0.816   system_2_i/axi_interconnect_1/N31
    SLICE_X27Y92.B       Tilo                  0.124   system_2_i/axi_interconnect_1/axi_interconnect_1/crossbar_samd/gen_sasd.crossbar_sasd_0/gen_crossbar.gen_decerr.decerr_slave_inst/s_axi_awready_i
                                                       system_2_i/axi_interconnect_1/axi_interconnect_1/mi_protocol_conv_bank/gen_protocol_slot[0].gen_prot_conv.conv_inst/gen_axilite.gen_axilite_conv.axilite_conv_inst/_n011611_SW11
    SLICE_X27Y92.C6      net (fanout=2)        0.160   system_2_i/axi_interconnect_1/N15
    SLICE_X27Y92.CMUX    Tilo                  0.543   system_2_i/axi_interconnect_1/axi_interconnect_1/crossbar_samd/gen_sasd.crossbar_sasd_0/gen_crossbar.gen_decerr.decerr_slave_inst/s_axi_awready_i
                                                       system_2_i/axi_interconnect_1/axi_interconnect_1/crossbar_samd/gen_sasd.crossbar_sasd_0/gen_crossbar.mi_awready_mux_inst/O1_G
                                                       system_2_i/axi_interconnect_1/axi_interconnect_1/crossbar_samd/gen_sasd.crossbar_sasd_0/gen_crossbar.mi_awready_mux_inst/O1
    SLICE_X26Y91.B4      net (fanout=4)        0.610   system_2_i/axi_interconnect_1/axi_interconnect_1/crossbar_samd/gen_sasd.crossbar_sasd_0/mi_awready_mux
    SLICE_X26Y91.B       Tilo                  0.124   system_2_i/axi_interconnect_1/axi_interconnect_1/crossbar_samd/gen_sasd.crossbar_sasd_0/gen_crossbar.addr_arbiter_inst/m_valid_i
                                                       system_2_i/axi_interconnect_1/axi_interconnect_1/crossbar_samd/gen_sasd.crossbar_sasd_0/gen_crossbar.splitter_aw/out1
    SLICE_X26Y91.A4      net (fanout=2)        0.466   system_2_i/axi_interconnect_1/axi_interconnect_1/crossbar_samd/gen_sasd.crossbar_sasd_0/aa_awready
    SLICE_X26Y91.CLK     Tas                   0.047   system_2_i/axi_interconnect_1/axi_interconnect_1/crossbar_samd/gen_sasd.crossbar_sasd_0/gen_crossbar.addr_arbiter_inst/m_valid_i
                                                       system_2_i/axi_interconnect_1/axi_interconnect_1/crossbar_samd/gen_sasd.crossbar_sasd_0/gen_crossbar.addr_arbiter_inst/m_valid_i_glue_set
                                                       system_2_i/axi_interconnect_1/axi_interconnect_1/crossbar_samd/gen_sasd.crossbar_sasd_0/gen_crossbar.addr_arbiter_inst/m_valid_i
    -------------------------------------------------  ---------------------------
    Total                                      5.044ns (1.666ns logic, 3.378ns route)
                                                       (33.0% logic, 67.0% route)

--------------------------------------------------------------------------------
Slack:                  14.858ns (requirement - (data path - clock path skew + uncertainty))
  Source:               system_2_i/axi_timer_0/axi_timer_0/AXI4_LITE_I/I_SLAVE_ATTACHMENT/I_DECODER/ce_out_i_4 (FF)
  Destination:          system_2_i/axi_interconnect_1/axi_interconnect_1/crossbar_samd/gen_sasd.crossbar_sasd_0/gen_crossbar.addr_arbiter_inst/m_valid_i (FF)
  Requirement:          20.000ns
  Data Path Delay:      5.042ns (Levels of Logic = 7)
  Clock Path Skew:      -0.065ns (0.812 - 0.877)
  Source Clock:         system_2_i/processing_system7_0_FCLK_CLK0 rising at 0.000ns
  Destination Clock:    system_2_i/processing_system7_0_FCLK_CLK0 rising at 20.000ns
  Clock Uncertainty:    0.035ns

  Clock Uncertainty:          0.035ns  ((TSJ^2 + TIJ^2)^1/2 + DJ) / 2 + PE
    Total System Jitter (TSJ):  0.070ns
    Total Input Jitter (TIJ):   0.000ns
    Discrete Jitter (DJ):       0.000ns
    Phase Error (PE):           0.000ns

  Maximum Data Path at Slow Process Corner: system_2_i/axi_timer_0/axi_timer_0/AXI4_LITE_I/I_SLAVE_ATTACHMENT/I_DECODER/ce_out_i_4 to system_2_i/axi_interconnect_1/axi_interconnect_1/crossbar_samd/gen_sasd.crossbar_sasd_0/gen_crossbar.addr_arbiter_inst/m_valid_i
    Location             Delay type         Delay(ns)  Physical Resource
                                                       Logical Resource(s)
    -------------------------------------------------  -------------------
    SLICE_X29Y94.DQ      Tcko                  0.456   system_2_i/axi_timer_0/axi_timer_0/AXI4_LITE_I/I_SLAVE_ATTACHMENT/I_DECODER/ce_out_i_4
                                                       system_2_i/axi_timer_0/axi_timer_0/AXI4_LITE_I/I_SLAVE_ATTACHMENT/I_DECODER/ce_out_i_4
    SLICE_X27Y93.C3      net (fanout=7)        0.711   system_2_i/axi_timer_0/axi_timer_0/AXI4_LITE_I/I_SLAVE_ATTACHMENT/I_DECODER/ce_out_i_4
    SLICE_X27Y93.C       Tilo                  0.124   system_2_i/axi_interconnect_1/axi_interconnect_1/crossbar_samd/gen_sasd.crossbar_sasd_0/gen_crossbar.addr_arbiter_inst/grant_rnw
                                                       system_2_i/axi_timer_0/axi_timer_0/AXI4_LITE_I/I_SLAVE_ATTACHMENT/wr_done1_SW0
    SLICE_X27Y93.A6      net (fanout=1)        0.154   system_2_i/axi_timer_0/N89
    SLICE_X27Y93.A       Tilo                  0.124   system_2_i/axi_interconnect_1/axi_interconnect_1/crossbar_samd/gen_sasd.crossbar_sasd_0/gen_crossbar.addr_arbiter_inst/grant_rnw
                                                       system_2_i/axi_timer_0/axi_timer_0/AXI4_LITE_I/I_SLAVE_ATTACHMENT/wr_done1
    SLICE_X29Y92.C5      net (fanout=6)        0.461   system_2_i/axi_interconnect_1_M_AWREADY
    SLICE_X29Y92.C       Tilo                  0.124   system_2_i/axi_interconnect_1_M_BVALID
                                                       system_2_i/axi_interconnect_1/axi_interconnect_1/mi_protocol_conv_bank/gen_protocol_slot[0].gen_prot_conv.conv_inst/gen_axilite.gen_axilite_conv.axilite_conv_inst/_n011611_SW1_F
    SLICE_X27Y92.B1      net (fanout=1)        0.816   system_2_i/axi_interconnect_1/N31
    SLICE_X27Y92.B       Tilo                  0.124   system_2_i/axi_interconnect_1/axi_interconnect_1/crossbar_samd/gen_sasd.crossbar_sasd_0/gen_crossbar.gen_decerr.decerr_slave_inst/s_axi_awready_i
                                                       system_2_i/axi_interconnect_1/axi_interconnect_1/mi_protocol_conv_bank/gen_protocol_slot[0].gen_prot_conv.conv_inst/gen_axilite.gen_axilite_conv.axilite_conv_inst/_n011611_SW11
    SLICE_X27Y92.D6      net (fanout=2)        0.165   system_2_i/axi_interconnect_1/N15
    SLICE_X27Y92.CMUX    Topdc                 0.536   system_2_i/axi_interconnect_1/axi_interconnect_1/crossbar_samd/gen_sasd.crossbar_sasd_0/gen_crossbar.gen_decerr.decerr_slave_inst/s_axi_awready_i
                                                       system_2_i/axi_interconnect_1/axi_interconnect_1/crossbar_samd/gen_sasd.crossbar_sasd_0/gen_crossbar.mi_awready_mux_inst/O1_F
                                                       system_2_i/axi_interconnect_1/axi_interconnect_1/crossbar_samd/gen_sasd.crossbar_sasd_0/gen_crossbar.mi_awready_mux_inst/O1
    SLICE_X26Y91.B4      net (fanout=4)        0.610   system_2_i/axi_interconnect_1/axi_interconnect_1/crossbar_samd/gen_sasd.crossbar_sasd_0/mi_awready_mux
    SLICE_X26Y91.B       Tilo                  0.124   system_2_i/axi_interconnect_1/axi_interconnect_1/crossbar_samd/gen_sasd.crossbar_sasd_0/gen_crossbar.addr_arbiter_inst/m_valid_i
                                                       system_2_i/axi_interconnect_1/axi_interconnect_1/crossbar_samd/gen_sasd.crossbar_sasd_0/gen_crossbar.splitter_aw/out1
    SLICE_X26Y91.A4      net (fanout=2)        0.466   system_2_i/axi_interconnect_1/axi_interconnect_1/crossbar_samd/gen_sasd.crossbar_sasd_0/aa_awready
    SLICE_X26Y91.CLK     Tas                   0.047   system_2_i/axi_interconnect_1/axi_interconnect_1/crossbar_samd/gen_sasd.crossbar_sasd_0/gen_crossbar.addr_arbiter_inst/m_valid_i
                                                       system_2_i/axi_interconnect_1/axi_interconnect_1/crossbar_samd/gen_sasd.crossbar_sasd_0/gen_crossbar.addr_arbiter_inst/m_valid_i_glue_set
                                                       system_2_i/axi_interconnect_1/axi_interconnect_1/crossbar_samd/gen_sasd.crossbar_sasd_0/gen_crossbar.addr_arbiter_inst/m_valid_i
    -------------------------------------------------  ---------------------------
    Total                                      5.042ns (1.659ns logic, 3.383ns route)
                                                       (32.9% logic, 67.1% route)

--------------------------------------------------------------------------------
Slack:                  14.858ns (requirement - (data path - clock path skew + uncertainty))
  Source:               system_2_i/axi_timer_0/axi_timer_0/AXI4_LITE_I/I_SLAVE_ATTACHMENT/I_DECODER/ce_out_i_1 (FF)
  Destination:          system_2_i/axi_interconnect_1/axi_interconnect_1/crossbar_samd/gen_sasd.crossbar_sasd_0/gen_crossbar.addr_arbiter_inst/m_grant_hot_i_0 (FF)
  Requirement:          20.000ns
  Data Path Delay:      5.043ns (Levels of Logic = 6)
  Clock Path Skew:      -0.064ns (0.813 - 0.877)
  Source Clock:         system_2_i/processing_system7_0_FCLK_CLK0 rising at 0.000ns
  Destination Clock:    system_2_i/processing_system7_0_FCLK_CLK0 rising at 20.000ns
  Clock Uncertainty:    0.035ns

  Clock Uncertainty:          0.035ns  ((TSJ^2 + TIJ^2)^1/2 + DJ) / 2 + PE
    Total System Jitter (TSJ):  0.070ns
    Total Input Jitter (TIJ):   0.000ns
    Discrete Jitter (DJ):       0.000ns
    Phase Error (PE):           0.000ns

  Maximum Data Path at Slow Process Corner: system_2_i/axi_timer_0/axi_timer_0/AXI4_LITE_I/I_SLAVE_ATTACHMENT/I_DECODER/ce_out_i_1 to system_2_i/axi_interconnect_1/axi_interconnect_1/crossbar_samd/gen_sasd.crossbar_sasd_0/gen_crossbar.addr_arbiter_inst/m_grant_hot_i_0
    Location             Delay type         Delay(ns)  Physical Resource
                                                       Logical Resource(s)
    -------------------------------------------------  -------------------
    SLICE_X29Y94.BQ      Tcko                  0.456   system_2_i/axi_timer_0/axi_timer_0/AXI4_LITE_I/I_SLAVE_ATTACHMENT/I_DECODER/ce_out_i_4
                                                       system_2_i/axi_timer_0/axi_timer_0/AXI4_LITE_I/I_SLAVE_ATTACHMENT/I_DECODER/ce_out_i_1
    SLICE_X27Y93.C2      net (fanout=58)       0.890   system_2_i/axi_timer_0/axi_timer_0/AXI4_LITE_I/I_SLAVE_ATTACHMENT/I_DECODER/ce_out_i_1
    SLICE_X27Y93.C       Tilo                  0.124   system_2_i/axi_interconnect_1/axi_interconnect_1/crossbar_samd/gen_sasd.crossbar_sasd_0/gen_crossbar.addr_arbiter_inst/grant_rnw
                                                       system_2_i/axi_timer_0/axi_timer_0/AXI4_LITE_I/I_SLAVE_ATTACHMENT/wr_done1_SW0
    SLICE_X27Y93.A6      net (fanout=1)        0.154   system_2_i/axi_timer_0/N89
    SLICE_X27Y93.A       Tilo                  0.124   system_2_i/axi_interconnect_1/axi_interconnect_1/crossbar_samd/gen_sasd.crossbar_sasd_0/gen_crossbar.addr_arbiter_inst/grant_rnw
                                                       system_2_i/axi_timer_0/axi_timer_0/AXI4_LITE_I/I_SLAVE_ATTACHMENT/wr_done1
    SLICE_X26Y93.D2      net (fanout=6)        0.833   system_2_i/axi_interconnect_1_M_AWREADY
    SLICE_X26Y93.DMUX    Tilo                  0.388   system_2_i/axi_interconnect_1/axi_interconnect_1/mi_register_slice_bank/gen_reg_slot[0].register_slice_inst/reset
                                                       system_2_i/axi_interconnect_1/axi_interconnect_1/mi_protocol_conv_bank/gen_protocol_slot[0].gen_prot_conv.conv_inst/gen_axilite.gen_axilite_conv.axilite_conv_inst/S_AXI_WREADY1
    SLICE_X26Y93.C6      net (fanout=2)        0.180   system_2_i/axi_interconnect_1/DEBUG_MC_MP_WDATACONTROL[1]
    SLICE_X26Y93.C       Tilo                  0.124   system_2_i/axi_interconnect_1/axi_interconnect_1/mi_register_slice_bank/gen_reg_slot[0].register_slice_inst/reset
                                                       system_2_i/axi_interconnect_1/axi_interconnect_1/crossbar_samd/gen_sasd.crossbar_sasd_0/w_complete_mux11
    SLICE_X26Y91.B1      net (fanout=4)        0.981   system_2_i/axi_interconnect_1/axi_interconnect_1/crossbar_samd/gen_sasd.crossbar_sasd_0/w_complete_mux
    SLICE_X26Y91.B       Tilo                  0.124   system_2_i/axi_interconnect_1/axi_interconnect_1/crossbar_samd/gen_sasd.crossbar_sasd_0/gen_crossbar.addr_arbiter_inst/m_valid_i
                                                       system_2_i/axi_interconnect_1/axi_interconnect_1/crossbar_samd/gen_sasd.crossbar_sasd_0/gen_crossbar.splitter_aw/out1
    SLICE_X26Y95.A5      net (fanout=2)        0.618   system_2_i/axi_interconnect_1/axi_interconnect_1/crossbar_samd/gen_sasd.crossbar_sasd_0/aa_awready
    SLICE_X26Y95.CLK     Tas                   0.047   system_2_i/axi_interconnect_1/axi_interconnect_1/crossbar_samd/gen_sasd.crossbar_sasd_0/gen_crossbar.gen_decerr.decerr_slave_inst/s_axi_arready_i
                                                       system_2_i/axi_interconnect_1/axi_interconnect_1/crossbar_samd/gen_sasd.crossbar_sasd_0/gen_crossbar.addr_arbiter_inst/m_grant_hot_i_0_glue_set
                                                       system_2_i/axi_interconnect_1/axi_interconnect_1/crossbar_samd/gen_sasd.crossbar_sasd_0/gen_crossbar.addr_arbiter_inst/m_grant_hot_i_0
    -------------------------------------------------  ---------------------------
    Total                                      5.043ns (1.387ns logic, 3.656ns route)
                                                       (27.5% logic, 72.5% route)

--------------------------------------------------------------------------------
Slack:                  14.942ns (requirement - (data path - clock path skew + uncertainty))
  Source:               system_2_i/axi_timer_0/axi_timer_0/AXI4_LITE_I/I_SLAVE_ATTACHMENT/I_DECODER/Bus_RNW_reg (FF)
  Destination:          system_2_i/axi_interconnect_1/axi_interconnect_1/crossbar_samd/gen_sasd.crossbar_sasd_0/gen_crossbar.addr_arbiter_inst/m_valid_i (FF)
  Requirement:          20.000ns
  Data Path Delay:      4.958ns (Levels of Logic = 6)
  Clock Path Skew:      -0.065ns (0.812 - 0.877)
  Source Clock:         system_2_i/processing_system7_0_FCLK_CLK0 rising at 0.000ns
  Destination Clock:    system_2_i/processing_system7_0_FCLK_CLK0 rising at 20.000ns
  Clock Uncertainty:    0.035ns

  Clock Uncertainty:          0.035ns  ((TSJ^2 + TIJ^2)^1/2 + DJ) / 2 + PE
    Total System Jitter (TSJ):  0.070ns
    Total Input Jitter (TIJ):   0.000ns
    Discrete Jitter (DJ):       0.000ns
    Phase Error (PE):           0.000ns

  Maximum Data Path at Slow Process Corner: system_2_i/axi_timer_0/axi_timer_0/AXI4_LITE_I/I_SLAVE_ATTACHMENT/I_DECODER/Bus_RNW_reg to system_2_i/axi_interconnect_1/axi_interconnect_1/crossbar_samd/gen_sasd.crossbar_sasd_0/gen_crossbar.addr_arbiter_inst/m_valid_i
    Location             Delay type         Delay(ns)  Physical Resource
                                                       Logical Resource(s)
    -------------------------------------------------  -------------------
    SLICE_X29Y93.AQ      Tcko                  0.456   system_2_i/axi_timer_0/axi_timer_0/AXI4_LITE_I/I_SLAVE_ATTACHMENT/I_DECODER/Bus_RNW_reg
                                                       system_2_i/axi_timer_0/axi_timer_0/AXI4_LITE_I/I_SLAVE_ATTACHMENT/I_DECODER/Bus_RNW_reg
    SLICE_X27Y93.A2      net (fanout=98)       0.903   system_2_i/axi_timer_0/axi_timer_0/AXI4_LITE_I/I_SLAVE_ATTACHMENT/I_DECODER/Bus_RNW_reg
    SLICE_X27Y93.A       Tilo                  0.124   system_2_i/axi_interconnect_1/axi_interconnect_1/crossbar_samd/gen_sasd.crossbar_sasd_0/gen_crossbar.addr_arbiter_inst/grant_rnw
                                                       system_2_i/axi_timer_0/axi_timer_0/AXI4_LITE_I/I_SLAVE_ATTACHMENT/wr_done1
    SLICE_X29Y92.C5      net (fanout=6)        0.461   system_2_i/axi_interconnect_1_M_AWREADY
    SLICE_X29Y92.C       Tilo                  0.124   system_2_i/axi_interconnect_1_M_BVALID
                                                       system_2_i/axi_interconnect_1/axi_interconnect_1/mi_protocol_conv_bank/gen_protocol_slot[0].gen_prot_conv.conv_inst/gen_axilite.gen_axilite_conv.axilite_conv_inst/_n011611_SW1_F
    SLICE_X27Y92.B1      net (fanout=1)        0.816   system_2_i/axi_interconnect_1/N31
    SLICE_X27Y92.B       Tilo                  0.124   system_2_i/axi_interconnect_1/axi_interconnect_1/crossbar_samd/gen_sasd.crossbar_sasd_0/gen_crossbar.gen_decerr.decerr_slave_inst/s_axi_awready_i
                                                       system_2_i/axi_interconnect_1/axi_interconnect_1/mi_protocol_conv_bank/gen_protocol_slot[0].gen_prot_conv.conv_inst/gen_axilite.gen_axilite_conv.axilite_conv_inst/_n011611_SW11
    SLICE_X27Y92.C6      net (fanout=2)        0.160   system_2_i/axi_interconnect_1/N15
    SLICE_X27Y92.CMUX    Tilo                  0.543   system_2_i/axi_interconnect_1/axi_interconnect_1/crossbar_samd/gen_sasd.crossbar_sasd_0/gen_crossbar.gen_decerr.decerr_slave_inst/s_axi_awready_i
                                                       system_2_i/axi_interconnect_1/axi_interconnect_1/crossbar_samd/gen_sasd.crossbar_sasd_0/gen_crossbar.mi_awready_mux_inst/O1_G
                                                       system_2_i/axi_interconnect_1/axi_interconnect_1/crossbar_samd/gen_sasd.crossbar_sasd_0/gen_crossbar.mi_awready_mux_inst/O1
    SLICE_X26Y91.B4      net (fanout=4)        0.610   system_2_i/axi_interconnect_1/axi_interconnect_1/crossbar_samd/gen_sasd.crossbar_sasd_0/mi_awready_mux
    SLICE_X26Y91.B       Tilo                  0.124   system_2_i/axi_interconnect_1/axi_interconnect_1/crossbar_samd/gen_sasd.crossbar_sasd_0/gen_crossbar.addr_arbiter_inst/m_valid_i
                                                       system_2_i/axi_interconnect_1/axi_interconnect_1/crossbar_samd/gen_sasd.crossbar_sasd_0/gen_crossbar.splitter_aw/out1
    SLICE_X26Y91.A4      net (fanout=2)        0.466   system_2_i/axi_interconnect_1/axi_interconnect_1/crossbar_samd/gen_sasd.crossbar_sasd_0/aa_awready
    SLICE_X26Y91.CLK     Tas                   0.047   system_2_i/axi_interconnect_1/axi_interconnect_1/crossbar_samd/gen_sasd.crossbar_sasd_0/gen_crossbar.addr_arbiter_inst/m_valid_i
                                                       system_2_i/axi_interconnect_1/axi_interconnect_1/crossbar_samd/gen_sasd.crossbar_sasd_0/gen_crossbar.addr_arbiter_inst/m_valid_i_glue_set
                                                       system_2_i/axi_interconnect_1/axi_interconnect_1/crossbar_samd/gen_sasd.crossbar_sasd_0/gen_crossbar.addr_arbiter_inst/m_valid_i
    -------------------------------------------------  ---------------------------
    Total                                      4.958ns (1.542ns logic, 3.416ns route)
                                                       (31.1% logic, 68.9% route)

--------------------------------------------------------------------------------
Slack:                  14.944ns (requirement - (data path - clock path skew + uncertainty))
  Source:               system_2_i/axi_timer_0/axi_timer_0/AXI4_LITE_I/I_SLAVE_ATTACHMENT/I_DECODER/Bus_RNW_reg (FF)
  Destination:          system_2_i/axi_interconnect_1/axi_interconnect_1/crossbar_samd/gen_sasd.crossbar_sasd_0/gen_crossbar.addr_arbiter_inst/m_valid_i (FF)
  Requirement:          20.000ns
  Data Path Delay:      4.956ns (Levels of Logic = 6)
  Clock Path Skew:      -0.065ns (0.812 - 0.877)
  Source Clock:         system_2_i/processing_system7_0_FCLK_CLK0 rising at 0.000ns
  Destination Clock:    system_2_i/processing_system7_0_FCLK_CLK0 rising at 20.000ns
  Clock Uncertainty:    0.035ns

  Clock Uncertainty:          0.035ns  ((TSJ^2 + TIJ^2)^1/2 + DJ) / 2 + PE
    Total System Jitter (TSJ):  0.070ns
    Total Input Jitter (TIJ):   0.000ns
    Discrete Jitter (DJ):       0.000ns
    Phase Error (PE):           0.000ns

  Maximum Data Path at Slow Process Corner: system_2_i/axi_timer_0/axi_timer_0/AXI4_LITE_I/I_SLAVE_ATTACHMENT/I_DECODER/Bus_RNW_reg to system_2_i/axi_interconnect_1/axi_interconnect_1/crossbar_samd/gen_sasd.crossbar_sasd_0/gen_crossbar.addr_arbiter_inst/m_valid_i
    Location             Delay type         Delay(ns)  Physical Resource
                                                       Logical Resource(s)
    -------------------------------------------------  -------------------
    SLICE_X29Y93.AQ      Tcko                  0.456   system_2_i/axi_timer_0/axi_timer_0/AXI4_LITE_I/I_SLAVE_ATTACHMENT/I_DECODER/Bus_RNW_reg
                                                       system_2_i/axi_timer_0/axi_timer_0/AXI4_LITE_I/I_SLAVE_ATTACHMENT/I_DECODER/Bus_RNW_reg
    SLICE_X27Y93.A2      net (fanout=98)       0.903   system_2_i/axi_timer_0/axi_timer_0/AXI4_LITE_I/I_SLAVE_ATTACHMENT/I_DECODER/Bus_RNW_reg
    SLICE_X27Y93.A       Tilo                  0.124   system_2_i/axi_interconnect_1/axi_interconnect_1/crossbar_samd/gen_sasd.crossbar_sasd_0/gen_crossbar.addr_arbiter_inst/grant_rnw
                                                       system_2_i/axi_timer_0/axi_timer_0/AXI4_LITE_I/I_SLAVE_ATTACHMENT/wr_done1
    SLICE_X29Y92.C5      net (fanout=6)        0.461   system_2_i/axi_interconnect_1_M_AWREADY
    SLICE_X29Y92.C       Tilo                  0.124   system_2_i/axi_interconnect_1_M_BVALID
                                                       system_2_i/axi_interconnect_1/axi_interconnect_1/mi_protocol_conv_bank/gen_protocol_slot[0].gen_prot_conv.conv_inst/gen_axilite.gen_axilite_conv.axilite_conv_inst/_n011611_SW1_F
    SLICE_X27Y92.B1      net (fanout=1)        0.816   system_2_i/axi_interconnect_1/N31
    SLICE_X27Y92.B       Tilo                  0.124   system_2_i/axi_interconnect_1/axi_interconnect_1/crossbar_samd/gen_sasd.crossbar_sasd_0/gen_crossbar.gen_decerr.decerr_slave_inst/s_axi_awready_i
                                                       system_2_i/axi_interconnect_1/axi_interconnect_1/mi_protocol_conv_bank/gen_protocol_slot[0].gen_prot_conv.conv_inst/gen_axilite.gen_axilite_conv.axilite_conv_inst/_n011611_SW11
    SLICE_X27Y92.D6      net (fanout=2)        0.165   system_2_i/axi_interconnect_1/N15
    SLICE_X27Y92.CMUX    Topdc                 0.536   system_2_i/axi_interconnect_1/axi_interconnect_1/crossbar_samd/gen_sasd.crossbar_sasd_0/gen_crossbar.gen_decerr.decerr_slave_inst/s_axi_awready_i
                                                       system_2_i/axi_interconnect_1/axi_interconnect_1/crossbar_samd/gen_sasd.crossbar_sasd_0/gen_crossbar.mi_awready_mux_inst/O1_F
                                                       system_2_i/axi_interconnect_1/axi_interconnect_1/crossbar_samd/gen_sasd.crossbar_sasd_0/gen_crossbar.mi_awready_mux_inst/O1
    SLICE_X26Y91.B4      net (fanout=4)        0.610   system_2_i/axi_interconnect_1/axi_interconnect_1/crossbar_samd/gen_sasd.crossbar_sasd_0/mi_awready_mux
    SLICE_X26Y91.B       Tilo                  0.124   system_2_i/axi_interconnect_1/axi_interconnect_1/crossbar_samd/gen_sasd.crossbar_sasd_0/gen_crossbar.addr_arbiter_inst/m_valid_i
                                                       system_2_i/axi_interconnect_1/axi_interconnect_1/crossbar_samd/gen_sasd.crossbar_sasd_0/gen_crossbar.splitter_aw/out1
    SLICE_X26Y91.A4      net (fanout=2)        0.466   system_2_i/axi_interconnect_1/axi_interconnect_1/crossbar_samd/gen_sasd.crossbar_sasd_0/aa_awready
    SLICE_X26Y91.CLK     Tas                   0.047   system_2_i/axi_interconnect_1/axi_interconnect_1/crossbar_samd/gen_sasd.crossbar_sasd_0/gen_crossbar.addr_arbiter_inst/m_valid_i
                                                       system_2_i/axi_interconnect_1/axi_interconnect_1/crossbar_samd/gen_sasd.crossbar_sasd_0/gen_crossbar.addr_arbiter_inst/m_valid_i_glue_set
                                                       system_2_i/axi_interconnect_1/axi_interconnect_1/crossbar_samd/gen_sasd.crossbar_sasd_0/gen_crossbar.addr_arbiter_inst/m_valid_i
    -------------------------------------------------  ---------------------------
    Total                                      4.956ns (1.535ns logic, 3.421ns route)
                                                       (31.0% logic, 69.0% route)

--------------------------------------------------------------------------------
Slack:                  14.956ns (requirement - (data path - clock path skew + uncertainty))
  Source:               system_2_i/axi_timer_0/axi_timer_0/AXI4_LITE_I/I_SLAVE_ATTACHMENT/I_DECODER/ce_out_i_0 (FF)
  Destination:          system_2_i/axi_interconnect_1/axi_interconnect_1/crossbar_samd/gen_sasd.crossbar_sasd_0/gen_crossbar.addr_arbiter_inst/m_grant_hot_i_0 (FF)
  Requirement:          20.000ns
  Data Path Delay:      4.945ns (Levels of Logic = 7)
  Clock Path Skew:      -0.064ns (0.813 - 0.877)
  Source Clock:         system_2_i/processing_system7_0_FCLK_CLK0 rising at 0.000ns
  Destination Clock:    system_2_i/processing_system7_0_FCLK_CLK0 rising at 20.000ns
  Clock Uncertainty:    0.035ns

  Clock Uncertainty:          0.035ns  ((TSJ^2 + TIJ^2)^1/2 + DJ) / 2 + PE
    Total System Jitter (TSJ):  0.070ns
    Total Input Jitter (TIJ):   0.000ns
    Discrete Jitter (DJ):       0.000ns
    Phase Error (PE):           0.000ns

  Maximum Data Path at Slow Process Corner: system_2_i/axi_timer_0/axi_timer_0/AXI4_LITE_I/I_SLAVE_ATTACHMENT/I_DECODER/ce_out_i_0 to system_2_i/axi_interconnect_1/axi_interconnect_1/crossbar_samd/gen_sasd.crossbar_sasd_0/gen_crossbar.addr_arbiter_inst/m_grant_hot_i_0
    Location             Delay type         Delay(ns)  Physical Resource
                                                       Logical Resource(s)
    -------------------------------------------------  -------------------
    SLICE_X29Y94.AQ      Tcko                  0.456   system_2_i/axi_timer_0/axi_timer_0/AXI4_LITE_I/I_SLAVE_ATTACHMENT/I_DECODER/ce_out_i_4
                                                       system_2_i/axi_timer_0/axi_timer_0/AXI4_LITE_I/I_SLAVE_ATTACHMENT/I_DECODER/ce_out_i_0
    SLICE_X27Y93.C5      net (fanout=8)        0.460   system_2_i/axi_timer_0/axi_timer_0/AXI4_LITE_I/I_SLAVE_ATTACHMENT/I_DECODER/ce_out_i_0
    SLICE_X27Y93.C       Tilo                  0.124   system_2_i/axi_interconnect_1/axi_interconnect_1/crossbar_samd/gen_sasd.crossbar_sasd_0/gen_crossbar.addr_arbiter_inst/grant_rnw
                                                       system_2_i/axi_timer_0/axi_timer_0/AXI4_LITE_I/I_SLAVE_ATTACHMENT/wr_done1_SW0
    SLICE_X27Y93.A6      net (fanout=1)        0.154   system_2_i/axi_timer_0/N89
    SLICE_X27Y93.A       Tilo                  0.124   system_2_i/axi_interconnect_1/axi_interconnect_1/crossbar_samd/gen_sasd.crossbar_sasd_0/gen_crossbar.addr_arbiter_inst/grant_rnw
                                                       system_2_i/axi_timer_0/axi_timer_0/AXI4_LITE_I/I_SLAVE_ATTACHMENT/wr_done1
    SLICE_X29Y92.C5      net (fanout=6)        0.461   system_2_i/axi_interconnect_1_M_AWREADY
    SLICE_X29Y92.C       Tilo                  0.124   system_2_i/axi_interconnect_1_M_BVALID
                                                       system_2_i/axi_interconnect_1/axi_interconnect_1/mi_protocol_conv_bank/gen_protocol_slot[0].gen_prot_conv.conv_inst/gen_axilite.gen_axilite_conv.axilite_conv_inst/_n011611_SW1_F
    SLICE_X27Y92.B1      net (fanout=1)        0.816   system_2_i/axi_interconnect_1/N31
    SLICE_X27Y92.B       Tilo                  0.124   system_2_i/axi_interconnect_1/axi_interconnect_1/crossbar_samd/gen_sasd.crossbar_sasd_0/gen_crossbar.gen_decerr.decerr_slave_inst/s_axi_awready_i
                                                       system_2_i/axi_interconnect_1/axi_interconnect_1/mi_protocol_conv_bank/gen_protocol_slot[0].gen_prot_conv.conv_inst/gen_axilite.gen_axilite_conv.axilite_conv_inst/_n011611_SW11
    SLICE_X27Y92.C6      net (fanout=2)        0.160   system_2_i/axi_interconnect_1/N15
    SLICE_X27Y92.CMUX    Tilo                  0.543   system_2_i/axi_interconnect_1/axi_interconnect_1/crossbar_samd/gen_sasd.crossbar_sasd_0/gen_crossbar.gen_decerr.decerr_slave_inst/s_axi_awready_i
                                                       system_2_i/axi_interconnect_1/axi_interconnect_1/crossbar_samd/gen_sasd.crossbar_sasd_0/gen_crossbar.mi_awready_mux_inst/O1_G
                                                       system_2_i/axi_interconnect_1/axi_interconnect_1/crossbar_samd/gen_sasd.crossbar_sasd_0/gen_crossbar.mi_awready_mux_inst/O1
    SLICE_X26Y91.B4      net (fanout=4)        0.610   system_2_i/axi_interconnect_1/axi_interconnect_1/crossbar_samd/gen_sasd.crossbar_sasd_0/mi_awready_mux
    SLICE_X26Y91.B       Tilo                  0.124   system_2_i/axi_interconnect_1/axi_interconnect_1/crossbar_samd/gen_sasd.crossbar_sasd_0/gen_crossbar.addr_arbiter_inst/m_valid_i
                                                       system_2_i/axi_interconnect_1/axi_interconnect_1/crossbar_samd/gen_sasd.crossbar_sasd_0/gen_crossbar.splitter_aw/out1
    SLICE_X26Y95.A5      net (fanout=2)        0.618   system_2_i/axi_interconnect_1/axi_interconnect_1/crossbar_samd/gen_sasd.crossbar_sasd_0/aa_awready
    SLICE_X26Y95.CLK     Tas                   0.047   system_2_i/axi_interconnect_1/axi_interconnect_1/crossbar_samd/gen_sasd.crossbar_sasd_0/gen_crossbar.gen_decerr.decerr_slave_inst/s_axi_arready_i
                                                       system_2_i/axi_interconnect_1/axi_interconnect_1/crossbar_samd/gen_sasd.crossbar_sasd_0/gen_crossbar.addr_arbiter_inst/m_grant_hot_i_0_glue_set
                                                       system_2_i/axi_interconnect_1/axi_interconnect_1/crossbar_samd/gen_sasd.crossbar_sasd_0/gen_crossbar.addr_arbiter_inst/m_grant_hot_i_0
    -------------------------------------------------  ---------------------------
    Total                                      4.945ns (1.666ns logic, 3.279ns route)
                                                       (33.7% logic, 66.3% route)

--------------------------------------------------------------------------------
Slack:                  14.957ns (requirement - (data path - clock path skew + uncertainty))
  Source:               system_2_i/axi_timer_0/axi_timer_0/AXI4_LITE_I/I_SLAVE_ATTACHMENT/I_DECODER/ce_out_i_1 (FF)
  Destination:          system_2_i/axi_interconnect_1/axi_interconnect_1/crossbar_samd/gen_sasd.crossbar_sasd_0/gen_crossbar.addr_arbiter_inst/m_grant_hot_i_0 (FF)
  Requirement:          20.000ns
  Data Path Delay:      4.944ns (Levels of Logic = 6)
  Clock Path Skew:      -0.064ns (0.813 - 0.877)
  Source Clock:         system_2_i/processing_system7_0_FCLK_CLK0 rising at 0.000ns
  Destination Clock:    system_2_i/processing_system7_0_FCLK_CLK0 rising at 20.000ns
  Clock Uncertainty:    0.035ns

  Clock Uncertainty:          0.035ns  ((TSJ^2 + TIJ^2)^1/2 + DJ) / 2 + PE
    Total System Jitter (TSJ):  0.070ns
    Total Input Jitter (TIJ):   0.000ns
    Discrete Jitter (DJ):       0.000ns
    Phase Error (PE):           0.000ns

  Maximum Data Path at Slow Process Corner: system_2_i/axi_timer_0/axi_timer_0/AXI4_LITE_I/I_SLAVE_ATTACHMENT/I_DECODER/ce_out_i_1 to system_2_i/axi_interconnect_1/axi_interconnect_1/crossbar_samd/gen_sasd.crossbar_sasd_0/gen_crossbar.addr_arbiter_inst/m_grant_hot_i_0
    Location             Delay type         Delay(ns)  Physical Resource
                                                       Logical Resource(s)
    -------------------------------------------------  -------------------
    SLICE_X29Y94.BQ      Tcko                  0.456   system_2_i/axi_timer_0/axi_timer_0/AXI4_LITE_I/I_SLAVE_ATTACHMENT/I_DECODER/ce_out_i_4
                                                       system_2_i/axi_timer_0/axi_timer_0/AXI4_LITE_I/I_SLAVE_ATTACHMENT/I_DECODER/ce_out_i_1
    SLICE_X27Y93.C2      net (fanout=58)       0.890   system_2_i/axi_timer_0/axi_timer_0/AXI4_LITE_I/I_SLAVE_ATTACHMENT/I_DECODER/ce_out_i_1
    SLICE_X27Y93.C       Tilo                  0.124   system_2_i/axi_interconnect_1/axi_interconnect_1/crossbar_samd/gen_sasd.crossbar_sasd_0/gen_crossbar.addr_arbiter_inst/grant_rnw
                                                       system_2_i/axi_timer_0/axi_timer_0/AXI4_LITE_I/I_SLAVE_ATTACHMENT/wr_done1_SW0
    SLICE_X27Y93.A6      net (fanout=1)        0.154   system_2_i/axi_timer_0/N89
    SLICE_X27Y93.A       Tilo                  0.124   system_2_i/axi_interconnect_1/axi_interconnect_1/crossbar_samd/gen_sasd.crossbar_sasd_0/gen_crossbar.addr_arbiter_inst/grant_rnw
                                                       system_2_i/axi_timer_0/axi_timer_0/AXI4_LITE_I/I_SLAVE_ATTACHMENT/wr_done1
    SLICE_X29Y92.B1      net (fanout=6)        0.865   system_2_i/axi_interconnect_1_M_AWREADY
    SLICE_X29Y92.B       Tilo                  0.124   system_2_i/axi_interconnect_1_M_BVALID
                                                       system_2_i/axi_interconnect_1/axi_interconnect_1/mi_protocol_conv_bank/gen_protocol_slot[0].gen_prot_conv.conv_inst/gen_axilite.gen_axilite_conv.axilite_conv_inst/_n011611_SW0
    SLICE_X27Y92.CX      net (fanout=1)        0.338   system_2_i/axi_interconnect_1/N14
    SLICE_X27Y92.CMUX    Tcxc                  0.470   system_2_i/axi_interconnect_1/axi_interconnect_1/crossbar_samd/gen_sasd.crossbar_sasd_0/gen_crossbar.gen_decerr.decerr_slave_inst/s_axi_awready_i
                                                       system_2_i/axi_interconnect_1/axi_interconnect_1/crossbar_samd/gen_sasd.crossbar_sasd_0/gen_crossbar.mi_awready_mux_inst/O1
    SLICE_X26Y91.B4      net (fanout=4)        0.610   system_2_i/axi_interconnect_1/axi_interconnect_1/crossbar_samd/gen_sasd.crossbar_sasd_0/mi_awready_mux
    SLICE_X26Y91.B       Tilo                  0.124   system_2_i/axi_interconnect_1/axi_interconnect_1/crossbar_samd/gen_sasd.crossbar_sasd_0/gen_crossbar.addr_arbiter_inst/m_valid_i
                                                       system_2_i/axi_interconnect_1/axi_interconnect_1/crossbar_samd/gen_sasd.crossbar_sasd_0/gen_crossbar.splitter_aw/out1
    SLICE_X26Y95.A5      net (fanout=2)        0.618   system_2_i/axi_interconnect_1/axi_interconnect_1/crossbar_samd/gen_sasd.crossbar_sasd_0/aa_awready
    SLICE_X26Y95.CLK     Tas                   0.047   system_2_i/axi_interconnect_1/axi_interconnect_1/crossbar_samd/gen_sasd.crossbar_sasd_0/gen_crossbar.gen_decerr.decerr_slave_inst/s_axi_arready_i
                                                       system_2_i/axi_interconnect_1/axi_interconnect_1/crossbar_samd/gen_sasd.crossbar_sasd_0/gen_crossbar.addr_arbiter_inst/m_grant_hot_i_0_glue_set
                                                       system_2_i/axi_interconnect_1/axi_interconnect_1/crossbar_samd/gen_sasd.crossbar_sasd_0/gen_crossbar.addr_arbiter_inst/m_grant_hot_i_0
    -------------------------------------------------  ---------------------------
    Total                                      4.944ns (1.469ns logic, 3.475ns route)
                                                       (29.7% logic, 70.3% route)

--------------------------------------------------------------------------------
Slack:                  14.958ns (requirement - (data path - clock path skew + uncertainty))
  Source:               system_2_i/axi_timer_0/axi_timer_0/AXI4_LITE_I/I_SLAVE_ATTACHMENT/I_DECODER/ce_out_i_0 (FF)
  Destination:          system_2_i/axi_interconnect_1/axi_interconnect_1/crossbar_samd/gen_sasd.crossbar_sasd_0/gen_crossbar.addr_arbiter_inst/m_grant_hot_i_0 (FF)
  Requirement:          20.000ns
  Data Path Delay:      4.943ns (Levels of Logic = 7)
  Clock Path Skew:      -0.064ns (0.813 - 0.877)
  Source Clock:         system_2_i/processing_system7_0_FCLK_CLK0 rising at 0.000ns
  Destination Clock:    system_2_i/processing_system7_0_FCLK_CLK0 rising at 20.000ns
  Clock Uncertainty:    0.035ns

  Clock Uncertainty:          0.035ns  ((TSJ^2 + TIJ^2)^1/2 + DJ) / 2 + PE
    Total System Jitter (TSJ):  0.070ns
    Total Input Jitter (TIJ):   0.000ns
    Discrete Jitter (DJ):       0.000ns
    Phase Error (PE):           0.000ns

  Maximum Data Path at Slow Process Corner: system_2_i/axi_timer_0/axi_timer_0/AXI4_LITE_I/I_SLAVE_ATTACHMENT/I_DECODER/ce_out_i_0 to system_2_i/axi_interconnect_1/axi_interconnect_1/crossbar_samd/gen_sasd.crossbar_sasd_0/gen_crossbar.addr_arbiter_inst/m_grant_hot_i_0
    Location             Delay type         Delay(ns)  Physical Resource
                                                       Logical Resource(s)
    -------------------------------------------------  -------------------
    SLICE_X29Y94.AQ      Tcko                  0.456   system_2_i/axi_timer_0/axi_timer_0/AXI4_LITE_I/I_SLAVE_ATTACHMENT/I_DECODER/ce_out_i_4
                                                       system_2_i/axi_timer_0/axi_timer_0/AXI4_LITE_I/I_SLAVE_ATTACHMENT/I_DECODER/ce_out_i_0
    SLICE_X27Y93.C5      net (fanout=8)        0.460   system_2_i/axi_timer_0/axi_timer_0/AXI4_LITE_I/I_SLAVE_ATTACHMENT/I_DECODER/ce_out_i_0
    SLICE_X27Y93.C       Tilo                  0.124   system_2_i/axi_interconnect_1/axi_interconnect_1/crossbar_samd/gen_sasd.crossbar_sasd_0/gen_crossbar.addr_arbiter_inst/grant_rnw
                                                       system_2_i/axi_timer_0/axi_timer_0/AXI4_LITE_I/I_SLAVE_ATTACHMENT/wr_done1_SW0
    SLICE_X27Y93.A6      net (fanout=1)        0.154   system_2_i/axi_timer_0/N89
    SLICE_X27Y93.A       Tilo                  0.124   system_2_i/axi_interconnect_1/axi_interconnect_1/crossbar_samd/gen_sasd.crossbar_sasd_0/gen_crossbar.addr_arbiter_inst/grant_rnw
                                                       system_2_i/axi_timer_0/axi_timer_0/AXI4_LITE_I/I_SLAVE_ATTACHMENT/wr_done1
    SLICE_X29Y92.C5      net (fanout=6)        0.461   system_2_i/axi_interconnect_1_M_AWREADY
    SLICE_X29Y92.C       Tilo                  0.124   system_2_i/axi_interconnect_1_M_BVALID
                                                       system_2_i/axi_interconnect_1/axi_interconnect_1/mi_protocol_conv_bank/gen_protocol_slot[0].gen_prot_conv.conv_inst/gen_axilite.gen_axilite_conv.axilite_conv_inst/_n011611_SW1_F
    SLICE_X27Y92.B1      net (fanout=1)        0.816   system_2_i/axi_interconnect_1/N31
    SLICE_X27Y92.B       Tilo                  0.124   system_2_i/axi_interconnect_1/axi_interconnect_1/crossbar_samd/gen_sasd.crossbar_sasd_0/gen_crossbar.gen_decerr.decerr_slave_inst/s_axi_awready_i
                                                       system_2_i/axi_interconnect_1/axi_interconnect_1/mi_protocol_conv_bank/gen_protocol_slot[0].gen_prot_conv.conv_inst/gen_axilite.gen_axilite_conv.axilite_conv_inst/_n011611_SW11
    SLICE_X27Y92.D6      net (fanout=2)        0.165   system_2_i/axi_interconnect_1/N15
    SLICE_X27Y92.CMUX    Topdc                 0.536   system_2_i/axi_interconnect_1/axi_interconnect_1/crossbar_samd/gen_sasd.crossbar_sasd_0/gen_crossbar.gen_decerr.decerr_slave_inst/s_axi_awready_i
                                                       system_2_i/axi_interconnect_1/axi_interconnect_1/crossbar_samd/gen_sasd.crossbar_sasd_0/gen_crossbar.mi_awready_mux_inst/O1_F
                                                       system_2_i/axi_interconnect_1/axi_interconnect_1/crossbar_samd/gen_sasd.crossbar_sasd_0/gen_crossbar.mi_awready_mux_inst/O1
    SLICE_X26Y91.B4      net (fanout=4)        0.610   system_2_i/axi_interconnect_1/axi_interconnect_1/crossbar_samd/gen_sasd.crossbar_sasd_0/mi_awready_mux
    SLICE_X26Y91.B       Tilo                  0.124   system_2_i/axi_interconnect_1/axi_interconnect_1/crossbar_samd/gen_sasd.crossbar_sasd_0/gen_crossbar.addr_arbiter_inst/m_valid_i
                                                       system_2_i/axi_interconnect_1/axi_interconnect_1/crossbar_samd/gen_sasd.crossbar_sasd_0/gen_crossbar.splitter_aw/out1
    SLICE_X26Y95.A5      net (fanout=2)        0.618   system_2_i/axi_interconnect_1/axi_interconnect_1/crossbar_samd/gen_sasd.crossbar_sasd_0/aa_awready
    SLICE_X26Y95.CLK     Tas                   0.047   system_2_i/axi_interconnect_1/axi_interconnect_1/crossbar_samd/gen_sasd.crossbar_sasd_0/gen_crossbar.gen_decerr.decerr_slave_inst/s_axi_arready_i
                                                       system_2_i/axi_interconnect_1/axi_interconnect_1/crossbar_samd/gen_sasd.crossbar_sasd_0/gen_crossbar.addr_arbiter_inst/m_grant_hot_i_0_glue_set
                                                       system_2_i/axi_interconnect_1/axi_interconnect_1/crossbar_samd/gen_sasd.crossbar_sasd_0/gen_crossbar.addr_arbiter_inst/m_grant_hot_i_0
    -------------------------------------------------  ---------------------------
    Total                                      4.943ns (1.659ns logic, 3.284ns route)
                                                       (33.6% logic, 66.4% route)

--------------------------------------------------------------------------------
Slack:                  14.959ns (requirement - (data path - clock path skew + uncertainty))
  Source:               system_2_i/axi_timer_0/axi_timer_0/AXI4_LITE_I/I_SLAVE_ATTACHMENT/I_DECODER/ce_out_i_2 (FF)
  Destination:          system_2_i/axi_interconnect_1/axi_interconnect_1/crossbar_samd/gen_sasd.crossbar_sasd_0/gen_crossbar.addr_arbiter_inst/m_grant_hot_i_0 (FF)
  Requirement:          20.000ns
  Data Path Delay:      4.942ns (Levels of Logic = 6)
  Clock Path Skew:      -0.064ns (0.813 - 0.877)
  Source Clock:         system_2_i/processing_system7_0_FCLK_CLK0 rising at 0.000ns
  Destination Clock:    system_2_i/processing_system7_0_FCLK_CLK0 rising at 20.000ns
  Clock Uncertainty:    0.035ns

  Clock Uncertainty:          0.035ns  ((TSJ^2 + TIJ^2)^1/2 + DJ) / 2 + PE
    Total System Jitter (TSJ):  0.070ns
    Total Input Jitter (TIJ):   0.000ns
    Discrete Jitter (DJ):       0.000ns
    Phase Error (PE):           0.000ns

  Maximum Data Path at Slow Process Corner: system_2_i/axi_timer_0/axi_timer_0/AXI4_LITE_I/I_SLAVE_ATTACHMENT/I_DECODER/ce_out_i_2 to system_2_i/axi_interconnect_1/axi_interconnect_1/crossbar_samd/gen_sasd.crossbar_sasd_0/gen_crossbar.addr_arbiter_inst/m_grant_hot_i_0
    Location             Delay type         Delay(ns)  Physical Resource
                                                       Logical Resource(s)
    -------------------------------------------------  -------------------
    SLICE_X29Y94.CQ      Tcko                  0.456   system_2_i/axi_timer_0/axi_timer_0/AXI4_LITE_I/I_SLAVE_ATTACHMENT/I_DECODER/ce_out_i_4
                                                       system_2_i/axi_timer_0/axi_timer_0/AXI4_LITE_I/I_SLAVE_ATTACHMENT/I_DECODER/ce_out_i_2
    SLICE_X27Y93.A5      net (fanout=6)        0.735   system_2_i/axi_timer_0/axi_timer_0/AXI4_LITE_I/I_SLAVE_ATTACHMENT/I_DECODER/ce_out_i_2
    SLICE_X27Y93.A       Tilo                  0.124   system_2_i/axi_interconnect_1/axi_interconnect_1/crossbar_samd/gen_sasd.crossbar_sasd_0/gen_crossbar.addr_arbiter_inst/grant_rnw
                                                       system_2_i/axi_timer_0/axi_timer_0/AXI4_LITE_I/I_SLAVE_ATTACHMENT/wr_done1
    SLICE_X29Y92.C5      net (fanout=6)        0.461   system_2_i/axi_interconnect_1_M_AWREADY
    SLICE_X29Y92.C       Tilo                  0.124   system_2_i/axi_interconnect_1_M_BVALID
                                                       system_2_i/axi_interconnect_1/axi_interconnect_1/mi_protocol_conv_bank/gen_protocol_slot[0].gen_prot_conv.conv_inst/gen_axilite.gen_axilite_conv.axilite_conv_inst/_n011611_SW1_F
    SLICE_X27Y92.B1      net (fanout=1)        0.816   system_2_i/axi_interconnect_1/N31
    SLICE_X27Y92.B       Tilo                  0.124   system_2_i/axi_interconnect_1/axi_interconnect_1/crossbar_samd/gen_sasd.crossbar_sasd_0/gen_crossbar.gen_decerr.decerr_slave_inst/s_axi_awready_i
                                                       system_2_i/axi_interconnect_1/axi_interconnect_1/mi_protocol_conv_bank/gen_protocol_slot[0].gen_prot_conv.conv_inst/gen_axilite.gen_axilite_conv.axilite_conv_inst/_n011611_SW11
    SLICE_X27Y92.C6      net (fanout=2)        0.160   system_2_i/axi_interconnect_1/N15
    SLICE_X27Y92.CMUX    Tilo                  0.543   system_2_i/axi_interconnect_1/axi_interconnect_1/crossbar_samd/gen_sasd.crossbar_sasd_0/gen_crossbar.gen_decerr.decerr_slave_inst/s_axi_awready_i
                                                       system_2_i/axi_interconnect_1/axi_interconnect_1/crossbar_samd/gen_sasd.crossbar_sasd_0/gen_crossbar.mi_awready_mux_inst/O1_G
                                                       system_2_i/axi_interconnect_1/axi_interconnect_1/crossbar_samd/gen_sasd.crossbar_sasd_0/gen_crossbar.mi_awready_mux_inst/O1
    SLICE_X26Y91.B4      net (fanout=4)        0.610   system_2_i/axi_interconnect_1/axi_interconnect_1/crossbar_samd/gen_sasd.crossbar_sasd_0/mi_awready_mux
    SLICE_X26Y91.B       Tilo                  0.124   system_2_i/axi_interconnect_1/axi_interconnect_1/crossbar_samd/gen_sasd.crossbar_sasd_0/gen_crossbar.addr_arbiter_inst/m_valid_i
                                                       system_2_i/axi_interconnect_1/axi_interconnect_1/crossbar_samd/gen_sasd.crossbar_sasd_0/gen_crossbar.splitter_aw/out1
    SLICE_X26Y95.A5      net (fanout=2)        0.618   system_2_i/axi_interconnect_1/axi_interconnect_1/crossbar_samd/gen_sasd.crossbar_sasd_0/aa_awready
    SLICE_X26Y95.CLK     Tas                   0.047   system_2_i/axi_interconnect_1/axi_interconnect_1/crossbar_samd/gen_sasd.crossbar_sasd_0/gen_crossbar.gen_decerr.decerr_slave_inst/s_axi_arready_i
                                                       system_2_i/axi_interconnect_1/axi_interconnect_1/crossbar_samd/gen_sasd.crossbar_sasd_0/gen_crossbar.addr_arbiter_inst/m_grant_hot_i_0_glue_set
                                                       system_2_i/axi_interconnect_1/axi_interconnect_1/crossbar_samd/gen_sasd.crossbar_sasd_0/gen_crossbar.addr_arbiter_inst/m_grant_hot_i_0
    -------------------------------------------------  ---------------------------
    Total                                      4.942ns (1.542ns logic, 3.400ns route)
                                                       (31.2% logic, 68.8% route)

--------------------------------------------------------------------------------
Slack:                  14.961ns (requirement - (data path - clock path skew + uncertainty))
  Source:               system_2_i/axi_timer_0/axi_timer_0/AXI4_LITE_I/I_SLAVE_ATTACHMENT/I_DECODER/ce_out_i_2 (FF)
  Destination:          system_2_i/axi_interconnect_1/axi_interconnect_1/crossbar_samd/gen_sasd.crossbar_sasd_0/gen_crossbar.addr_arbiter_inst/m_grant_hot_i_0 (FF)
  Requirement:          20.000ns
  Data Path Delay:      4.940ns (Levels of Logic = 6)
  Clock Path Skew:      -0.064ns (0.813 - 0.877)
  Source Clock:         system_2_i/processing_system7_0_FCLK_CLK0 rising at 0.000ns
  Destination Clock:    system_2_i/processing_system7_0_FCLK_CLK0 rising at 20.000ns
  Clock Uncertainty:    0.035ns

  Clock Uncertainty:          0.035ns  ((TSJ^2 + TIJ^2)^1/2 + DJ) / 2 + PE
    Total System Jitter (TSJ):  0.070ns
    Total Input Jitter (TIJ):   0.000ns
    Discrete Jitter (DJ):       0.000ns
    Phase Error (PE):           0.000ns

  Maximum Data Path at Slow Process Corner: system_2_i/axi_timer_0/axi_timer_0/AXI4_LITE_I/I_SLAVE_ATTACHMENT/I_DECODER/ce_out_i_2 to system_2_i/axi_interconnect_1/axi_interconnect_1/crossbar_samd/gen_sasd.crossbar_sasd_0/gen_crossbar.addr_arbiter_inst/m_grant_hot_i_0
    Location             Delay type         Delay(ns)  Physical Resource
                                                       Logical Resource(s)
    -------------------------------------------------  -------------------
    SLICE_X29Y94.CQ      Tcko                  0.456   system_2_i/axi_timer_0/axi_timer_0/AXI4_LITE_I/I_SLAVE_ATTACHMENT/I_DECODER/ce_out_i_4
                                                       system_2_i/axi_timer_0/axi_timer_0/AXI4_LITE_I/I_SLAVE_ATTACHMENT/I_DECODER/ce_out_i_2
    SLICE_X27Y93.A5      net (fanout=6)        0.735   system_2_i/axi_timer_0/axi_timer_0/AXI4_LITE_I/I_SLAVE_ATTACHMENT/I_DECODER/ce_out_i_2
    SLICE_X27Y93.A       Tilo                  0.124   system_2_i/axi_interconnect_1/axi_interconnect_1/crossbar_samd/gen_sasd.crossbar_sasd_0/gen_crossbar.addr_arbiter_inst/grant_rnw
                                                       system_2_i/axi_timer_0/axi_timer_0/AXI4_LITE_I/I_SLAVE_ATTACHMENT/wr_done1
    SLICE_X29Y92.C5      net (fanout=6)        0.461   system_2_i/axi_interconnect_1_M_AWREADY
    SLICE_X29Y92.C       Tilo                  0.124   system_2_i/axi_interconnect_1_M_BVALID
                                                       system_2_i/axi_interconnect_1/axi_interconnect_1/mi_protocol_conv_bank/gen_protocol_slot[0].gen_prot_conv.conv_inst/gen_axilite.gen_axilite_conv.axilite_conv_inst/_n011611_SW1_F
    SLICE_X27Y92.B1      net (fanout=1)        0.816   system_2_i/axi_interconnect_1/N31
    SLICE_X27Y92.B       Tilo                  0.124   system_2_i/axi_interconnect_1/axi_interconnect_1/crossbar_samd/gen_sasd.crossbar_sasd_0/gen_crossbar.gen_decerr.decerr_slave_inst/s_axi_awready_i
                                                       system_2_i/axi_interconnect_1/axi_interconnect_1/mi_protocol_conv_bank/gen_protocol_slot[0].gen_prot_conv.conv_inst/gen_axilite.gen_axilite_conv.axilite_conv_inst/_n011611_SW11
    SLICE_X27Y92.D6      net (fanout=2)        0.165   system_2_i/axi_interconnect_1/N15
    SLICE_X27Y92.CMUX    Topdc                 0.536   system_2_i/axi_interconnect_1/axi_interconnect_1/crossbar_samd/gen_sasd.crossbar_sasd_0/gen_crossbar.gen_decerr.decerr_slave_inst/s_axi_awready_i
                                                       system_2_i/axi_interconnect_1/axi_interconnect_1/crossbar_samd/gen_sasd.crossbar_sasd_0/gen_crossbar.mi_awready_mux_inst/O1_F
                                                       system_2_i/axi_interconnect_1/axi_interconnect_1/crossbar_samd/gen_sasd.crossbar_sasd_0/gen_crossbar.mi_awready_mux_inst/O1
    SLICE_X26Y91.B4      net (fanout=4)        0.610   system_2_i/axi_interconnect_1/axi_interconnect_1/crossbar_samd/gen_sasd.crossbar_sasd_0/mi_awready_mux
    SLICE_X26Y91.B       Tilo                  0.124   system_2_i/axi_interconnect_1/axi_interconnect_1/crossbar_samd/gen_sasd.crossbar_sasd_0/gen_crossbar.addr_arbiter_inst/m_valid_i
                                                       system_2_i/axi_interconnect_1/axi_interconnect_1/crossbar_samd/gen_sasd.crossbar_sasd_0/gen_crossbar.splitter_aw/out1
    SLICE_X26Y95.A5      net (fanout=2)        0.618   system_2_i/axi_interconnect_1/axi_interconnect_1/crossbar_samd/gen_sasd.crossbar_sasd_0/aa_awready
    SLICE_X26Y95.CLK     Tas                   0.047   system_2_i/axi_interconnect_1/axi_interconnect_1/crossbar_samd/gen_sasd.crossbar_sasd_0/gen_crossbar.gen_decerr.decerr_slave_inst/s_axi_arready_i
                                                       system_2_i/axi_interconnect_1/axi_interconnect_1/crossbar_samd/gen_sasd.crossbar_sasd_0/gen_crossbar.addr_arbiter_inst/m_grant_hot_i_0_glue_set
                                                       system_2_i/axi_interconnect_1/axi_interconnect_1/crossbar_samd/gen_sasd.crossbar_sasd_0/gen_crossbar.addr_arbiter_inst/m_grant_hot_i_0
    -------------------------------------------------  ---------------------------
    Total                                      4.940ns (1.535ns logic, 3.405ns route)
                                                       (31.1% logic, 68.9% route)

--------------------------------------------------------------------------------
Slack:                  14.984ns (requirement - (data path - clock path skew + uncertainty))
  Source:               system_2_i/axi_timer_0/axi_timer_0/AXI4_LITE_I/I_SLAVE_ATTACHMENT/I_DECODER/ce_out_i_5 (FF)
  Destination:          system_2_i/axi_interconnect_1/axi_interconnect_1/crossbar_samd/gen_sasd.crossbar_sasd_0/gen_crossbar.addr_arbiter_inst/m_valid_i (FF)
  Requirement:          20.000ns
  Data Path Delay:      4.955ns (Levels of Logic = 7)
  Clock Path Skew:      -0.026ns (0.169 - 0.195)
  Source Clock:         system_2_i/processing_system7_0_FCLK_CLK0 rising at 0.000ns
  Destination Clock:    system_2_i/processing_system7_0_FCLK_CLK0 rising at 20.000ns
  Clock Uncertainty:    0.035ns

  Clock Uncertainty:          0.035ns  ((TSJ^2 + TIJ^2)^1/2 + DJ) / 2 + PE
    Total System Jitter (TSJ):  0.070ns
    Total Input Jitter (TIJ):   0.000ns
    Discrete Jitter (DJ):       0.000ns
    Phase Error (PE):           0.000ns

  Maximum Data Path at Slow Process Corner: system_2_i/axi_timer_0/axi_timer_0/AXI4_LITE_I/I_SLAVE_ATTACHMENT/I_DECODER/ce_out_i_5 to system_2_i/axi_interconnect_1/axi_interconnect_1/crossbar_samd/gen_sasd.crossbar_sasd_0/gen_crossbar.addr_arbiter_inst/m_valid_i
    Location             Delay type         Delay(ns)  Physical Resource
                                                       Logical Resource(s)
    -------------------------------------------------  -------------------
    SLICE_X27Y94.CQ      Tcko                  0.456   system_2_i/axi_timer_0/axi_timer_0/AXI4_LITE_I/I_SLAVE_ATTACHMENT/I_DECODER/ce_out_i_6
                                                       system_2_i/axi_timer_0/axi_timer_0/AXI4_LITE_I/I_SLAVE_ATTACHMENT/I_DECODER/ce_out_i_5
    SLICE_X27Y93.C4      net (fanout=36)       0.622   system_2_i/axi_timer_0/axi_timer_0/AXI4_LITE_I/I_SLAVE_ATTACHMENT/I_DECODER/ce_out_i_5
    SLICE_X27Y93.C       Tilo                  0.124   system_2_i/axi_interconnect_1/axi_interconnect_1/crossbar_samd/gen_sasd.crossbar_sasd_0/gen_crossbar.addr_arbiter_inst/grant_rnw
                                                       system_2_i/axi_timer_0/axi_timer_0/AXI4_LITE_I/I_SLAVE_ATTACHMENT/wr_done1_SW0
    SLICE_X27Y93.A6      net (fanout=1)        0.154   system_2_i/axi_timer_0/N89
    SLICE_X27Y93.A       Tilo                  0.124   system_2_i/axi_interconnect_1/axi_interconnect_1/crossbar_samd/gen_sasd.crossbar_sasd_0/gen_crossbar.addr_arbiter_inst/grant_rnw
                                                       system_2_i/axi_timer_0/axi_timer_0/AXI4_LITE_I/I_SLAVE_ATTACHMENT/wr_done1
    SLICE_X29Y92.C5      net (fanout=6)        0.461   system_2_i/axi_interconnect_1_M_AWREADY
    SLICE_X29Y92.C       Tilo                  0.124   system_2_i/axi_interconnect_1_M_BVALID
                                                       system_2_i/axi_interconnect_1/axi_interconnect_1/mi_protocol_conv_bank/gen_protocol_slot[0].gen_prot_conv.conv_inst/gen_axilite.gen_axilite_conv.axilite_conv_inst/_n011611_SW1_F
    SLICE_X27Y92.B1      net (fanout=1)        0.816   system_2_i/axi_interconnect_1/N31
    SLICE_X27Y92.B       Tilo                  0.124   system_2_i/axi_interconnect_1/axi_interconnect_1/crossbar_samd/gen_sasd.crossbar_sasd_0/gen_crossbar.gen_decerr.decerr_slave_inst/s_axi_awready_i
                                                       system_2_i/axi_interconnect_1/axi_interconnect_1/mi_protocol_conv_bank/gen_protocol_slot[0].gen_prot_conv.conv_inst/gen_axilite.gen_axilite_conv.axilite_conv_inst/_n011611_SW11
    SLICE_X27Y92.C6      net (fanout=2)        0.160   system_2_i/axi_interconnect_1/N15
    SLICE_X27Y92.CMUX    Tilo                  0.543   system_2_i/axi_interconnect_1/axi_interconnect_1/crossbar_samd/gen_sasd.crossbar_sasd_0/gen_crossbar.gen_decerr.decerr_slave_inst/s_axi_awready_i
                                                       system_2_i/axi_interconnect_1/axi_interconnect_1/crossbar_samd/gen_sasd.crossbar_sasd_0/gen_crossbar.mi_awready_mux_inst/O1_G
                                                       system_2_i/axi_interconnect_1/axi_interconnect_1/crossbar_samd/gen_sasd.crossbar_sasd_0/gen_crossbar.mi_awready_mux_inst/O1
    SLICE_X26Y91.B4      net (fanout=4)        0.610   system_2_i/axi_interconnect_1/axi_interconnect_1/crossbar_samd/gen_sasd.crossbar_sasd_0/mi_awready_mux
    SLICE_X26Y91.B       Tilo                  0.124   system_2_i/axi_interconnect_1/axi_interconnect_1/crossbar_samd/gen_sasd.crossbar_sasd_0/gen_crossbar.addr_arbiter_inst/m_valid_i
                                                       system_2_i/axi_interconnect_1/axi_interconnect_1/crossbar_samd/gen_sasd.crossbar_sasd_0/gen_crossbar.splitter_aw/out1
    SLICE_X26Y91.A4      net (fanout=2)        0.466   system_2_i/axi_interconnect_1/axi_interconnect_1/crossbar_samd/gen_sasd.crossbar_sasd_0/aa_awready
    SLICE_X26Y91.CLK     Tas                   0.047   system_2_i/axi_interconnect_1/axi_interconnect_1/crossbar_samd/gen_sasd.crossbar_sasd_0/gen_crossbar.addr_arbiter_inst/m_valid_i
                                                       system_2_i/axi_interconnect_1/axi_interconnect_1/crossbar_samd/gen_sasd.crossbar_sasd_0/gen_crossbar.addr_arbiter_inst/m_valid_i_glue_set
                                                       system_2_i/axi_interconnect_1/axi_interconnect_1/crossbar_samd/gen_sasd.crossbar_sasd_0/gen_crossbar.addr_arbiter_inst/m_valid_i
    -------------------------------------------------  ---------------------------
    Total                                      4.955ns (1.666ns logic, 3.289ns route)
                                                       (33.6% logic, 66.4% route)

--------------------------------------------------------------------------------
Slack:                  14.986ns (requirement - (data path - clock path skew + uncertainty))
  Source:               system_2_i/axi_timer_0/axi_timer_0/AXI4_LITE_I/I_SLAVE_ATTACHMENT/I_DECODER/ce_out_i_5 (FF)
  Destination:          system_2_i/axi_interconnect_1/axi_interconnect_1/crossbar_samd/gen_sasd.crossbar_sasd_0/gen_crossbar.addr_arbiter_inst/m_valid_i (FF)
  Requirement:          20.000ns
  Data Path Delay:      4.953ns (Levels of Logic = 7)
  Clock Path Skew:      -0.026ns (0.169 - 0.195)
  Source Clock:         system_2_i/processing_system7_0_FCLK_CLK0 rising at 0.000ns
  Destination Clock:    system_2_i/processing_system7_0_FCLK_CLK0 rising at 20.000ns
  Clock Uncertainty:    0.035ns

  Clock Uncertainty:          0.035ns  ((TSJ^2 + TIJ^2)^1/2 + DJ) / 2 + PE
    Total System Jitter (TSJ):  0.070ns
    Total Input Jitter (TIJ):   0.000ns
    Discrete Jitter (DJ):       0.000ns
    Phase Error (PE):           0.000ns

  Maximum Data Path at Slow Process Corner: system_2_i/axi_timer_0/axi_timer_0/AXI4_LITE_I/I_SLAVE_ATTACHMENT/I_DECODER/ce_out_i_5 to system_2_i/axi_interconnect_1/axi_interconnect_1/crossbar_samd/gen_sasd.crossbar_sasd_0/gen_crossbar.addr_arbiter_inst/m_valid_i
    Location             Delay type         Delay(ns)  Physical Resource
                                                       Logical Resource(s)
    -------------------------------------------------  -------------------
    SLICE_X27Y94.CQ      Tcko                  0.456   system_2_i/axi_timer_0/axi_timer_0/AXI4_LITE_I/I_SLAVE_ATTACHMENT/I_DECODER/ce_out_i_6
                                                       system_2_i/axi_timer_0/axi_timer_0/AXI4_LITE_I/I_SLAVE_ATTACHMENT/I_DECODER/ce_out_i_5
    SLICE_X27Y93.C4      net (fanout=36)       0.622   system_2_i/axi_timer_0/axi_timer_0/AXI4_LITE_I/I_SLAVE_ATTACHMENT/I_DECODER/ce_out_i_5
    SLICE_X27Y93.C       Tilo                  0.124   system_2_i/axi_interconnect_1/axi_interconnect_1/crossbar_samd/gen_sasd.crossbar_sasd_0/gen_crossbar.addr_arbiter_inst/grant_rnw
                                                       system_2_i/axi_timer_0/axi_timer_0/AXI4_LITE_I/I_SLAVE_ATTACHMENT/wr_done1_SW0
    SLICE_X27Y93.A6      net (fanout=1)        0.154   system_2_i/axi_timer_0/N89
    SLICE_X27Y93.A       Tilo                  0.124   system_2_i/axi_interconnect_1/axi_interconnect_1/crossbar_samd/gen_sasd.crossbar_sasd_0/gen_crossbar.addr_arbiter_inst/grant_rnw
                                                       system_2_i/axi_timer_0/axi_timer_0/AXI4_LITE_I/I_SLAVE_ATTACHMENT/wr_done1
    SLICE_X29Y92.C5      net (fanout=6)        0.461   system_2_i/axi_interconnect_1_M_AWREADY
    SLICE_X29Y92.C       Tilo                  0.124   system_2_i/axi_interconnect_1_M_BVALID
                                                       system_2_i/axi_interconnect_1/axi_interconnect_1/mi_protocol_conv_bank/gen_protocol_slot[0].gen_prot_conv.conv_inst/gen_axilite.gen_axilite_conv.axilite_conv_inst/_n011611_SW1_F
    SLICE_X27Y92.B1      net (fanout=1)        0.816   system_2_i/axi_interconnect_1/N31
    SLICE_X27Y92.B       Tilo                  0.124   system_2_i/axi_interconnect_1/axi_interconnect_1/crossbar_samd/gen_sasd.crossbar_sasd_0/gen_crossbar.gen_decerr.decerr_slave_inst/s_axi_awready_i
                                                       system_2_i/axi_interconnect_1/axi_interconnect_1/mi_protocol_conv_bank/gen_protocol_slot[0].gen_prot_conv.conv_inst/gen_axilite.gen_axilite_conv.axilite_conv_inst/_n011611_SW11
    SLICE_X27Y92.D6      net (fanout=2)        0.165   system_2_i/axi_interconnect_1/N15
    SLICE_X27Y92.CMUX    Topdc                 0.536   system_2_i/axi_interconnect_1/axi_interconnect_1/crossbar_samd/gen_sasd.crossbar_sasd_0/gen_crossbar.gen_decerr.decerr_slave_inst/s_axi_awready_i
                                                       system_2_i/axi_interconnect_1/axi_interconnect_1/crossbar_samd/gen_sasd.crossbar_sasd_0/gen_crossbar.mi_awready_mux_inst/O1_F
                                                       system_2_i/axi_interconnect_1/axi_interconnect_1/crossbar_samd/gen_sasd.crossbar_sasd_0/gen_crossbar.mi_awready_mux_inst/O1
    SLICE_X26Y91.B4      net (fanout=4)        0.610   system_2_i/axi_interconnect_1/axi_interconnect_1/crossbar_samd/gen_sasd.crossbar_sasd_0/mi_awready_mux
    SLICE_X26Y91.B       Tilo                  0.124   system_2_i/axi_interconnect_1/axi_interconnect_1/crossbar_samd/gen_sasd.crossbar_sasd_0/gen_crossbar.addr_arbiter_inst/m_valid_i
                                                       system_2_i/axi_interconnect_1/axi_interconnect_1/crossbar_samd/gen_sasd.crossbar_sasd_0/gen_crossbar.splitter_aw/out1
    SLICE_X26Y91.A4      net (fanout=2)        0.466   system_2_i/axi_interconnect_1/axi_interconnect_1/crossbar_samd/gen_sasd.crossbar_sasd_0/aa_awready
    SLICE_X26Y91.CLK     Tas                   0.047   system_2_i/axi_interconnect_1/axi_interconnect_1/crossbar_samd/gen_sasd.crossbar_sasd_0/gen_crossbar.addr_arbiter_inst/m_valid_i
                                                       system_2_i/axi_interconnect_1/axi_interconnect_1/crossbar_samd/gen_sasd.crossbar_sasd_0/gen_crossbar.addr_arbiter_inst/m_valid_i_glue_set
                                                       system_2_i/axi_interconnect_1/axi_interconnect_1/crossbar_samd/gen_sasd.crossbar_sasd_0/gen_crossbar.addr_arbiter_inst/m_valid_i
    -------------------------------------------------  ---------------------------
    Total                                      4.953ns (1.659ns logic, 3.294ns route)
                                                       (33.5% logic, 66.5% route)

--------------------------------------------------------------------------------
Slack:                  14.996ns (requirement - (data path - clock path skew + uncertainty))
  Source:               system_2_i/axi_timer_0/axi_timer_0/AXI4_LITE_I/I_SLAVE_ATTACHMENT/I_DECODER/ce_out_i_6 (FF)
  Destination:          system_2_i/axi_interconnect_1/axi_interconnect_1/crossbar_samd/gen_sasd.crossbar_sasd_0/gen_crossbar.addr_arbiter_inst/m_valid_i (FF)
  Requirement:          20.000ns
  Data Path Delay:      4.943ns (Levels of Logic = 6)
  Clock Path Skew:      -0.026ns (0.169 - 0.195)
  Source Clock:         system_2_i/processing_system7_0_FCLK_CLK0 rising at 0.000ns
  Destination Clock:    system_2_i/processing_system7_0_FCLK_CLK0 rising at 20.000ns
  Clock Uncertainty:    0.035ns

  Clock Uncertainty:          0.035ns  ((TSJ^2 + TIJ^2)^1/2 + DJ) / 2 + PE
    Total System Jitter (TSJ):  0.070ns
    Total Input Jitter (TIJ):   0.000ns
    Discrete Jitter (DJ):       0.000ns
    Phase Error (PE):           0.000ns

  Maximum Data Path at Slow Process Corner: system_2_i/axi_timer_0/axi_timer_0/AXI4_LITE_I/I_SLAVE_ATTACHMENT/I_DECODER/ce_out_i_6 to system_2_i/axi_interconnect_1/axi_interconnect_1/crossbar_samd/gen_sasd.crossbar_sasd_0/gen_crossbar.addr_arbiter_inst/m_valid_i
    Location             Delay type         Delay(ns)  Physical Resource
                                                       Logical Resource(s)
    -------------------------------------------------  -------------------
    SLICE_X27Y94.DQ      Tcko                  0.456   system_2_i/axi_timer_0/axi_timer_0/AXI4_LITE_I/I_SLAVE_ATTACHMENT/I_DECODER/ce_out_i_6
                                                       system_2_i/axi_timer_0/axi_timer_0/AXI4_LITE_I/I_SLAVE_ATTACHMENT/I_DECODER/ce_out_i_6
    SLICE_X27Y93.A4      net (fanout=5)        0.888   system_2_i/axi_timer_0/axi_timer_0/AXI4_LITE_I/I_SLAVE_ATTACHMENT/I_DECODER/ce_out_i_6
    SLICE_X27Y93.A       Tilo                  0.124   system_2_i/axi_interconnect_1/axi_interconnect_1/crossbar_samd/gen_sasd.crossbar_sasd_0/gen_crossbar.addr_arbiter_inst/grant_rnw
                                                       system_2_i/axi_timer_0/axi_timer_0/AXI4_LITE_I/I_SLAVE_ATTACHMENT/wr_done1
    SLICE_X29Y92.C5      net (fanout=6)        0.461   system_2_i/axi_interconnect_1_M_AWREADY
    SLICE_X29Y92.C       Tilo                  0.124   system_2_i/axi_interconnect_1_M_BVALID
                                                       system_2_i/axi_interconnect_1/axi_interconnect_1/mi_protocol_conv_bank/gen_protocol_slot[0].gen_prot_conv.conv_inst/gen_axilite.gen_axilite_conv.axilite_conv_inst/_n011611_SW1_F
    SLICE_X27Y92.B1      net (fanout=1)        0.816   system_2_i/axi_interconnect_1/N31
    SLICE_X27Y92.B       Tilo                  0.124   system_2_i/axi_interconnect_1/axi_interconnect_1/crossbar_samd/gen_sasd.crossbar_sasd_0/gen_crossbar.gen_decerr.decerr_slave_inst/s_axi_awready_i
                                                       system_2_i/axi_interconnect_1/axi_interconnect_1/mi_protocol_conv_bank/gen_protocol_slot[0].gen_prot_conv.conv_inst/gen_axilite.gen_axilite_conv.axilite_conv_inst/_n011611_SW11
    SLICE_X27Y92.C6      net (fanout=2)        0.160   system_2_i/axi_interconnect_1/N15
    SLICE_X27Y92.CMUX    Tilo                  0.543   system_2_i/axi_interconnect_1/axi_interconnect_1/crossbar_samd/gen_sasd.crossbar_sasd_0/gen_crossbar.gen_decerr.decerr_slave_inst/s_axi_awready_i
                                                       system_2_i/axi_interconnect_1/axi_interconnect_1/crossbar_samd/gen_sasd.crossbar_sasd_0/gen_crossbar.mi_awready_mux_inst/O1_G
                                                       system_2_i/axi_interconnect_1/axi_interconnect_1/crossbar_samd/gen_sasd.crossbar_sasd_0/gen_crossbar.mi_awready_mux_inst/O1
    SLICE_X26Y91.B4      net (fanout=4)        0.610   system_2_i/axi_interconnect_1/axi_interconnect_1/crossbar_samd/gen_sasd.crossbar_sasd_0/mi_awready_mux
    SLICE_X26Y91.B       Tilo                  0.124   system_2_i/axi_interconnect_1/axi_interconnect_1/crossbar_samd/gen_sasd.crossbar_sasd_0/gen_crossbar.addr_arbiter_inst/m_valid_i
                                                       system_2_i/axi_interconnect_1/axi_interconnect_1/crossbar_samd/gen_sasd.crossbar_sasd_0/gen_crossbar.splitter_aw/out1
    SLICE_X26Y91.A4      net (fanout=2)        0.466   system_2_i/axi_interconnect_1/axi_interconnect_1/crossbar_samd/gen_sasd.crossbar_sasd_0/aa_awready
    SLICE_X26Y91.CLK     Tas                   0.047   system_2_i/axi_interconnect_1/axi_interconnect_1/crossbar_samd/gen_sasd.crossbar_sasd_0/gen_crossbar.addr_arbiter_inst/m_valid_i
                                                       system_2_i/axi_interconnect_1/axi_interconnect_1/crossbar_samd/gen_sasd.crossbar_sasd_0/gen_crossbar.addr_arbiter_inst/m_valid_i_glue_set
                                                       system_2_i/axi_interconnect_1/axi_interconnect_1/crossbar_samd/gen_sasd.crossbar_sasd_0/gen_crossbar.addr_arbiter_inst/m_valid_i
    -------------------------------------------------  ---------------------------
    Total                                      4.943ns (1.542ns logic, 3.401ns route)
                                                       (31.2% logic, 68.8% route)

--------------------------------------------------------------------------------
Slack:                  14.998ns (requirement - (data path - clock path skew + uncertainty))
  Source:               system_2_i/axi_timer_0/axi_timer_0/AXI4_LITE_I/I_SLAVE_ATTACHMENT/I_DECODER/ce_out_i_6 (FF)
  Destination:          system_2_i/axi_interconnect_1/axi_interconnect_1/crossbar_samd/gen_sasd.crossbar_sasd_0/gen_crossbar.addr_arbiter_inst/m_valid_i (FF)
  Requirement:          20.000ns
  Data Path Delay:      4.941ns (Levels of Logic = 6)
  Clock Path Skew:      -0.026ns (0.169 - 0.195)
  Source Clock:         system_2_i/processing_system7_0_FCLK_CLK0 rising at 0.000ns
  Destination Clock:    system_2_i/processing_system7_0_FCLK_CLK0 rising at 20.000ns
  Clock Uncertainty:    0.035ns

  Clock Uncertainty:          0.035ns  ((TSJ^2 + TIJ^2)^1/2 + DJ) / 2 + PE
    Total System Jitter (TSJ):  0.070ns
    Total Input Jitter (TIJ):   0.000ns
    Discrete Jitter (DJ):       0.000ns
    Phase Error (PE):           0.000ns

  Maximum Data Path at Slow Process Corner: system_2_i/axi_timer_0/axi_timer_0/AXI4_LITE_I/I_SLAVE_ATTACHMENT/I_DECODER/ce_out_i_6 to system_2_i/axi_interconnect_1/axi_interconnect_1/crossbar_samd/gen_sasd.crossbar_sasd_0/gen_crossbar.addr_arbiter_inst/m_valid_i
    Location             Delay type         Delay(ns)  Physical Resource
                                                       Logical Resource(s)
    -------------------------------------------------  -------------------
    SLICE_X27Y94.DQ      Tcko                  0.456   system_2_i/axi_timer_0/axi_timer_0/AXI4_LITE_I/I_SLAVE_ATTACHMENT/I_DECODER/ce_out_i_6
                                                       system_2_i/axi_timer_0/axi_timer_0/AXI4_LITE_I/I_SLAVE_ATTACHMENT/I_DECODER/ce_out_i_6
    SLICE_X27Y93.A4      net (fanout=5)        0.888   system_2_i/axi_timer_0/axi_timer_0/AXI4_LITE_I/I_SLAVE_ATTACHMENT/I_DECODER/ce_out_i_6
    SLICE_X27Y93.A       Tilo                  0.124   system_2_i/axi_interconnect_1/axi_interconnect_1/crossbar_samd/gen_sasd.crossbar_sasd_0/gen_crossbar.addr_arbiter_inst/grant_rnw
                                                       system_2_i/axi_timer_0/axi_timer_0/AXI4_LITE_I/I_SLAVE_ATTACHMENT/wr_done1
    SLICE_X29Y92.C5      net (fanout=6)        0.461   system_2_i/axi_interconnect_1_M_AWREADY
    SLICE_X29Y92.C       Tilo                  0.124   system_2_i/axi_interconnect_1_M_BVALID
                                                       system_2_i/axi_interconnect_1/axi_interconnect_1/mi_protocol_conv_bank/gen_protocol_slot[0].gen_prot_conv.conv_inst/gen_axilite.gen_axilite_conv.axilite_conv_inst/_n011611_SW1_F
    SLICE_X27Y92.B1      net (fanout=1)        0.816   system_2_i/axi_interconnect_1/N31
    SLICE_X27Y92.B       Tilo                  0.124   system_2_i/axi_interconnect_1/axi_interconnect_1/crossbar_samd/gen_sasd.crossbar_sasd_0/gen_crossbar.gen_decerr.decerr_slave_inst/s_axi_awready_i
                                                       system_2_i/axi_interconnect_1/axi_interconnect_1/mi_protocol_conv_bank/gen_protocol_slot[0].gen_prot_conv.conv_inst/gen_axilite.gen_axilite_conv.axilite_conv_inst/_n011611_SW11
    SLICE_X27Y92.D6      net (fanout=2)        0.165   system_2_i/axi_interconnect_1/N15
    SLICE_X27Y92.CMUX    Topdc                 0.536   system_2_i/axi_interconnect_1/axi_interconnect_1/crossbar_samd/gen_sasd.crossbar_sasd_0/gen_crossbar.gen_decerr.decerr_slave_inst/s_axi_awready_i
                                                       system_2_i/axi_interconnect_1/axi_interconnect_1/crossbar_samd/gen_sasd.crossbar_sasd_0/gen_crossbar.mi_awready_mux_inst/O1_F
                                                       system_2_i/axi_interconnect_1/axi_interconnect_1/crossbar_samd/gen_sasd.crossbar_sasd_0/gen_crossbar.mi_awready_mux_inst/O1
    SLICE_X26Y91.B4      net (fanout=4)        0.610   system_2_i/axi_interconnect_1/axi_interconnect_1/crossbar_samd/gen_sasd.crossbar_sasd_0/mi_awready_mux
    SLICE_X26Y91.B       Tilo                  0.124   system_2_i/axi_interconnect_1/axi_interconnect_1/crossbar_samd/gen_sasd.crossbar_sasd_0/gen_crossbar.addr_arbiter_inst/m_valid_i
                                                       system_2_i/axi_interconnect_1/axi_interconnect_1/crossbar_samd/gen_sasd.crossbar_sasd_0/gen_crossbar.splitter_aw/out1
    SLICE_X26Y91.A4      net (fanout=2)        0.466   system_2_i/axi_interconnect_1/axi_interconnect_1/crossbar_samd/gen_sasd.crossbar_sasd_0/aa_awready
    SLICE_X26Y91.CLK     Tas                   0.047   system_2_i/axi_interconnect_1/axi_interconnect_1/crossbar_samd/gen_sasd.crossbar_sasd_0/gen_crossbar.addr_arbiter_inst/m_valid_i
                                                       system_2_i/axi_interconnect_1/axi_interconnect_1/crossbar_samd/gen_sasd.crossbar_sasd_0/gen_crossbar.addr_arbiter_inst/m_valid_i_glue_set
                                                       system_2_i/axi_interconnect_1/axi_interconnect_1/crossbar_samd/gen_sasd.crossbar_sasd_0/gen_crossbar.addr_arbiter_inst/m_valid_i
    -------------------------------------------------  ---------------------------
    Total                                      4.941ns (1.535ns logic, 3.406ns route)
                                                       (31.1% logic, 68.9% route)

--------------------------------------------------------------------------------

Component Switching Limit Checks: TS_clk_fpga_0 = PERIOD TIMEGRP "clk_fpga_0" 50 MHz HIGH 50%;
--------------------------------------------------------------------------------
Slack: 19.000ns (period - (min low pulse limit / (low pulse / period)))
  Period: 20.000ns
  Low pulse: 10.000ns
  Low pulse limit: 0.500ns (Tcl)
  Physical resource: system_2_i/axi_timer_0/axi_timer_0/TC_CORE_I/counterReg_DBus[61]/CLK
  Logical resource: system_2_i/axi_timer_0/axi_timer_0/TC_CORE_I/GEN_SECOND_TIMER.COUNTER_1_I/COUNTER_I/STRUCTURAL_A_GEN.I_ADDSUB_GEN[0].FDRE_I/CK
  Location pin: SLICE_X36Y98.CLK
  Clock network: system_2_i/processing_system7_0_FCLK_CLK0
--------------------------------------------------------------------------------
Slack: 19.000ns (period - (min high pulse limit / (high pulse / period)))
  Period: 20.000ns
  High pulse: 10.000ns
  High pulse limit: 0.500ns (Tch)
  Physical resource: system_2_i/axi_timer_0/axi_timer_0/TC_CORE_I/counterReg_DBus[61]/CLK
  Logical resource: system_2_i/axi_timer_0/axi_timer_0/TC_CORE_I/GEN_SECOND_TIMER.COUNTER_1_I/COUNTER_I/STRUCTURAL_A_GEN.I_ADDSUB_GEN[0].FDRE_I/CK
  Location pin: SLICE_X36Y98.CLK
  Clock network: system_2_i/processing_system7_0_FCLK_CLK0
--------------------------------------------------------------------------------
Slack: 19.000ns (period - min period limit)
  Period: 20.000ns
  Min period limit: 1.000ns (1000.000MHz) (Tcp)
  Physical resource: system_2_i/axi_timer_0/axi_timer_0/TC_CORE_I/counterReg_DBus[61]/CLK
  Logical resource: system_2_i/axi_timer_0/axi_timer_0/TC_CORE_I/GEN_SECOND_TIMER.COUNTER_1_I/COUNTER_I/STRUCTURAL_A_GEN.I_ADDSUB_GEN[0].FDRE_I/CK
  Location pin: SLICE_X36Y98.CLK
  Clock network: system_2_i/processing_system7_0_FCLK_CLK0
--------------------------------------------------------------------------------
Slack: 19.000ns (period - (min low pulse limit / (low pulse / period)))
  Period: 20.000ns
  Low pulse: 10.000ns
  Low pulse limit: 0.500ns (Tcl)
  Physical resource: system_2_i/axi_timer_0/axi_timer_0/TC_CORE_I/counterReg_DBus[61]/CLK
  Logical resource: system_2_i/axi_timer_0/axi_timer_0/TC_CORE_I/GEN_SECOND_TIMER.COUNTER_1_I/COUNTER_I/STRUCTURAL_A_GEN.I_ADDSUB_GEN[1].FDRE_I/CK
  Location pin: SLICE_X36Y98.CLK
  Clock network: system_2_i/processing_system7_0_FCLK_CLK0
--------------------------------------------------------------------------------
Slack: 19.000ns (period - (min high pulse limit / (high pulse / period)))
  Period: 20.000ns
  High pulse: 10.000ns
  High pulse limit: 0.500ns (Tch)
  Physical resource: system_2_i/axi_timer_0/axi_timer_0/TC_CORE_I/counterReg_DBus[61]/CLK
  Logical resource: system_2_i/axi_timer_0/axi_timer_0/TC_CORE_I/GEN_SECOND_TIMER.COUNTER_1_I/COUNTER_I/STRUCTURAL_A_GEN.I_ADDSUB_GEN[1].FDRE_I/CK
  Location pin: SLICE_X36Y98.CLK
  Clock network: system_2_i/processing_system7_0_FCLK_CLK0
--------------------------------------------------------------------------------
Slack: 19.000ns (period - min period limit)
  Period: 20.000ns
  Min period limit: 1.000ns (1000.000MHz) (Tcp)
  Physical resource: system_2_i/axi_timer_0/axi_timer_0/TC_CORE_I/counterReg_DBus[61]/CLK
  Logical resource: system_2_i/axi_timer_0/axi_timer_0/TC_CORE_I/GEN_SECOND_TIMER.COUNTER_1_I/COUNTER_I/STRUCTURAL_A_GEN.I_ADDSUB_GEN[1].FDRE_I/CK
  Location pin: SLICE_X36Y98.CLK
  Clock network: system_2_i/processing_system7_0_FCLK_CLK0
--------------------------------------------------------------------------------
Slack: 19.000ns (period - (min low pulse limit / (low pulse / period)))
  Period: 20.000ns
  Low pulse: 10.000ns
  Low pulse limit: 0.500ns (Tcl)
  Physical resource: system_2_i/axi_timer_0/axi_timer_0/TC_CORE_I/counterReg_DBus[61]/CLK
  Logical resource: system_2_i/axi_timer_0/axi_timer_0/TC_CORE_I/GEN_SECOND_TIMER.COUNTER_1_I/COUNTER_I/STRUCTURAL_A_GEN.I_ADDSUB_GEN[2].FDRE_I/CK
  Location pin: SLICE_X36Y98.CLK
  Clock network: system_2_i/processing_system7_0_FCLK_CLK0
--------------------------------------------------------------------------------
Slack: 19.000ns (period - (min high pulse limit / (high pulse / period)))
  Period: 20.000ns
  High pulse: 10.000ns
  High pulse limit: 0.500ns (Tch)
  Physical resource: system_2_i/axi_timer_0/axi_timer_0/TC_CORE_I/counterReg_DBus[61]/CLK
  Logical resource: system_2_i/axi_timer_0/axi_timer_0/TC_CORE_I/GEN_SECOND_TIMER.COUNTER_1_I/COUNTER_I/STRUCTURAL_A_GEN.I_ADDSUB_GEN[2].FDRE_I/CK
  Location pin: SLICE_X36Y98.CLK
  Clock network: system_2_i/processing_system7_0_FCLK_CLK0
--------------------------------------------------------------------------------
Slack: 19.000ns (period - min period limit)
  Period: 20.000ns
  Min period limit: 1.000ns (1000.000MHz) (Tcp)
  Physical resource: system_2_i/axi_timer_0/axi_timer_0/TC_CORE_I/counterReg_DBus[61]/CLK
  Logical resource: system_2_i/axi_timer_0/axi_timer_0/TC_CORE_I/GEN_SECOND_TIMER.COUNTER_1_I/COUNTER_I/STRUCTURAL_A_GEN.I_ADDSUB_GEN[2].FDRE_I/CK
  Location pin: SLICE_X36Y98.CLK
  Clock network: system_2_i/processing_system7_0_FCLK_CLK0
--------------------------------------------------------------------------------
Slack: 19.000ns (period - (min low pulse limit / (low pulse / period)))
  Period: 20.000ns
  Low pulse: 10.000ns
  Low pulse limit: 0.500ns (Tcl)
  Physical resource: system_2_i/axi_timer_0/axi_timer_0/TC_CORE_I/counterReg_DBus[57]/CLK
  Logical resource: system_2_i/axi_timer_0/axi_timer_0/TC_CORE_I/GEN_SECOND_TIMER.COUNTER_1_I/COUNTER_I/STRUCTURAL_A_GEN.I_ADDSUB_GEN[3].FDRE_I/CK
  Location pin: SLICE_X36Y99.CLK
  Clock network: system_2_i/processing_system7_0_FCLK_CLK0
--------------------------------------------------------------------------------
Slack: 19.000ns (period - (min high pulse limit / (high pulse / period)))
  Period: 20.000ns
  High pulse: 10.000ns
  High pulse limit: 0.500ns (Tch)
  Physical resource: system_2_i/axi_timer_0/axi_timer_0/TC_CORE_I/counterReg_DBus[57]/CLK
  Logical resource: system_2_i/axi_timer_0/axi_timer_0/TC_CORE_I/GEN_SECOND_TIMER.COUNTER_1_I/COUNTER_I/STRUCTURAL_A_GEN.I_ADDSUB_GEN[3].FDRE_I/CK
  Location pin: SLICE_X36Y99.CLK
  Clock network: system_2_i/processing_system7_0_FCLK_CLK0
--------------------------------------------------------------------------------
Slack: 19.000ns (period - min period limit)
  Period: 20.000ns
  Min period limit: 1.000ns (1000.000MHz) (Tcp)
  Physical resource: system_2_i/axi_timer_0/axi_timer_0/TC_CORE_I/counterReg_DBus[57]/CLK
  Logical resource: system_2_i/axi_timer_0/axi_timer_0/TC_CORE_I/GEN_SECOND_TIMER.COUNTER_1_I/COUNTER_I/STRUCTURAL_A_GEN.I_ADDSUB_GEN[3].FDRE_I/CK
  Location pin: SLICE_X36Y99.CLK
  Clock network: system_2_i/processing_system7_0_FCLK_CLK0
--------------------------------------------------------------------------------
Slack: 19.000ns (period - (min low pulse limit / (low pulse / period)))
  Period: 20.000ns
  Low pulse: 10.000ns
  Low pulse limit: 0.500ns (Tcl)
  Physical resource: system_2_i/axi_timer_0/axi_timer_0/TC_CORE_I/counterReg_DBus[57]/CLK
  Logical resource: system_2_i/axi_timer_0/axi_timer_0/TC_CORE_I/GEN_SECOND_TIMER.COUNTER_1_I/COUNTER_I/STRUCTURAL_A_GEN.I_ADDSUB_GEN[4].FDRE_I/CK
  Location pin: SLICE_X36Y99.CLK
  Clock network: system_2_i/processing_system7_0_FCLK_CLK0
--------------------------------------------------------------------------------
Slack: 19.000ns (period - (min high pulse limit / (high pulse / period)))
  Period: 20.000ns
  High pulse: 10.000ns
  High pulse limit: 0.500ns (Tch)
  Physical resource: system_2_i/axi_timer_0/axi_timer_0/TC_CORE_I/counterReg_DBus[57]/CLK
  Logical resource: system_2_i/axi_timer_0/axi_timer_0/TC_CORE_I/GEN_SECOND_TIMER.COUNTER_1_I/COUNTER_I/STRUCTURAL_A_GEN.I_ADDSUB_GEN[4].FDRE_I/CK
  Location pin: SLICE_X36Y99.CLK
  Clock network: system_2_i/processing_system7_0_FCLK_CLK0
--------------------------------------------------------------------------------
Slack: 19.000ns (period - min period limit)
  Period: 20.000ns
  Min period limit: 1.000ns (1000.000MHz) (Tcp)
  Physical resource: system_2_i/axi_timer_0/axi_timer_0/TC_CORE_I/counterReg_DBus[57]/CLK
  Logical resource: system_2_i/axi_timer_0/axi_timer_0/TC_CORE_I/GEN_SECOND_TIMER.COUNTER_1_I/COUNTER_I/STRUCTURAL_A_GEN.I_ADDSUB_GEN[4].FDRE_I/CK
  Location pin: SLICE_X36Y99.CLK
  Clock network: system_2_i/processing_system7_0_FCLK_CLK0
--------------------------------------------------------------------------------
Slack: 19.000ns (period - (min low pulse limit / (low pulse / period)))
  Period: 20.000ns
  Low pulse: 10.000ns
  Low pulse limit: 0.500ns (Tcl)
  Physical resource: system_2_i/axi_timer_0/axi_timer_0/TC_CORE_I/counterReg_DBus[57]/CLK
  Logical resource: system_2_i/axi_timer_0/axi_timer_0/TC_CORE_I/GEN_SECOND_TIMER.COUNTER_1_I/COUNTER_I/STRUCTURAL_A_GEN.I_ADDSUB_GEN[5].FDRE_I/CK
  Location pin: SLICE_X36Y99.CLK
  Clock network: system_2_i/processing_system7_0_FCLK_CLK0
--------------------------------------------------------------------------------
Slack: 19.000ns (period - (min high pulse limit / (high pulse / period)))
  Period: 20.000ns
  High pulse: 10.000ns
  High pulse limit: 0.500ns (Tch)
  Physical resource: system_2_i/axi_timer_0/axi_timer_0/TC_CORE_I/counterReg_DBus[57]/CLK
  Logical resource: system_2_i/axi_timer_0/axi_timer_0/TC_CORE_I/GEN_SECOND_TIMER.COUNTER_1_I/COUNTER_I/STRUCTURAL_A_GEN.I_ADDSUB_GEN[5].FDRE_I/CK
  Location pin: SLICE_X36Y99.CLK
  Clock network: system_2_i/processing_system7_0_FCLK_CLK0
--------------------------------------------------------------------------------
Slack: 19.000ns (period - min period limit)
  Period: 20.000ns
  Min period limit: 1.000ns (1000.000MHz) (Tcp)
  Physical resource: system_2_i/axi_timer_0/axi_timer_0/TC_CORE_I/counterReg_DBus[57]/CLK
  Logical resource: system_2_i/axi_timer_0/axi_timer_0/TC_CORE_I/GEN_SECOND_TIMER.COUNTER_1_I/COUNTER_I/STRUCTURAL_A_GEN.I_ADDSUB_GEN[5].FDRE_I/CK
  Location pin: SLICE_X36Y99.CLK
  Clock network: system_2_i/processing_system7_0_FCLK_CLK0
--------------------------------------------------------------------------------
Slack: 19.000ns (period - (min low pulse limit / (low pulse / period)))
  Period: 20.000ns
  Low pulse: 10.000ns
  Low pulse limit: 0.500ns (Tcl)
  Physical resource: system_2_i/axi_timer_0/axi_timer_0/TC_CORE_I/counterReg_DBus[57]/CLK
  Logical resource: system_2_i/axi_timer_0/axi_timer_0/TC_CORE_I/GEN_SECOND_TIMER.COUNTER_1_I/COUNTER_I/STRUCTURAL_A_GEN.I_ADDSUB_GEN[6].FDRE_I/CK
  Location pin: SLICE_X36Y99.CLK
  Clock network: system_2_i/processing_system7_0_FCLK_CLK0
--------------------------------------------------------------------------------
Slack: 19.000ns (period - (min high pulse limit / (high pulse / period)))
  Period: 20.000ns
  High pulse: 10.000ns
  High pulse limit: 0.500ns (Tch)
  Physical resource: system_2_i/axi_timer_0/axi_timer_0/TC_CORE_I/counterReg_DBus[57]/CLK
  Logical resource: system_2_i/axi_timer_0/axi_timer_0/TC_CORE_I/GEN_SECOND_TIMER.COUNTER_1_I/COUNTER_I/STRUCTURAL_A_GEN.I_ADDSUB_GEN[6].FDRE_I/CK
  Location pin: SLICE_X36Y99.CLK
  Clock network: system_2_i/processing_system7_0_FCLK_CLK0
--------------------------------------------------------------------------------
Slack: 19.000ns (period - min period limit)
  Period: 20.000ns
  Min period limit: 1.000ns (1000.000MHz) (Tcp)
  Physical resource: system_2_i/axi_timer_0/axi_timer_0/TC_CORE_I/counterReg_DBus[57]/CLK
  Logical resource: system_2_i/axi_timer_0/axi_timer_0/TC_CORE_I/GEN_SECOND_TIMER.COUNTER_1_I/COUNTER_I/STRUCTURAL_A_GEN.I_ADDSUB_GEN[6].FDRE_I/CK
  Location pin: SLICE_X36Y99.CLK
  Clock network: system_2_i/processing_system7_0_FCLK_CLK0
--------------------------------------------------------------------------------
Slack: 19.000ns (period - (min low pulse limit / (low pulse / period)))
  Period: 20.000ns
  Low pulse: 10.000ns
  Low pulse limit: 0.500ns (Tcl)
  Physical resource: system_2_i/axi_timer_0/axi_timer_0/TC_CORE_I/counterReg_DBus[53]/CLK
  Logical resource: system_2_i/axi_timer_0/axi_timer_0/TC_CORE_I/GEN_SECOND_TIMER.COUNTER_1_I/COUNTER_I/STRUCTURAL_A_GEN.I_ADDSUB_GEN[7].FDRE_I/CK
  Location pin: SLICE_X36Y100.CLK
  Clock network: system_2_i/processing_system7_0_FCLK_CLK0
--------------------------------------------------------------------------------
Slack: 19.000ns (period - (min high pulse limit / (high pulse / period)))
  Period: 20.000ns
  High pulse: 10.000ns
  High pulse limit: 0.500ns (Tch)
  Physical resource: system_2_i/axi_timer_0/axi_timer_0/TC_CORE_I/counterReg_DBus[53]/CLK
  Logical resource: system_2_i/axi_timer_0/axi_timer_0/TC_CORE_I/GEN_SECOND_TIMER.COUNTER_1_I/COUNTER_I/STRUCTURAL_A_GEN.I_ADDSUB_GEN[7].FDRE_I/CK
  Location pin: SLICE_X36Y100.CLK
  Clock network: system_2_i/processing_system7_0_FCLK_CLK0
--------------------------------------------------------------------------------
Slack: 19.000ns (period - min period limit)
  Period: 20.000ns
  Min period limit: 1.000ns (1000.000MHz) (Tcp)
  Physical resource: system_2_i/axi_timer_0/axi_timer_0/TC_CORE_I/counterReg_DBus[53]/CLK
  Logical resource: system_2_i/axi_timer_0/axi_timer_0/TC_CORE_I/GEN_SECOND_TIMER.COUNTER_1_I/COUNTER_I/STRUCTURAL_A_GEN.I_ADDSUB_GEN[7].FDRE_I/CK
  Location pin: SLICE_X36Y100.CLK
  Clock network: system_2_i/processing_system7_0_FCLK_CLK0
--------------------------------------------------------------------------------
Slack: 19.000ns (period - (min low pulse limit / (low pulse / period)))
  Period: 20.000ns
  Low pulse: 10.000ns
  Low pulse limit: 0.500ns (Tcl)
  Physical resource: system_2_i/axi_timer_0/axi_timer_0/TC_CORE_I/counterReg_DBus[53]/CLK
  Logical resource: system_2_i/axi_timer_0/axi_timer_0/TC_CORE_I/GEN_SECOND_TIMER.COUNTER_1_I/COUNTER_I/STRUCTURAL_A_GEN.I_ADDSUB_GEN[8].FDRE_I/CK
  Location pin: SLICE_X36Y100.CLK
  Clock network: system_2_i/processing_system7_0_FCLK_CLK0
--------------------------------------------------------------------------------
Slack: 19.000ns (period - (min high pulse limit / (high pulse / period)))
  Period: 20.000ns
  High pulse: 10.000ns
  High pulse limit: 0.500ns (Tch)
  Physical resource: system_2_i/axi_timer_0/axi_timer_0/TC_CORE_I/counterReg_DBus[53]/CLK
  Logical resource: system_2_i/axi_timer_0/axi_timer_0/TC_CORE_I/GEN_SECOND_TIMER.COUNTER_1_I/COUNTER_I/STRUCTURAL_A_GEN.I_ADDSUB_GEN[8].FDRE_I/CK
  Location pin: SLICE_X36Y100.CLK
  Clock network: system_2_i/processing_system7_0_FCLK_CLK0
--------------------------------------------------------------------------------
Slack: 19.000ns (period - min period limit)
  Period: 20.000ns
  Min period limit: 1.000ns (1000.000MHz) (Tcp)
  Physical resource: system_2_i/axi_timer_0/axi_timer_0/TC_CORE_I/counterReg_DBus[53]/CLK
  Logical resource: system_2_i/axi_timer_0/axi_timer_0/TC_CORE_I/GEN_SECOND_TIMER.COUNTER_1_I/COUNTER_I/STRUCTURAL_A_GEN.I_ADDSUB_GEN[8].FDRE_I/CK
  Location pin: SLICE_X36Y100.CLK
  Clock network: system_2_i/processing_system7_0_FCLK_CLK0
--------------------------------------------------------------------------------
Slack: 19.000ns (period - (min low pulse limit / (low pulse / period)))
  Period: 20.000ns
  Low pulse: 10.000ns
  Low pulse limit: 0.500ns (Tcl)
  Physical resource: system_2_i/axi_timer_0/axi_timer_0/TC_CORE_I/counterReg_DBus[53]/CLK
  Logical resource: system_2_i/axi_timer_0/axi_timer_0/TC_CORE_I/GEN_SECOND_TIMER.COUNTER_1_I/COUNTER_I/STRUCTURAL_A_GEN.I_ADDSUB_GEN[9].FDRE_I/CK
  Location pin: SLICE_X36Y100.CLK
  Clock network: system_2_i/processing_system7_0_FCLK_CLK0
--------------------------------------------------------------------------------
Slack: 19.000ns (period - (min high pulse limit / (high pulse / period)))
  Period: 20.000ns
  High pulse: 10.000ns
  High pulse limit: 0.500ns (Tch)
  Physical resource: system_2_i/axi_timer_0/axi_timer_0/TC_CORE_I/counterReg_DBus[53]/CLK
  Logical resource: system_2_i/axi_timer_0/axi_timer_0/TC_CORE_I/GEN_SECOND_TIMER.COUNTER_1_I/COUNTER_I/STRUCTURAL_A_GEN.I_ADDSUB_GEN[9].FDRE_I/CK
  Location pin: SLICE_X36Y100.CLK
  Clock network: system_2_i/processing_system7_0_FCLK_CLK0
--------------------------------------------------------------------------------
Slack: 19.000ns (period - min period limit)
  Period: 20.000ns
  Min period limit: 1.000ns (1000.000MHz) (Tcp)
  Physical resource: system_2_i/axi_timer_0/axi_timer_0/TC_CORE_I/counterReg_DBus[53]/CLK
  Logical resource: system_2_i/axi_timer_0/axi_timer_0/TC_CORE_I/GEN_SECOND_TIMER.COUNTER_1_I/COUNTER_I/STRUCTURAL_A_GEN.I_ADDSUB_GEN[9].FDRE_I/CK
  Location pin: SLICE_X36Y100.CLK
  Clock network: system_2_i/processing_system7_0_FCLK_CLK0
--------------------------------------------------------------------------------

================================================================================
Timing constraint: PATH "TS_axi_interconnect_1_reset_resync_path" TIG;

 2 paths analyzed, 2 endpoints analyzed, 0 failing endpoints
 0 timing errors detected. (0 setup errors, 0 hold errors)
--------------------------------------------------------------------------------
Delay:                  1.241ns (data path - clock path skew + uncertainty)
  Source:               system_2_i/axi_interconnect_1/axi_interconnect_1/si_converter_bank/gen_conv_slot[0].clock_conv_inst/interconnect_aresetn_resync_1 (FF)
  Destination:          system_2_i/axi_interconnect_1/axi_interconnect_1/si_converter_bank/gen_conv_slot[0].clock_conv_inst/interconnect_aresetn_resync_2 (FF)
  Data Path Delay:      1.206ns (Levels of Logic = 0)
  Clock Path Skew:      0.000ns
  Source Clock:         system_2_i/processing_system7_0_FCLK_CLK0 rising at 0.000ns
  Destination Clock:    system_2_i/processing_system7_0_FCLK_CLK0 rising at 20.000ns
  Clock Uncertainty:    0.035ns

  Clock Uncertainty:          0.035ns  ((TSJ^2 + TIJ^2)^1/2 + DJ) / 2 + PE
    Total System Jitter (TSJ):  0.070ns
    Total Input Jitter (TIJ):   0.000ns
    Discrete Jitter (DJ):       0.000ns
    Phase Error (PE):           0.000ns

  Maximum Data Path at Slow Process Corner: system_2_i/axi_interconnect_1/axi_interconnect_1/si_converter_bank/gen_conv_slot[0].clock_conv_inst/interconnect_aresetn_resync_1 to system_2_i/axi_interconnect_1/axi_interconnect_1/si_converter_bank/gen_conv_slot[0].clock_conv_inst/interconnect_aresetn_resync_2
    Location             Delay type         Delay(ns)  Physical Resource
                                                       Logical Resource(s)
    -------------------------------------------------  -------------------
    SLICE_X51Y90.BMUX    Tshcko                0.591   system_2_i/axi_interconnect_1/axi_interconnect_1/si_converter_bank/gen_conv_slot[0].clock_conv_inst/interconnect_aresetn_resync[2]
                                                       system_2_i/axi_interconnect_1/axi_interconnect_1/si_converter_bank/gen_conv_slot[0].clock_conv_inst/interconnect_aresetn_resync_1
    SLICE_X51Y90.CX      net (fanout=1)        0.572   system_2_i/axi_interconnect_1/axi_interconnect_1/si_converter_bank/gen_conv_slot[0].clock_conv_inst/interconnect_aresetn_resync[1]
    SLICE_X51Y90.CLK     Tdick                 0.043   system_2_i/axi_interconnect_1/axi_interconnect_1/si_converter_bank/gen_conv_slot[0].clock_conv_inst/interconnect_aresetn_resync[2]
                                                       system_2_i/axi_interconnect_1/axi_interconnect_1/si_converter_bank/gen_conv_slot[0].clock_conv_inst/interconnect_aresetn_resync_2
    -------------------------------------------------  ---------------------------
    Total                                      1.206ns (0.634ns logic, 0.572ns route)
                                                       (52.6% logic, 47.4% route)

--------------------------------------------------------------------------------
Delay:                  1.073ns (data path - clock path skew + uncertainty)
  Source:               system_2_i/axi_interconnect_1/axi_interconnect_1/si_converter_bank/gen_conv_slot[0].clock_conv_inst/interconnect_aresetn_resync_0 (FF)
  Destination:          system_2_i/axi_interconnect_1/axi_interconnect_1/si_converter_bank/gen_conv_slot[0].clock_conv_inst/interconnect_aresetn_resync_1 (FF)
  Data Path Delay:      1.038ns (Levels of Logic = 0)
  Clock Path Skew:      0.000ns
  Source Clock:         system_2_i/processing_system7_0_FCLK_CLK0 rising at 0.000ns
  Destination Clock:    system_2_i/processing_system7_0_FCLK_CLK0 rising at 20.000ns
  Clock Uncertainty:    0.035ns

  Clock Uncertainty:          0.035ns  ((TSJ^2 + TIJ^2)^1/2 + DJ) / 2 + PE
    Total System Jitter (TSJ):  0.070ns
    Total Input Jitter (TIJ):   0.000ns
    Discrete Jitter (DJ):       0.000ns
    Phase Error (PE):           0.000ns

  Maximum Data Path at Slow Process Corner: system_2_i/axi_interconnect_1/axi_interconnect_1/si_converter_bank/gen_conv_slot[0].clock_conv_inst/interconnect_aresetn_resync_0 to system_2_i/axi_interconnect_1/axi_interconnect_1/si_converter_bank/gen_conv_slot[0].clock_conv_inst/interconnect_aresetn_resync_1
    Location             Delay type         Delay(ns)  Physical Resource
                                                       Logical Resource(s)
    -------------------------------------------------  -------------------
    SLICE_X51Y90.AMUX    Tshcko                0.594   system_2_i/axi_interconnect_1/axi_interconnect_1/si_converter_bank/gen_conv_slot[0].clock_conv_inst/interconnect_aresetn_resync[2]
                                                       system_2_i/axi_interconnect_1/axi_interconnect_1/si_converter_bank/gen_conv_slot[0].clock_conv_inst/interconnect_aresetn_resync_0
    SLICE_X51Y90.BX      net (fanout=1)        0.382   system_2_i/axi_interconnect_1/axi_interconnect_1/si_converter_bank/gen_conv_slot[0].clock_conv_inst/interconnect_aresetn_resync[0]
    SLICE_X51Y90.CLK     Tdick                 0.062   system_2_i/axi_interconnect_1/axi_interconnect_1/si_converter_bank/gen_conv_slot[0].clock_conv_inst/interconnect_aresetn_resync[2]
                                                       system_2_i/axi_interconnect_1/axi_interconnect_1/si_converter_bank/gen_conv_slot[0].clock_conv_inst/interconnect_aresetn_resync_1
    -------------------------------------------------  ---------------------------
    Total                                      1.038ns (0.656ns logic, 0.382ns route)
                                                       (63.2% logic, 36.8% route)

--------------------------------------------------------------------------------


All constraints were met.


Data Sheet report:
-----------------
No constraints were found to generate data for the Data Sheet Report section.
Use the Advanced Analysis (-a) option or generate global constraints for each
clock, its pad to setup and clock to pad paths, and a pad to pad constraint.

Timing summary:
---------------

Timing errors: 0  Score: 0  (Setup/Max: 0, Hold: 0)

Constraints cover 22299 paths, 0 nets, and 2429 connections

Design statistics:
   Minimum period:   5.474ns{1}   (Maximum frequency: 182.682MHz)


------------------------------------Footnotes-----------------------------------
1)  The minimum period statistic assumes all single cycle delays.

Analysis completed Thu Mar 12 16:14:39 2026 
--------------------------------------------------------------------------------

Trace Settings:
-------------------------
Trace Settings 

Peak Memory Usage: 778 MB



